product_SKU,category_ID,status
CUR26-APL-IP18P-256-BOR,36,1
CUR26-APL-IP18P-256-BOR,38,1
CUR26-APL-IP18P-256-BOR,44,1
CUR26-APL-IP18P-256-BOR,96,1
CUR26-APL-IP18P-256-BOR,97,1
CUR26-APL-IP17-256-AZN,36,1
CUR26-APL-IP17-256-AZN,38,1
CUR26-APL-IP17-256-AZN,44,1
CUR26-APL-IP17-256-AZN,96,1
CUR26-APL-IP17-256-AZN,98,1
CUR26-APL-MBA13-M5-512,36,1
CUR26-APL-MBA13-M5-512,37,1
CUR26-APL-MBA13-M5-512,41,1
CUR26-APL-MBA13-M5-512,96,1
CUR26-APL-MBA13-M5-512,99,1
CUR26-SAM-S26-256-NGR,36,1
CUR26-SAM-S26-256-NGR,38,1
CUR26-SAM-S26-256-NGR,44,1
CUR26-SAM-S26-256-NGR,96,1
CUR26-SAM-S26-256-NGR,100,1
CUR26-PS5-SLIM-ABGT7,77,1
CUR26-PS5-SLIM-ABGT7,80,1
CUR26-PS5-SLIM-ABGT7,81,1
CUR26-PS5-SLIM-ABGT7,96,1
CUR26-PS5-SLIM-ABGT7,97,1
CUR26-XBX-SX1TB-CARB,77,1
CUR26-XBX-SX1TB-CARB,80,1
CUR26-XBX-SX1TB-CARB,81,1
CUR26-XBX-SX1TB-CARB,96,1
CUR26-XBX-SX1TB-CARB,98,1
CUR26-NIK-MET10-H-NGR,19,1
CUR26-NIK-MET10-H-NGR,20,1
CUR26-NIK-MET10-H-NGR,23,1
CUR26-NIK-MET10-H-NGR,96,1
CUR26-NIK-MET10-H-NGR,99,1
CUR26-NIK-AM90-M-BLA,19,1
CUR26-NIK-AM90-M-BLA,20,1
CUR26-NIK-AM90-M-BLA,23,1
CUR26-NIK-AM90-M-BLA,96,1
CUR26-NIK-AM90-M-BLA,100,1
CUR26-PAN-REL2-IMP,19,1
CUR26-PAN-REL2-IMP,20,1
CUR26-PAN-REL2-IMP,23,1
CUR26-STR-BOC9030,36,1
CUR26-STR-BOC9030,39,1
CUR26-STR-BOC9030,47,1
CUR26-STR-AUD2540NE,36,1
CUR26-STR-AUD2540NE,39,1
CUR26-STR-AUD2540NE,46,1
CUR26-MAB-RMA250PVMRM1,49,1
CUR26-MAB-RMA250PVMRM1,51,1
CUR26-IKEA-MITTLED18,49,1
CUR26-IKEA-MITTLED18,53,1
CUR26-IKEA-MITTLED18,58,1
CUR26-LEGO-SW-DEATHSTAR,77,1
CUR26-LEGO-SW-DEATHSTAR,79,1
CUR26-LEGO-TECH-MCLP1,77,1
CUR26-LEGO-TECH-MCLP1,79,1
CUR26-BIS-LIPOIL,60,1
CUR26-BIS-LIPOIL,61,1
CUR26-BIS-LIPOIL,65,1
CUR26-NUP-ADULTO-2KG,93,1
CUR26-NUP-ADULTO-2KG,94,1
HIS26-APL-IP15P-128-TN,36,1
HIS26-APL-IP15P-128-TN,38,1
HIS26-APL-IP15P-128-TN,44,1
HIS26-SON-PS4PRO-1TB,77,1
HIS26-SON-PS4PRO-1TB,80,1
HIS26-SON-PS4PRO-1TB,81,1
HIS26-MSO-XBOXONEX-1TB,77,1
HIS26-MSO-XBOXONEX-1TB,80,1
HIS26-MSO-XBOXONEX-1TB,81,1
N26-009-00001-HMXX,1,1
N26-009-00001-HMXX,4,1
N26-009-00001-HMXX,9,1
N26-025-00002-ALDO,19,1
N26-025-00002-ALDO,21,1
N26-025-00002-ALDO,25,1
N26-078-00003-MIAL,77,1
N26-078-00003-MIAL,78,1
N26-090-00004-MIKE,89,1
N26-090-00004-MIKE,90,1
N26-018-00005-UNDE,1,1
N26-018-00005-UNDE,4,1
N26-018-00005-UNDE,18,1
N26-064-00006-PAIP,60,1
N26-064-00006-PAIP,64,1
N26-015-00007-ZARA,1,1
N26-015-00007-ZARA,3,1
N26-015-00007-ZARA,15,1
N26-041-00008-LANI,36,1
N26-041-00008-LANI,37,1
N26-041-00008-LANI,41,1
N26-029-00009-HERS,28,1
N26-029-00009-HERS,29,1
N26-029-00009-HERS,96,1
N26-029-00009-HERS,100,1
N26-043-00010-VORA,36,1
N26-043-00010-VORA,37,1
N26-043-00010-VORA,43,1
N26-033-00011-ADID,28,1
N26-033-00011-ADID,33,1
N26-066-00012-BISS,60,1
N26-066-00012-BISS,61,1
N26-066-00012-BISS,66,1
N26-010-00013-HMXX,1,1
N26-010-00013-HMXX,4,1
N26-010-00013-HMXX,10,1
N26-015-00014-CAXX,1,1
N26-015-00014-CAXX,3,1
N26-015-00014-CAXX,15,1
N26-024-00015-FLEX,19,1
N26-024-00015-FLEX,20,1
N26-024-00015-FLEX,24,1
N26-009-00016-GERB,1,1
N26-009-00016-GERB,4,1
N26-009-00016-GERB,9,1
N26-009-00016-GERB,96,1
N26-009-00016-GERB,98,1
N26-010-00017-HMXX,1,1
N26-010-00017-HMXX,4,1
N26-010-00017-HMXX,10,1
N26-014-00018-WRAN,1,1
N26-014-00018-WRAN,2,1
N26-014-00018-WRAN,14,1
N26-007-00019-CUID,1,1
N26-007-00019-CUID,3,1
N26-007-00019-CUID,7,1
N26-030-00020-PAND,28,1
N26-030-00020-PAND,30,1
N26-030-00020-PAND,96,1
N26-030-00020-PAND,98,1
N26-066-00021-BISS,60,1
N26-066-00021-BISS,61,1
N26-066-00021-BISS,66,1
N26-034-00022-TOMM,28,1
N26-034-00022-TOMM,34,1
N26-091-00023-MIKE,89,1
N26-091-00023-MIKE,91,1
N26-079-00024-DIST,77,1
N26-079-00024-DIST,79,1
N26-079-00024-DIST,96,1
N26-079-00024-DIST,100,1
N26-094-00025-GANA,93,1
N26-094-00025-GANA,94,1
N26-050-00026-PYRE,49,1
N26-050-00026-PYRE,50,1
N26-029-00027-ADID,28,1
N26-029-00027-ADID,29,1
N26-023-00028-NIKE,19,1
N26-023-00028-NIKE,20,1
N26-023-00028-NIKE,23,1
N26-023-00028-NIKE,96,1
N26-023-00028-NIKE,98,1
N26-082-00029-XBOX,77,1
N26-082-00029-XBOX,80,1
N26-082-00029-XBOX,82,1
N26-007-00030-CUID,1,1
N26-007-00030-CUID,3,1
N26-007-00030-CUID,7,1
N26-030-00031-SWAR,28,1
N26-030-00031-SWAR,30,1
N26-095-00032-NUPE,93,1
N26-095-00032-NUPE,95,1
N26-030-00033-SWAR,28,1
N26-030-00033-SWAR,30,1
N26-030-00033-SWAR,96,1
N26-030-00033-SWAR,99,1
N26-073-00034-BENO,69,1
N26-073-00034-BENO,73,1
N26-092-00035-DENS,89,1
N26-092-00035-DENS,92,1
N26-024-00036-ROCK,19,1
N26-024-00036-ROCK,20,1
N26-024-00036-ROCK,24,1
N26-088-00037-ZEBR,84,1
N26-088-00037-ZEBR,86,1
N26-088-00037-ZEBR,88,1
N26-088-00037-ZEBR,96,1
N26-088-00037-ZEBR,97,1
N26-010-00038-CAXX,1,1
N26-010-00038-CAXX,4,1
N26-010-00038-CAXX,10,1
N26-026-00039-SKEC,19,1
N26-026-00039-SKEC,21,1
N26-026-00039-SKEC,26,1
N26-082-00040-STER,77,1
N26-082-00040-STER,80,1
N26-082-00040-STER,82,1
N26-029-00041-SAMS,28,1
N26-029-00041-SAMS,29,1
N26-094-00042-NUPE,93,1
N26-094-00042-NUPE,94,1
N26-014-00043-LEVI,1,1
N26-014-00043-LEVI,2,1
N26-014-00043-LEVI,14,1
N26-033-00044-NEWE,28,1
N26-033-00044-NEWE,33,1
N26-072-00045-NIKE,69,1
N26-072-00045-NIKE,72,1
N26-090-00046-MIKE,89,1
N26-090-00046-MIKE,90,1
N26-063-00047-GARN,60,1
N26-063-00047-GARN,63,1
N26-063-00047-GARN,96,1
N26-063-00047-GARN,98,1
N26-013-00048-HMXX,1,1
N26-013-00048-HMXX,2,1
N26-013-00048-HMXX,13,1
N26-005-00049-DOCK,1,1
N26-005-00049-DOCK,2,1
N26-005-00049-DOCK,5,1
N26-066-00050-REVL,60,1
N26-066-00050-REVL,61,1
N26-066-00050-REVL,66,1
N26-066-00050-REVL,96,1
N26-066-00050-REVL,99,1
N26-017-00051-HMXX,1,1
N26-017-00051-HMXX,4,1
N26-017-00051-HMXX,17,1
N26-017-00051-HMXX,96,1
N26-017-00051-HMXX,99,1
N26-083-00052-HASB,77,1
N26-083-00052-HASB,83,1
N26-044-00053-LANI,36,1
N26-044-00053-LANI,38,1
N26-044-00053-LANI,44,1
N26-074-00054-EVER,69,1
N26-074-00054-EVER,70,1
N26-074-00054-EVER,74,1
N26-066-00055-REVL,60,1
N26-066-00055-REVL,61,1
N26-066-00055-REVL,66,1
N26-066-00055-REVL,96,1
N26-066-00055-REVL,98,1
N26-015-00056-CAXX,1,1
N26-015-00056-CAXX,3,1
N26-015-00056-CAXX,15,1
N26-046-00057-STER,36,1
N26-046-00057-STER,39,1
N26-046-00057-STER,46,1
N26-026-00058-FLEX,19,1
N26-026-00058-FLEX,21,1
N26-026-00058-FLEX,26,1
N26-026-00058-FLEX,96,1
N26-026-00058-FLEX,97,1
N26-059-00059-LUUN,49,1
N26-059-00059-LUUN,54,1
N26-059-00059-LUUN,59,1
N26-034-00060-PINE,28,1
N26-034-00060-PINE,34,1
N26-008-00061-BERS,1,1
N26-008-00061-BERS,3,1
N26-008-00061-BERS,8,1
N26-029-00062-HERS,28,1
N26-029-00062-HERS,29,1
N26-017-00063-CUID,1,1
N26-017-00063-CUID,4,1
N26-017-00063-CUID,17,1
N26-044-00064-LANI,36,1
N26-044-00064-LANI,38,1
N26-044-00064-LANI,44,1
N26-074-00065-EVER,69,1
N26-074-00065-EVER,70,1
N26-074-00065-EVER,74,1
N26-074-00065-EVER,96,1
N26-074-00065-EVER,100,1
N26-010-00066-CHAR,1,1
N26-010-00066-CHAR,4,1
N26-010-00066-CHAR,10,1
N26-050-00067-EKCO,49,1
N26-050-00067-EKCO,50,1
N26-050-00067-EKCO,96,1
N26-050-00067-EKCO,100,1
N26-066-00068-BISS,60,1
N26-066-00068-BISS,61,1
N26-066-00068-BISS,66,1
N26-029-00069-ADID,28,1
N26-029-00069-ADID,29,1
N26-066-00070-LORA,60,1
N26-066-00070-LORA,61,1
N26-066-00070-LORA,66,1
N26-079-00071-DIST,77,1
N26-079-00071-DIST,79,1
N26-083-00072-HASB,77,1
N26-083-00072-HASB,83,1
N26-081-00073-PLAY,77,1
N26-081-00073-PLAY,80,1
N26-081-00073-PLAY,81,1
N26-081-00073-PLAY,96,1
N26-081-00073-PLAY,100,1
N26-011-00074-ZARA,1,1
N26-011-00074-ZARA,4,1
N26-011-00074-ZARA,11,1
N26-043-00075-PERF,36,1
N26-043-00075-PERF,37,1
N26-043-00075-PERF,43,1
N26-092-00076-GONH,89,1
N26-092-00076-GONH,92,1
N26-056-00077-NESP,49,1
N26-056-00077-NESP,51,1
N26-056-00077-NESP,56,1
N26-023-00078-NIKE,19,1
N26-023-00078-NIKE,20,1
N26-023-00078-NIKE,23,1
N26-008-00079-CUID,1,1
N26-008-00079-CUID,3,1
N26-008-00079-CUID,8,1
N26-057-00080-DICO,49,1
N26-057-00080-DICO,52,1
N26-057-00080-DICO,57,1
N26-035-00081-COAC,28,1
N26-035-00081-COAC,35,1
N26-035-00081-COAC,96,1
N26-035-00081-COAC,97,1
N26-041-00082-DELL,36,1
N26-041-00082-DELL,37,1
N26-041-00082-DELL,41,1
N26-017-00083-PUMA,1,1
N26-017-00083-PUMA,4,1
N26-017-00083-PUMA,17,1
N26-017-00083-PUMA,96,1
N26-017-00083-PUMA,99,1
N26-042-00084-ASUS,36,1
N26-042-00084-ASUS,37,1
N26-042-00084-ASUS,42,1
N26-042-00084-ASUS,96,1
N26-042-00084-ASUS,100,1
N26-055-00085-KOBL,49,1
N26-055-00085-KOBL,51,1
N26-055-00085-KOBL,55,1
N26-081-00086-PLAY,77,1
N26-081-00086-PLAY,80,1
N26-081-00086-PLAY,81,1
N26-015-00087-ZARA,1,1
N26-015-00087-ZARA,3,1
N26-015-00087-ZARA,15,1
N26-015-00087-ZARA,96,1
N26-015-00087-ZARA,97,1
N26-059-00088-VIAN,49,1
N26-059-00088-VIAN,54,1
N26-059-00088-VIAN,59,1
N26-045-00089-BELK,36,1
N26-045-00089-BELK,38,1
N26-045-00089-BELK,45,1
N26-034-00090-HUGO,28,1
N26-034-00090-HUGO,34,1
N26-034-00090-HUGO,96,1
N26-034-00090-HUGO,98,1
N26-046-00091-APPL,36,1
N26-046-00091-APPL,39,1
N26-046-00091-APPL,46,1
N26-056-00092-HAMI,49,1
N26-056-00092-HAMI,51,1
N26-056-00092-HAMI,56,1
N26-087-00093-PORR,84,1
N26-087-00093-PORR,85,1
N26-087-00093-PORR,87,1
N26-048-00094-HISE,36,1
N26-048-00094-HISE,40,1
N26-048-00094-HISE,48,1
N26-048-00094-HISE,96,1
N26-048-00094-HISE,100,1
N26-044-00095-LANI,36,1
N26-044-00095-LANI,38,1
N26-044-00095-LANI,44,1
N26-044-00095-LANI,96,1
N26-044-00095-LANI,99,1
N26-008-00096-CUID,1,1
N26-008-00096-CUID,3,1
N26-008-00096-CUID,8,1
N26-095-00097-HILL,93,1
N26-095-00097-HILL,95,1
N26-095-00097-HILL,96,1
N26-095-00097-HILL,98,1
N26-016-00098-MANG,1,1
N26-016-00098-MANG,3,1
N26-016-00098-MANG,16,1
N26-023-00099-PIRM,19,1
N26-023-00099-PIRM,20,1
N26-023-00099-PIRM,23,1
N26-023-00100-ADID,19,1
N26-023-00100-ADID,20,1
N26-023-00100-ADID,23,1
N26-087-00101-PEAR,84,1
N26-087-00101-PEAR,85,1
N26-087-00101-PEAR,87,1
N26-066-00102-BISS,60,1
N26-066-00102-BISS,61,1
N26-066-00102-BISS,66,1
N26-006-00103-CUID,1,1
N26-006-00103-CUID,2,1
N26-006-00103-CUID,6,1
N26-059-00104-HOME,49,1
N26-059-00104-HOME,54,1
N26-059-00104-HOME,59,1
N26-059-00104-HOME,96,1
N26-059-00104-HOME,97,1
N26-082-00105-STER,77,1
N26-082-00105-STER,80,1
N26-082-00105-STER,82,1
N26-016-00106-MASS,1,1
N26-016-00106-MASS,3,1
N26-016-00106-MASS,16,1
N26-026-00107-FLEX,19,1
N26-026-00107-FLEX,21,1
N26-026-00107-FLEX,26,1
N26-026-00107-FLEX,96,1
N26-026-00107-FLEX,100,1
N26-047-00108-STER,36,1
N26-047-00108-STER,39,1
N26-047-00108-STER,47,1
N26-047-00108-STER,96,1
N26-047-00108-STER,98,1
N26-090-00109-3MXX,89,1
N26-090-00109-3MXX,90,1
N26-090-00109-3MXX,96,1
N26-090-00109-3MXX,97,1
N26-092-00110-MONR,89,1
N26-092-00110-MONR,92,1
N26-092-00110-MONR,96,1
N26-092-00110-MONR,97,1
N26-006-00111-HMXX,1,1
N26-006-00111-HMXX,2,1
N26-006-00111-HMXX,6,1
N26-006-00112-HMXX,1,1
N26-006-00112-HMXX,2,1
N26-006-00112-HMXX,6,1
N26-006-00112-HMXX,96,1
N26-006-00112-HMXX,100,1
N26-055-00113-MABE,49,1
N26-055-00113-MABE,51,1
N26-055-00113-MABE,55,1
N26-018-00114-NIKE,1,1
N26-018-00114-NIKE,4,1
N26-018-00114-NIKE,18,1
N26-027-00115-CROC,19,1
N26-027-00115-CROC,22,1
N26-027-00115-CROC,27,1
N26-041-00116-LANI,36,1
N26-041-00116-LANI,37,1
N26-041-00116-LANI,41,1
N26-079-00117-FUNK,77,1
N26-079-00117-FUNK,79,1
N26-079-00117-FUNK,96,1
N26-079-00117-FUNK,100,1
N26-073-00118-TREK,69,1
N26-073-00118-TREK,73,1
N26-035-00119-TOMM,28,1
N26-035-00119-TOMM,35,1
N26-065-00120-PAIP,60,1
N26-065-00120-PAIP,61,1
N26-065-00120-PAIP,65,1
N26-081-00121-PLAY,77,1
N26-081-00121-PLAY,80,1
N26-081-00121-PLAY,81,1
N26-029-00122-PINE,28,1
N26-029-00122-PINE,29,1
N26-082-00123-PLAY,77,1
N26-082-00123-PLAY,80,1
N26-082-00123-PLAY,82,1
N26-082-00123-PLAY,96,1
N26-082-00123-PLAY,100,1
N26-007-00124-CUID,1,1
N26-007-00124-CUID,3,1
N26-007-00124-CUID,7,1
N26-007-00124-CUID,96,1
N26-007-00124-CUID,98,1
N26-092-00125-MONR,89,1
N26-092-00125-MONR,92,1
N26-055-00126-NINJ,49,1
N26-055-00126-NINJ,51,1
N26-055-00126-NINJ,55,1
N26-068-00127-GRIS,60,1
N26-068-00127-GRIS,62,1
N26-068-00127-GRIS,68,1
N26-075-00128-NIKE,69,1
N26-075-00128-NIKE,70,1
N26-075-00128-NIKE,75,1
N26-065-00129-PAIP,60,1
N26-065-00129-PAIP,61,1
N26-065-00129-PAIP,65,1
N26-009-00130-BABY,1,1
N26-009-00130-BABY,4,1
N26-009-00130-BABY,9,1
N26-009-00130-BABY,96,1
N26-009-00130-BABY,98,1
N26-074-00131-EVER,69,1
N26-074-00131-EVER,70,1
N26-074-00131-EVER,74,1
N26-012-00132-CUID,1,1
N26-012-00132-CUID,4,1
N26-012-00132-CUID,12,1
N26-012-00132-CUID,96,1
N26-012-00132-CUID,100,1
N26-095-00133-NUPE,93,1
N26-095-00133-NUPE,95,1
N26-055-00134-KOBL,49,1
N26-055-00134-KOBL,51,1
N26-055-00134-KOBL,55,1
N26-078-00135-NATI,77,1
N26-078-00135-NATI,78,1
N26-078-00135-NATI,96,1
N26-078-00135-NATI,97,1
N26-064-00136-PAIP,60,1
N26-064-00136-PAIP,64,1
N26-035-00137-PINE,28,1
N26-035-00137-PINE,35,1
N26-035-00137-PINE,96,1
N26-035-00137-PINE,99,1
N26-033-00138-UNDE,28,1
N26-033-00138-UNDE,33,1
N26-033-00138-UNDE,96,1
N26-033-00138-UNDE,99,1
N26-013-00139-LEVI,1,1
N26-013-00139-LEVI,2,1
N26-013-00139-LEVI,13,1
N26-013-00139-LEVI,96,1
N26-013-00139-LEVI,98,1
N26-059-00140-SPRI,49,1
N26-059-00140-SPRI,54,1
N26-059-00140-SPRI,59,1
N26-013-00141-ADID,1,1
N26-013-00141-ADID,2,1
N26-013-00141-ADID,13,1
N26-058-00142-TECN,49,1
N26-058-00142-TECN,53,1
N26-058-00142-TECN,58,1
N26-063-00143-GRIS,60,1
N26-063-00143-GRIS,63,1
N26-044-00144-LANI,36,1
N26-044-00144-LANI,38,1
N26-044-00144-LANI,44,1
N26-044-00145-LANI,36,1
N26-044-00145-LANI,38,1
N26-044-00145-LANI,44,1
N26-006-00146-ZARA,1,1
N26-006-00146-ZARA,2,1
N26-006-00146-ZARA,6,1
N26-006-00146-ZARA,96,1
N26-006-00146-ZARA,100,1
N26-023-00147-PIRM,19,1
N26-023-00147-PIRM,20,1
N26-023-00147-PIRM,23,1
N26-035-00148-TOMM,28,1
N26-035-00148-TOMM,35,1
N26-048-00149-LGXX,36,1
N26-048-00149-LGXX,40,1
N26-048-00149-LGXX,48,1
N26-048-00149-LGXX,96,1
N26-048-00149-LGXX,98,1
N26-088-00150-BARR,84,1
N26-088-00150-BARR,86,1
N26-088-00150-BARR,88,1
N26-088-00150-BARR,96,1
N26-088-00150-BARR,97,1
N26-095-00151-NUPE,93,1
N26-095-00151-NUPE,95,1
N26-067-00152-GRIS,60,1
N26-067-00152-GRIS,62,1
N26-067-00152-GRIS,67,1
N26-056-00153-KOBL,49,1
N26-056-00153-KOBL,51,1
N26-056-00153-KOBL,56,1
N26-006-00154-ZARA,1,1
N26-006-00154-ZARA,2,1
N26-006-00154-ZARA,6,1
N26-071-00155-PIRM,69,1
N26-071-00155-PIRM,71,1
N26-064-00156-PAIP,60,1
N26-064-00156-PAIP,64,1
N26-064-00156-PAIP,96,1
N26-064-00156-PAIP,98,1
N26-078-00157-CLEM,77,1
N26-078-00157-CLEM,78,1
N26-078-00157-CLEM,96,1
N26-078-00157-CLEM,97,1
N26-071-00158-VOIT,69,1
N26-071-00158-VOIT,71,1
N26-044-00159-LANI,36,1
N26-044-00159-LANI,38,1
N26-044-00159-LANI,44,1
N26-044-00159-LANI,96,1
N26-044-00159-LANI,100,1
N26-090-00160-MIKE,89,1
N26-090-00160-MIKE,90,1
N26-047-00161-SONY,36,1
N26-047-00161-SONY,39,1
N26-047-00161-SONY,47,1
N26-029-00162-SAMS,28,1
N26-029-00162-SAMS,29,1
N26-046-00163-BOSE,36,1
N26-046-00163-BOSE,39,1
N26-046-00163-BOSE,46,1
N26-046-00163-BOSE,96,1
N26-046-00163-BOSE,97,1
N26-066-00164-BISS,60,1
N26-066-00164-BISS,61,1
N26-066-00164-BISS,66,1
N26-050-00165-TFAL,49,1
N26-050-00165-TFAL,50,1
N26-083-00166-RAVE,77,1
N26-083-00166-RAVE,83,1
N26-083-00166-RAVE,96,1
N26-083-00166-RAVE,99,1
N26-046-00167-STER,36,1
N26-046-00167-STER,39,1
N26-046-00167-STER,46,1
N26-046-00167-STER,96,1
N26-046-00167-STER,99,1
N26-063-00168-PANT,60,1
N26-063-00168-PANT,63,1
N26-010-00169-CHAR,1,1
N26-010-00169-CHAR,4,1
N26-010-00169-CHAR,10,1
N26-029-00170-KIPL,28,1
N26-029-00170-KIPL,29,1
N26-067-00171-GRIS,60,1
N26-067-00171-GRIS,62,1
N26-067-00171-GRIS,67,1
N26-067-00171-GRIS,96,1
N26-067-00171-GRIS,99,1
N26-057-00172-GAIA,49,1
N26-057-00172-GAIA,52,1
N26-057-00172-GAIA,57,1
N26-067-00173-GRIS,60,1
N26-067-00173-GRIS,62,1
N26-067-00173-GRIS,67,1
N26-087-00174-TRIL,84,1
N26-087-00174-TRIL,85,1
N26-087-00174-TRIL,87,1
N26-067-00175-NIVE,60,1
N26-067-00175-NIVE,62,1
N26-067-00175-NIVE,67,1
N26-092-00176-GONH,89,1
N26-092-00176-GONH,92,1
N26-092-00176-GONH,96,1
N26-092-00176-GONH,100,1
N26-063-00177-GRIS,60,1
N26-063-00177-GRIS,63,1
N26-005-00178-MASS,1,1
N26-005-00178-MASS,2,1
N26-005-00178-MASS,5,1
N26-016-00179-MANG,1,1
N26-016-00179-MANG,3,1
N26-016-00179-MANG,16,1
N26-024-00180-ALDO,19,1
N26-024-00180-ALDO,20,1
N26-024-00180-ALDO,24,1
N26-056-00181-HAMI,49,1
N26-056-00181-HAMI,51,1
N26-056-00181-HAMI,56,1
N26-056-00181-HAMI,96,1
N26-056-00181-HAMI,100,1
N26-078-00182-LEGO,77,1
N26-078-00182-LEGO,78,1
N26-078-00182-LEGO,96,1
N26-078-00182-LEGO,99,1
N26-012-00183-CUID,1,1
N26-012-00183-CUID,4,1
N26-012-00183-CUID,12,1
N26-005-00184-CUID,1,1
N26-005-00184-CUID,2,1
N26-005-00184-CUID,5,1
N26-058-00185-STER,49,1
N26-058-00185-STER,53,1
N26-058-00185-STER,58,1
N26-029-00186-HERS,28,1
N26-029-00186-HERS,29,1
N26-029-00186-HERS,96,1
N26-029-00186-HERS,97,1
N26-050-00187-VASC,49,1
N26-050-00187-VASC,50,1
N26-050-00187-VASC,96,1
N26-050-00187-VASC,99,1
N26-016-00188-MASS,1,1
N26-016-00188-MASS,3,1
N26-016-00188-MASS,16,1
N26-016-00188-MASS,96,1
N26-016-00188-MASS,97,1
N26-088-00189-PILO,84,1
N26-088-00189-PILO,86,1
N26-088-00189-PILO,88,1
N26-042-00190-VORA,36,1
N26-042-00190-VORA,37,1
N26-042-00190-VORA,42,1
N26-064-00191-DIOR,60,1
N26-064-00191-DIOR,64,1
N26-064-00191-DIOR,96,1
N26-064-00191-DIOR,97,1
N26-048-00192-TCLX,36,1
N26-048-00192-TCLX,40,1
N26-048-00192-TCLX,48,1
N26-048-00192-TCLX,96,1
N26-048-00192-TCLX,99,1
N26-008-00193-PULL,1,1
N26-008-00193-PULL,3,1
N26-008-00193-PULL,8,1
N26-063-00194-GARN,60,1
N26-063-00194-GARN,63,1
N26-063-00194-GARN,96,1
N26-063-00194-GARN,100,1
N26-033-00195-PUMA,28,1
N26-033-00195-PUMA,33,1
N26-033-00195-PUMA,96,1
N26-033-00195-PUMA,97,1
N26-075-00196-MAND,69,1
N26-075-00196-MAND,70,1
N26-075-00196-MAND,75,1
N26-088-00197-SCRI,84,1
N26-088-00197-SCRI,86,1
N26-088-00197-SCRI,88,1
N26-009-00198-HMXX,1,1
N26-009-00198-HMXX,4,1
N26-009-00198-HMXX,9,1
N26-009-00198-HMXX,96,1
N26-009-00198-HMXX,97,1
N26-042-00199-SEAG,36,1
N26-042-00199-SEAG,37,1
N26-042-00199-SEAG,42,1
N26-075-00200-ADID,69,1
N26-075-00200-ADID,70,1
N26-075-00200-ADID,75,1
N26-075-00200-ADID,96,1
N26-075-00200-ADID,98,1
N26-046-00201-STER,36,1
N26-046-00201-STER,39,1
N26-046-00201-STER,46,1
N26-008-00202-HMXX,1,1
N26-008-00202-HMXX,3,1
N26-008-00202-HMXX,8,1
N26-065-00203-MACX,60,1
N26-065-00203-MACX,61,1
N26-065-00203-MACX,65,1
N26-063-00204-GRIS,60,1
N26-063-00204-GRIS,63,1
N26-027-00205-CROC,19,1
N26-027-00205-CROC,22,1
N26-027-00205-CROC,27,1
N26-027-00205-CROC,96,1
N26-027-00205-CROC,99,1
N26-058-00206-TECN,49,1
N26-058-00206-TECN,53,1
N26-058-00206-TECN,58,1
N26-083-00207-MATT,77,1
N26-083-00207-MATT,83,1
N26-024-00208-ROCK,19,1
N26-024-00208-ROCK,20,1
N26-024-00208-ROCK,24,1
N26-044-00209-MOTO,36,1
N26-044-00209-MOTO,38,1
N26-044-00209-MOTO,44,1
N26-044-00209-MOTO,96,1
N26-044-00209-MOTO,100,1
N26-024-00210-HUSH,19,1
N26-024-00210-HUSH,20,1
N26-024-00210-HUSH,24,1
N26-066-00211-MAYB,60,1
N26-066-00211-MAYB,61,1
N26-066-00211-MAYB,66,1
N26-065-00212-MACX,60,1
N26-065-00212-MACX,61,1
N26-065-00212-MACX,65,1
N26-005-00213-MASS,1,1
N26-005-00213-MASS,2,1
N26-005-00213-MASS,5,1
N26-046-00214-STER,36,1
N26-046-00214-STER,39,1
N26-046-00214-STER,46,1
N26-018-00215-PIRM,1,1
N26-018-00215-PIRM,4,1
N26-018-00215-PIRM,18,1
N26-018-00215-PIRM,96,1
N26-018-00215-PIRM,100,1
N26-094-00216-ROYA,93,1
N26-094-00216-ROYA,94,1
N26-016-00217-CAXX,1,1
N26-016-00217-CAXX,3,1
N26-016-00217-CAXX,16,1
N26-016-00217-CAXX,96,1
N26-016-00217-CAXX,98,1
N26-033-00218-PUMA,28,1
N26-033-00218-PUMA,33,1
N26-035-00219-SAMS,28,1
N26-035-00219-SAMS,35,1
N26-031-00220-FOSS,28,1
N26-031-00220-FOSS,31,1
N26-024-00221-FLEX,19,1
N26-024-00221-FLEX,20,1
N26-024-00221-FLEX,24,1
N26-024-00221-FLEX,96,1
N26-024-00221-FLEX,99,1
N26-065-00222-BISS,60,1
N26-065-00222-BISS,61,1
N26-065-00222-BISS,65,1
N26-068-00223-LARO,60,1
N26-068-00223-LARO,62,1
N26-068-00223-LARO,68,1
N26-023-00224-PUMA,19,1
N26-023-00224-PUMA,20,1
N26-023-00224-PUMA,23,1
N26-041-00225-APPL,36,1
N26-041-00225-APPL,37,1
N26-041-00225-APPL,41,1
N26-016-00226-CAXX,1,1
N26-016-00226-CAXX,3,1
N26-016-00226-CAXX,16,1
N26-016-00226-CAXX,96,1
N26-016-00226-CAXX,97,1
N26-090-00227-MICH,89,1
N26-090-00227-MICH,90,1
N26-081-00228-VALV,77,1
N26-081-00228-VALV,80,1
N26-081-00228-VALV,81,1
N26-081-00228-VALV,96,1
N26-081-00228-VALV,98,1
N26-067-00229-LARO,60,1
N26-067-00229-LARO,62,1
N26-067-00229-LARO,67,1
N26-067-00229-LARO,96,1
N26-067-00229-LARO,99,1
N26-094-00230-GANA,93,1
N26-094-00230-GANA,94,1
N26-041-00231-ACER,36,1
N26-041-00231-ACER,37,1
N26-041-00231-ACER,41,1
N26-095-00232-PURI,93,1
N26-095-00232-PURI,95,1
N26-050-00233-VASC,49,1
N26-050-00233-VASC,50,1
N26-048-00234-SONY,36,1
N26-048-00234-SONY,40,1
N26-048-00234-SONY,48,1
N26-055-00235-KOBL,49,1
N26-055-00235-KOBL,51,1
N26-055-00235-KOBL,55,1
N26-090-00236-MIKE,89,1
N26-090-00236-MIKE,90,1
N26-045-00237-UAGX,36,1
N26-045-00237-UAGX,38,1
N26-045-00237-UAGX,45,1
N26-087-00238-PORR,84,1
N26-087-00238-PORR,85,1
N26-087-00238-PORR,87,1
N26-083-00239-MATT,77,1
N26-083-00239-MATT,83,1
N26-011-00240-CHAR,1,1
N26-011-00240-CHAR,4,1
N26-011-00240-CHAR,11,1
N26-011-00240-CHAR,96,1
N26-011-00240-CHAR,98,1
N26-090-00241-BOSC,89,1
N26-090-00241-BOSC,90,1
N26-090-00241-BOSC,96,1
N26-090-00241-BOSC,97,1
N26-015-00242-MANG,1,1
N26-015-00242-MANG,3,1
N26-015-00242-MANG,15,1
N26-043-00243-MICR,36,1
N26-043-00243-MICR,37,1
N26-043-00243-MICR,43,1
N26-034-00244-DOCK,28,1
N26-034-00244-DOCK,34,1
N26-095-00245-WHIS,93,1
N26-095-00245-WHIS,95,1
N26-095-00245-WHIS,96,1
N26-095-00245-WHIS,98,1
N26-008-00246-CUID,1,1
N26-008-00246-CUID,3,1
N26-008-00246-CUID,8,1
N26-023-00247-CHAR,19,1
N26-023-00247-CHAR,20,1
N26-023-00247-CHAR,23,1
N26-045-00248-STER,36,1
N26-045-00248-STER,38,1
N26-045-00248-STER,45,1
N26-044-00249-LANI,36,1
N26-044-00249-LANI,38,1
N26-044-00249-LANI,44,1
N26-066-00250-REVL,60,1
N26-066-00250-REVL,61,1
N26-066-00250-REVL,66,1
N26-048-00251-LGXX,36,1
N26-048-00251-LGXX,40,1
N26-048-00251-LGXX,48,1
N26-043-00252-LOGI,36,1
N26-043-00252-LOGI,37,1
N26-043-00252-LOGI,43,1
N26-018-00253-CHAR,1,1
N26-018-00253-CHAR,4,1
N26-018-00253-CHAR,18,1
N26-042-00254-CRUC,36,1
N26-042-00254-CRUC,37,1
N26-042-00254-CRUC,42,1
N26-073-00255-GIAN,69,1
N26-073-00255-GIAN,73,1
N26-050-00256-PYRE,49,1
N26-050-00256-PYRE,50,1
N26-011-00257-CHAR,1,1
N26-011-00257-CHAR,4,1
N26-011-00257-CHAR,11,1
N26-033-00258-ADID,28,1
N26-033-00258-ADID,33,1
N26-065-00259-PAIP,60,1
N26-065-00259-PAIP,61,1
N26-065-00259-PAIP,65,1
N26-090-00260-MIKE,89,1
N26-090-00260-MIKE,90,1
N26-035-00261-TOMM,28,1
N26-035-00261-TOMM,35,1
N26-092-00262-GATE,89,1
N26-092-00262-GATE,92,1
N26-092-00262-GATE,96,1
N26-092-00262-GATE,100,1
N26-043-00263-PERF,36,1
N26-043-00263-PERF,37,1
N26-043-00263-PERF,43,1
N26-043-00263-PERF,96,1
N26-043-00263-PERF,100,1
N26-045-00264-STER,36,1
N26-045-00264-STER,38,1
N26-045-00264-STER,45,1
N26-016-00265-MASS,1,1
N26-016-00265-MASS,3,1
N26-016-00265-MASS,16,1
N26-034-00266-LEVI,28,1
N26-034-00266-LEVI,34,1
N26-034-00267-DOCK,28,1
N26-034-00267-DOCK,34,1
N26-018-00268-CHAR,1,1
N26-018-00268-CHAR,4,1
N26-018-00268-CHAR,18,1
N26-009-00269-CAXX,1,1
N26-009-00269-CAXX,4,1
N26-009-00269-CAXX,9,1
N26-007-00270-MASS,1,1
N26-007-00270-MASS,3,1
N26-007-00270-MASS,7,1
N26-014-00271-WRAN,1,1
N26-014-00271-WRAN,2,1
N26-014-00271-WRAN,14,1
N26-014-00271-WRAN,96,1
N26-014-00271-WRAN,100,1
N26-027-00272-CART,19,1
N26-027-00272-CART,22,1
N26-027-00272-CART,27,1
N26-031-00273-SEIK,28,1
N26-031-00273-SEIK,31,1
N26-034-00274-TOMM,28,1
N26-034-00274-TOMM,34,1
N26-034-00274-TOMM,96,1
N26-034-00274-TOMM,100,1
N26-013-00275-CUID,1,1
N26-013-00275-CUID,2,1
N26-013-00275-CUID,13,1
N26-013-00275-CUID,96,1
N26-013-00275-CUID,97,1
N26-081-00276-NINT,77,1
N26-081-00276-NINT,80,1
N26-081-00276-NINT,81,1
N26-081-00276-NINT,96,1
N26-081-00276-NINT,97,1
N26-050-00277-VASC,49,1
N26-050-00277-VASC,50,1
N26-050-00277-VASC,96,1
N26-050-00277-VASC,97,1
N26-050-00278-VASC,49,1
N26-050-00278-VASC,50,1
N26-050-00279-VASC,49,1
N26-050-00279-VASC,50,1
N26-095-00280-NUPE,93,1
N26-095-00280-NUPE,95,1
N26-095-00280-NUPE,96,1
N26-095-00280-NUPE,100,1
N26-095-00281-NUPE,93,1
N26-095-00281-NUPE,95,1
N26-032-00282-VOGU,28,1
N26-032-00282-VOGU,32,1
N26-090-00283-MIKE,89,1
N26-090-00283-MIKE,90,1
N26-071-00284-CHAR,69,1
N26-071-00284-CHAR,71,1
N26-057-00285-GAIA,49,1
N26-057-00285-GAIA,52,1
N26-057-00285-GAIA,57,1
N26-057-00285-GAIA,96,1
N26-057-00285-GAIA,99,1
N26-088-00286-BARR,84,1
N26-088-00286-BARR,86,1
N26-088-00286-BARR,88,1
N26-050-00287-EKCO,49,1
N26-050-00287-EKCO,50,1
N26-072-00288-CHAR,69,1
N26-072-00288-CHAR,72,1
N26-030-00289-PAND,28,1
N26-030-00289-PAND,30,1
N26-082-00290-STER,77,1
N26-082-00290-STER,80,1
N26-082-00290-STER,82,1
N26-014-00291-LEVI,1,1
N26-014-00291-LEVI,2,1
N26-014-00291-LEVI,14,1
N26-014-00291-LEVI,96,1
N26-014-00291-LEVI,99,1
N26-094-00292-NUPE,93,1
N26-094-00292-NUPE,94,1
N26-071-00293-CHAR,69,1
N26-071-00293-CHAR,71,1
N26-071-00293-CHAR,96,1
N26-071-00293-CHAR,98,1
N26-047-00294-STER,36,1
N26-047-00294-STER,39,1
N26-047-00294-STER,47,1
N26-081-00295-VALV,77,1
N26-081-00295-VALV,80,1
N26-081-00295-VALV,81,1
N26-027-00296-HAVA,19,1
N26-027-00296-HAVA,22,1
N26-027-00296-HAVA,27,1
N26-082-00297-STER,77,1
N26-082-00297-STER,80,1
N26-082-00297-STER,82,1
N26-063-00298-GRIS,60,1
N26-063-00298-GRIS,63,1
N26-073-00299-SPEC,69,1
N26-073-00299-SPEC,73,1
N26-073-00299-SPEC,96,1
N26-073-00299-SPEC,100,1
N26-048-00300-LGXX,36,1
N26-048-00300-LGXX,40,1
N26-048-00300-LGXX,48,1
N26-014-00301-CUID,1,1
N26-014-00301-CUID,2,1
N26-014-00301-CUID,14,1
N26-045-00302-BELK,36,1
N26-045-00302-BELK,38,1
N26-045-00302-BELK,45,1
N26-045-00302-BELK,96,1
N26-045-00302-BELK,98,1
N26-015-00303-HMXX,1,1
N26-015-00303-HMXX,3,1
N26-015-00303-HMXX,15,1
N26-071-00304-CHAR,69,1
N26-071-00304-CHAR,71,1
N26-012-00305-CUID,1,1
N26-012-00305-CUID,4,1
N26-012-00305-CUID,12,1
N26-041-00306-LANI,36,1
N26-041-00306-LANI,37,1
N26-041-00306-LANI,41,1
N26-044-00307-APPL,36,1
N26-044-00307-APPL,38,1
N26-044-00307-APPL,44,1
N26-013-00308-CUID,1,1
N26-013-00308-CUID,2,1
N26-013-00308-CUID,13,1
N26-006-00309-BERS,1,1
N26-006-00309-BERS,2,1
N26-006-00309-BERS,6,1
N26-056-00310-OSTE,49,1
N26-056-00310-OSTE,51,1
N26-056-00310-OSTE,56,1
N26-009-00311-BABY,1,1
N26-009-00311-BABY,4,1
N26-009-00311-BABY,9,1
N26-009-00311-BABY,96,1
N26-009-00311-BABY,100,1
N26-057-00312-GAIA,49,1
N26-057-00312-GAIA,52,1
N26-057-00312-GAIA,57,1
N26-007-00313-HMXX,1,1
N26-007-00313-HMXX,3,1
N26-007-00313-HMXX,7,1
N26-071-00314-ADID,69,1
N26-071-00314-ADID,71,1
N26-075-00315-GAIA,69,1
N26-075-00315-GAIA,70,1
N26-075-00315-GAIA,75,1
N26-055-00316-OSTE,49,1
N26-055-00316-OSTE,51,1
N26-055-00316-OSTE,55,1
N26-055-00316-OSTE,96,1
N26-055-00316-OSTE,99,1
N26-008-00317-HMXX,1,1
N26-008-00317-HMXX,3,1
N26-008-00317-HMXX,8,1
N26-011-00318-CHAR,1,1
N26-011-00318-CHAR,4,1
N26-011-00318-CHAR,11,1
N26-055-00319-NINJ,49,1
N26-055-00319-NINJ,51,1
N26-055-00319-NINJ,55,1
N26-008-00320-ZARA,1,1
N26-008-00320-ZARA,3,1
N26-008-00320-ZARA,8,1
N26-014-00321-DOCK,1,1
N26-014-00321-DOCK,2,1
N26-014-00321-DOCK,14,1
N26-057-00322-GAIA,49,1
N26-057-00322-GAIA,52,1
N26-057-00322-GAIA,57,1
N26-065-00323-MAYB,60,1
N26-065-00323-MAYB,61,1
N26-065-00323-MAYB,65,1
N26-031-00324-CASI,28,1
N26-031-00324-CASI,31,1
N26-079-00325-HASB,77,1
N26-079-00325-HASB,79,1
N26-067-00326-LARO,60,1
N26-067-00326-LARO,62,1
N26-067-00326-LARO,67,1
N26-067-00327-NIVE,60,1
N26-067-00327-NIVE,62,1
N26-067-00327-NIVE,67,1
N26-071-00328-PUMA,69,1
N26-071-00328-PUMA,71,1
N26-041-00329-LANI,36,1
N26-041-00329-LANI,37,1
N26-041-00329-LANI,41,1
N26-073-00330-BENO,69,1
N26-073-00330-BENO,73,1
N26-065-00331-BISS,60,1
N26-065-00331-BISS,61,1
N26-065-00331-BISS,65,1
N26-065-00331-BISS,96,1
N26-065-00331-BISS,97,1
N26-078-00332-NATI,77,1
N26-078-00332-NATI,78,1
N26-078-00332-NATI,96,1
N26-078-00332-NATI,97,1
N26-064-00333-NATU,60,1
N26-064-00333-NATU,64,1
N26-047-00334-BOSE,36,1
N26-047-00334-BOSE,39,1
N26-047-00334-BOSE,47,1
N26-035-00335-TOMM,28,1
N26-035-00335-TOMM,35,1
N26-072-00336-CHAR,69,1
N26-072-00336-CHAR,72,1
N26-041-00337-LANI,36,1
N26-041-00337-LANI,37,1
N26-041-00337-LANI,41,1
N26-041-00337-LANI,96,1
N26-041-00337-LANI,99,1
N26-065-00338-PAIP,60,1
N26-065-00338-PAIP,61,1
N26-065-00338-PAIP,65,1
N26-047-00339-STER,36,1
N26-047-00339-STER,39,1
N26-047-00339-STER,47,1
N26-047-00339-STER,96,1
N26-047-00339-STER,97,1
N26-041-00340-LANI,36,1
N26-041-00340-LANI,37,1
N26-041-00340-LANI,41,1
N26-011-00341-CHAR,1,1
N26-011-00341-CHAR,4,1
N26-011-00341-CHAR,11,1
N26-011-00341-CHAR,96,1
N26-011-00341-CHAR,98,1
N26-058-00342-STER,49,1
N26-058-00342-STER,53,1
N26-058-00342-STER,58,1
N26-094-00343-PURI,93,1
N26-094-00343-PURI,94,1
N26-024-00344-ALDO,19,1
N26-024-00344-ALDO,20,1
N26-024-00344-ALDO,24,1
N26-058-00345-TECN,49,1
N26-058-00345-TECN,53,1
N26-058-00345-TECN,58,1
N26-076-00346-OZAR,69,1
N26-076-00346-OZAR,76,1
N26-073-00347-SHIM,69,1
N26-073-00347-SHIM,73,1
N26-034-00348-HUGO,28,1
N26-034-00348-HUGO,34,1
N26-082-00349-STER,77,1
N26-082-00349-STER,80,1
N26-082-00349-STER,82,1
N26-094-00350-GANA,93,1
N26-094-00350-GANA,94,1
N26-045-00351-UAGX,36,1
N26-045-00351-UAGX,38,1
N26-045-00351-UAGX,45,1
N26-027-00352-CROC,19,1
N26-027-00352-CROC,22,1
N26-027-00352-CROC,27,1
N26-011-00353-CHAR,1,1
N26-011-00353-CHAR,4,1
N26-011-00353-CHAR,11,1
N26-011-00353-CHAR,96,1
N26-011-00353-CHAR,97,1
N26-007-00354-MASS,1,1
N26-007-00354-MASS,3,1
N26-007-00354-MASS,7,1
N26-007-00354-MASS,96,1
N26-007-00354-MASS,97,1
N26-082-00355-PLAY,77,1
N26-082-00355-PLAY,80,1
N26-082-00355-PLAY,82,1
N26-082-00355-PLAY,96,1
N26-082-00355-PLAY,100,1
N26-059-00356-VIAN,49,1
N26-059-00356-VIAN,54,1
N26-059-00356-VIAN,59,1
N26-063-00357-LORA,60,1
N26-063-00357-LORA,63,1
N26-063-00357-LORA,96,1
N26-063-00357-LORA,99,1
N26-081-00358-XBOX,77,1
N26-081-00358-XBOX,80,1
N26-081-00358-XBOX,81,1
N26-018-00359-PIRM,1,1
N26-018-00359-PIRM,4,1
N26-018-00359-PIRM,18,1
N26-018-00359-PIRM,96,1
N26-018-00359-PIRM,97,1
N26-076-00360-NATU,69,1
N26-076-00360-NATU,76,1
N26-076-00360-NATU,96,1
N26-076-00360-NATU,99,1
N26-034-00361-HUGO,28,1
N26-034-00361-HUGO,34,1
N26-023-00362-ADID,19,1
N26-023-00362-ADID,20,1
N26-023-00362-ADID,23,1
N26-023-00363-ADID,19,1
N26-023-00363-ADID,20,1
N26-023-00363-ADID,23,1
N26-033-00364-PUMA,28,1
N26-033-00364-PUMA,33,1
N26-033-00364-PUMA,96,1
N26-033-00364-PUMA,97,1
N26-064-00365-DIOR,60,1
N26-064-00365-DIOR,64,1
N26-064-00365-DIOR,96,1
N26-064-00365-DIOR,100,1
N26-083-00366-HASB,77,1
N26-083-00366-HASB,83,1
N26-058-00367-TAPO,49,1
N26-058-00367-TAPO,53,1
N26-058-00367-TAPO,58,1
N26-006-00368-PULL,1,1
N26-006-00368-PULL,2,1
N26-006-00368-PULL,6,1
N26-006-00368-PULL,96,1
N26-006-00368-PULL,98,1
N26-043-00369-LOGI,36,1
N26-043-00369-LOGI,37,1
N26-043-00369-LOGI,43,1
N26-043-00369-LOGI,96,1
N26-043-00369-LOGI,97,1
N26-025-00370-STEV,19,1
N26-025-00370-STEV,21,1
N26-025-00370-STEV,25,1
N26-016-00371-MASS,1,1
N26-016-00371-MASS,3,1
N26-016-00371-MASS,16,1
N26-095-00372-NUPE,93,1
N26-095-00372-NUPE,95,1
N26-030-00373-THOM,28,1
N26-030-00373-THOM,30,1
N26-007-00374-MANG,1,1
N26-007-00374-MANG,3,1
N26-007-00374-MANG,7,1
N26-032-00375-OAKL,28,1
N26-032-00375-OAKL,32,1
N26-032-00375-OAKL,96,1
N26-032-00375-OAKL,98,1
N26-032-00376-RAYB,28,1
N26-032-00376-RAYB,32,1
N26-094-00377-GANA,93,1
N26-094-00377-GANA,94,1
N26-083-00378-MATT,77,1
N26-083-00378-MATT,83,1
N26-044-00379-LANI,36,1
N26-044-00379-LANI,38,1
N26-044-00379-LANI,44,1
N26-065-00380-BISS,60,1
N26-065-00380-BISS,61,1
N26-065-00380-BISS,65,1
N26-065-00380-BISS,96,1
N26-065-00380-BISS,99,1
N26-059-00381-HOME,49,1
N26-059-00381-HOME,54,1
N26-059-00381-HOME,59,1
N26-088-00382-SCRI,84,1
N26-088-00382-SCRI,86,1
N26-088-00382-SCRI,88,1
N26-088-00382-SCRI,96,1
N26-088-00382-SCRI,99,1
N26-090-00383-BOSC,89,1
N26-090-00383-BOSC,90,1
N26-090-00383-BOSC,96,1
N26-090-00383-BOSC,100,1
N26-059-00384-VIAN,49,1
N26-059-00384-VIAN,54,1
N26-059-00384-VIAN,59,1
N26-013-00385-ADID,1,1
N26-013-00385-ADID,2,1
N26-013-00385-ADID,13,1
N26-074-00386-BOWF,69,1
N26-074-00386-BOWF,70,1
N26-074-00386-BOWF,74,1
N26-045-00387-STER,36,1
N26-045-00387-STER,38,1
N26-045-00387-STER,45,1
N26-081-00388-VALV,77,1
N26-081-00388-VALV,80,1
N26-081-00388-VALV,81,1
N26-023-00389-CHAR,19,1
N26-023-00389-CHAR,20,1
N26-023-00389-CHAR,23,1
N26-057-00390-GAIA,49,1
N26-057-00390-GAIA,52,1
N26-057-00390-GAIA,57,1
N26-068-00391-GRIS,60,1
N26-068-00391-GRIS,62,1
N26-068-00391-GRIS,68,1
N26-066-00392-MACX,60,1
N26-066-00392-MACX,61,1
N26-066-00392-MACX,66,1
N26-041-00393-APPL,36,1
N26-041-00393-APPL,37,1
N26-041-00393-APPL,41,1
N26-033-00394-NEWE,28,1
N26-033-00394-NEWE,33,1
N26-072-00395-CHAR,69,1
N26-072-00395-CHAR,72,1
N26-048-00396-SAMS,36,1
N26-048-00396-SAMS,40,1
N26-048-00396-SAMS,48,1
N26-006-00397-CUID,1,1
N26-006-00397-CUID,2,1
N26-006-00397-CUID,6,1
N26-088-00398-BICX,84,1
N26-088-00398-BICX,86,1
N26-088-00398-BICX,88,1
N26-068-00399-NIVE,60,1
N26-068-00399-NIVE,62,1
N26-068-00399-NIVE,68,1
N26-068-00399-NIVE,96,1
N26-068-00399-NIVE,97,1
N26-012-00400-CUID,1,1
N26-012-00400-CUID,4,1
N26-012-00400-CUID,12,1
N26-076-00401-OZAR,69,1
N26-076-00401-OZAR,76,1
N26-027-00402-HAVA,19,1
N26-027-00402-HAVA,22,1
N26-027-00402-HAVA,27,1
N26-074-00403-BOWF,69,1
N26-074-00403-BOWF,70,1
N26-074-00403-BOWF,74,1
N26-087-00404-PACK,84,1
N26-087-00404-PACK,85,1
N26-087-00404-PACK,87,1
N26-071-00405-NIKE,69,1
N26-071-00405-NIKE,71,1
N26-094-00406-HILL,93,1
N26-094-00406-HILL,94,1
N26-094-00406-HILL,96,1
N26-094-00406-HILL,97,1
N26-017-00407-NIKE,1,1
N26-017-00407-NIKE,4,1
N26-017-00407-NIKE,17,1
N26-055-00408-OSTE,49,1
N26-055-00408-OSTE,51,1
N26-055-00408-OSTE,55,1
N26-035-00409-FOSS,28,1
N26-035-00409-FOSS,35,1
N26-035-00409-FOSS,96,1
N26-035-00409-FOSS,97,1
N26-063-00410-PANT,60,1
N26-063-00410-PANT,63,1
N26-032-00411-VOGU,28,1
N26-032-00411-VOGU,32,1
N26-075-00412-VOIT,69,1
N26-075-00412-VOIT,70,1
N26-075-00412-VOIT,75,1
N26-008-00413-CUID,1,1
N26-008-00413-CUID,3,1
N26-008-00413-CUID,8,1
N26-091-00414-MIKE,89,1
N26-091-00414-MIKE,91,1
N26-091-00414-MIKE,96,1
N26-091-00414-MIKE,98,1
N26-027-00415-ADID,19,1
N26-027-00415-ADID,22,1
N26-027-00415-ADID,27,1
N26-013-00416-LEVI,1,1
N26-013-00416-LEVI,2,1
N26-013-00416-LEVI,13,1
N26-033-00417-NIKE,28,1
N26-033-00417-NIKE,33,1
N26-087-00418-MCGR,84,1
N26-087-00418-MCGR,85,1
N26-087-00418-MCGR,87,1
N26-029-00419-SAMS,28,1
N26-029-00419-SAMS,29,1
N26-029-00419-SAMS,96,1
N26-029-00419-SAMS,97,1
N26-014-00420-CUID,1,1
N26-014-00420-CUID,2,1
N26-014-00420-CUID,14,1
N26-013-00421-NIKE,1,1
N26-013-00421-NIKE,2,1
N26-013-00421-NIKE,13,1
N26-081-00422-XBOX,77,1
N26-081-00422-XBOX,80,1
N26-081-00422-XBOX,81,1
N26-081-00422-XBOX,96,1
N26-081-00422-XBOX,99,1
N26-048-00423-HISE,36,1
N26-048-00423-HISE,40,1
N26-048-00423-HISE,48,1
N26-010-00424-CHAR,1,1
N26-010-00424-CHAR,4,1
N26-010-00424-CHAR,10,1
N26-083-00425-DEVI,77,1
N26-083-00425-DEVI,83,1
N26-079-00426-DIST,77,1
N26-079-00426-DIST,79,1
N26-035-00427-PINE,28,1
N26-035-00427-PINE,35,1
N26-048-00428-HISE,36,1
N26-048-00428-HISE,40,1
N26-048-00428-HISE,48,1
N26-048-00428-HISE,96,1
N26-048-00428-HISE,97,1
N26-064-00429-DIOR,60,1
N26-064-00429-DIOR,64,1
N26-026-00430-DRMA,19,1
N26-026-00430-DRMA,21,1
N26-026-00430-DRMA,26,1
N26-026-00430-DRMA,96,1
N26-026-00430-DRMA,97,1
N26-048-00431-HISE,36,1
N26-048-00431-HISE,40,1
N26-048-00431-HISE,48,1
N26-034-00432-LEVI,28,1
N26-034-00432-LEVI,34,1
N26-075-00433-NIKE,69,1
N26-075-00433-NIKE,70,1
N26-075-00433-NIKE,75,1
N26-075-00433-NIKE,96,1
N26-075-00433-NIKE,97,1
N26-090-00434-MIKE,89,1
N26-090-00434-MIKE,90,1
N26-023-00435-PUMA,19,1
N26-023-00435-PUMA,20,1
N26-023-00435-PUMA,23,1
N26-083-00436-DEVI,77,1
N26-083-00436-DEVI,83,1
N26-059-00437-HOME,49,1
N26-059-00437-HOME,54,1
N26-059-00437-HOME,59,1
N26-057-00438-GAIA,49,1
N26-057-00438-GAIA,52,1
N26-057-00438-GAIA,57,1
N26-035-00439-TOMM,28,1
N26-035-00439-TOMM,35,1
N26-035-00439-TOMM,96,1
N26-035-00439-TOMM,98,1
N26-013-00440-CUID,1,1
N26-013-00440-CUID,2,1
N26-013-00440-CUID,13,1
N26-072-00441-CHAR,69,1
N26-072-00441-CHAR,72,1
N26-008-00442-CUID,1,1
N26-008-00442-CUID,3,1
N26-008-00442-CUID,8,1
N26-055-00443-OSTE,49,1
N26-055-00443-OSTE,51,1
N26-055-00443-OSTE,55,1
N26-066-00444-BISS,60,1
N26-066-00444-BISS,61,1
N26-066-00444-BISS,66,1
N26-033-00445-NEWE,28,1
N26-033-00445-NEWE,33,1
N26-033-00445-NEWE,96,1
N26-033-00445-NEWE,100,1
N26-064-00446-PAIP,60,1
N26-064-00446-PAIP,64,1
N26-065-00447-NYXX,60,1
N26-065-00447-NYXX,61,1
N26-065-00447-NYXX,65,1
N26-031-00448-CASI,28,1
N26-031-00448-CASI,31,1
N26-058-00449-TAPO,49,1
N26-058-00449-TAPO,53,1
N26-058-00449-TAPO,58,1
N26-016-00450-MANG,1,1
N26-016-00450-MANG,3,1
N26-016-00450-MANG,16,1
N26-016-00450-MANG,96,1
N26-016-00450-MANG,100,1
N26-043-00451-PERF,36,1
N26-043-00451-PERF,37,1
N26-043-00451-PERF,43,1
N26-065-00452-MACX,60,1
N26-065-00452-MACX,61,1
N26-065-00452-MACX,65,1
N26-091-00453-MIKE,89,1
N26-091-00453-MIKE,91,1
N26-023-00454-NIKE,19,1
N26-023-00454-NIKE,20,1
N26-023-00454-NIKE,23,1
N26-023-00454-NIKE,96,1
N26-023-00454-NIKE,100,1
N26-046-00455-STER,36,1
N26-046-00455-STER,39,1
N26-046-00455-STER,46,1
N26-046-00455-STER,96,1
N26-046-00455-STER,98,1
N26-064-00456-CARO,60,1
N26-064-00456-CARO,64,1
N26-056-00457-DELO,49,1
N26-056-00457-DELO,51,1
N26-056-00457-DELO,56,1
N26-032-00458-RAYB,28,1
N26-032-00458-RAYB,32,1
N26-031-00459-FOSS,28,1
N26-031-00459-FOSS,31,1
N26-031-00459-FOSS,96,1
N26-031-00459-FOSS,99,1
N26-074-00460-CAPB,69,1
N26-074-00460-CAPB,70,1
N26-074-00460-CAPB,74,1
N26-074-00460-CAPB,96,1
N26-074-00460-CAPB,97,1
N26-055-00461-OSTE,49,1
N26-055-00461-OSTE,51,1
N26-055-00461-OSTE,55,1
N26-055-00461-OSTE,96,1
N26-055-00461-OSTE,97,1
N26-056-00462-OSTE,49,1
N26-056-00462-OSTE,51,1
N26-056-00462-OSTE,56,1
N26-074-00463-VOIT,69,1
N26-074-00463-VOIT,70,1
N26-074-00463-VOIT,74,1
N26-090-00464-BOSC,89,1
N26-090-00464-BOSC,90,1
N26-015-00465-HMXX,1,1
N26-015-00465-HMXX,3,1
N26-015-00465-HMXX,15,1
N26-079-00466-LEGO,77,1
N26-079-00466-LEGO,79,1
N26-079-00466-LEGO,96,1
N26-079-00466-LEGO,97,1
N26-030-00467-PAND,28,1
N26-030-00467-PAND,30,1
N26-030-00467-PAND,96,1
N26-030-00467-PAND,100,1
N26-044-00468-LANI,36,1
N26-044-00468-LANI,38,1
N26-044-00468-LANI,44,1
N26-092-00469-NGKX,89,1
N26-092-00469-NGKX,92,1
N26-092-00469-NGKX,96,1
N26-092-00469-NGKX,99,1
N26-082-00470-STER,77,1
N26-082-00470-STER,80,1
N26-082-00470-STER,82,1
N26-010-00471-CART,1,1
N26-010-00471-CART,4,1
N26-010-00471-CART,10,1
N26-015-00472-CAXX,1,1
N26-015-00472-CAXX,3,1
N26-015-00472-CAXX,15,1
N26-015-00472-CAXX,96,1
N26-015-00472-CAXX,99,1
N26-081-00473-VALV,77,1
N26-081-00473-VALV,80,1
N26-081-00473-VALV,81,1
N26-030-00474-TOUS,28,1
N26-030-00474-TOUS,30,1
N26-012-00475-CUID,1,1
N26-012-00475-CUID,4,1
N26-012-00475-CUID,12,1
N26-012-00475-CUID,96,1
N26-012-00475-CUID,99,1
N26-016-00476-MASS,1,1
N26-016-00476-MASS,3,1
N26-016-00476-MASS,16,1
N26-076-00477-THEN,69,1
N26-076-00477-THEN,76,1
N26-079-00478-DIST,77,1
N26-079-00478-DIST,79,1
N26-071-00479-PIRM,69,1
N26-071-00479-PIRM,71,1
N26-011-00480-CHAR,1,1
N26-011-00480-CHAR,4,1
N26-011-00480-CHAR,11,1
N26-011-00480-CHAR,96,1
N26-011-00480-CHAR,100,1
N26-044-00481-SAMS,36,1
N26-044-00481-SAMS,38,1
N26-044-00481-SAMS,44,1
N26-044-00481-SAMS,96,1
N26-044-00481-SAMS,98,1
N26-066-00482-BISS,60,1
N26-066-00482-BISS,61,1
N26-066-00482-BISS,66,1
N26-066-00482-BISS,96,1
N26-066-00482-BISS,100,1
N26-081-00483-NINT,77,1
N26-081-00483-NINT,80,1
N26-081-00483-NINT,81,1
N26-081-00483-NINT,96,1
N26-081-00483-NINT,97,1
N26-014-00484-CUID,1,1
N26-014-00484-CUID,2,1
N26-014-00484-CUID,14,1
N26-092-00485-GONH,89,1
N26-092-00485-GONH,92,1
N26-083-00486-RAVE,77,1
N26-083-00486-RAVE,83,1
N26-024-00487-FLEX,19,1
N26-024-00487-FLEX,20,1
N26-024-00487-FLEX,24,1
N26-024-00487-FLEX,96,1
N26-024-00487-FLEX,97,1
N26-035-00488-FOSS,28,1
N26-035-00488-FOSS,35,1
N26-088-00489-BICX,84,1
N26-088-00489-BICX,86,1
N26-088-00489-BICX,88,1
N26-042-00490-VORA,36,1
N26-042-00490-VORA,37,1
N26-042-00490-VORA,42,1
N26-065-00491-MAYB,60,1
N26-065-00491-MAYB,61,1
N26-065-00491-MAYB,65,1
N26-059-00492-IKEA,49,1
N26-059-00492-IKEA,54,1
N26-059-00492-IKEA,59,1
N26-005-00493-CUID,1,1
N26-005-00493-CUID,2,1
N26-005-00493-CUID,5,1
N26-055-00494-NINJ,49,1
N26-055-00494-NINJ,51,1
N26-055-00494-NINJ,55,1
N26-023-00495-SKEC,19,1
N26-023-00495-SKEC,20,1
N26-023-00495-SKEC,23,1
N26-063-00496-GRIS,60,1
N26-063-00496-GRIS,63,1
N26-057-00497-BOCO,49,1
N26-057-00497-BOCO,52,1
N26-057-00497-BOCO,57,1
N26-063-00498-GARN,60,1
N26-063-00498-GARN,63,1
N26-063-00498-GARN,96,1
N26-063-00498-GARN,97,1
N26-064-00499-NATU,60,1
N26-064-00499-NATU,64,1
N26-044-00500-LANI,36,1
N26-044-00500-LANI,38,1
N26-044-00500-LANI,44,1
N26-044-00500-LANI,96,1
N26-044-00500-LANI,97,1
N26-035-00501-FOSS,28,1
N26-035-00501-FOSS,35,1
N26-059-00502-HOME,49,1
N26-059-00502-HOME,54,1
N26-059-00502-HOME,59,1
N26-009-00503-BABY,1,1
N26-009-00503-BABY,4,1
N26-009-00503-BABY,9,1
N26-032-00504-RAYB,28,1
N26-032-00504-RAYB,32,1
N26-083-00505-DEVI,77,1
N26-083-00505-DEVI,83,1
N26-006-00506-ZARA,1,1
N26-006-00506-ZARA,2,1
N26-006-00506-ZARA,6,1
N26-006-00506-ZARA,96,1
N26-006-00506-ZARA,100,1
N26-016-00507-ZARA,1,1
N26-016-00507-ZARA,3,1
N26-016-00507-ZARA,16,1
N26-016-00507-ZARA,96,1
N26-016-00507-ZARA,98,1
N26-073-00508-BENO,69,1
N26-073-00508-BENO,73,1
N26-081-00509-PLAY,77,1
N26-081-00509-PLAY,80,1
N26-081-00509-PLAY,81,1
N26-071-00510-ADID,69,1
N26-071-00510-ADID,71,1
N26-071-00510-ADID,96,1
N26-071-00510-ADID,98,1
N26-009-00511-GERB,1,1
N26-009-00511-GERB,4,1
N26-009-00511-GERB,9,1
N26-056-00512-NESP,49,1
N26-056-00512-NESP,51,1
N26-056-00512-NESP,56,1
N26-056-00512-NESP,96,1
N26-056-00512-NESP,98,1
N26-072-00513-CHAR,69,1
N26-072-00513-CHAR,72,1
N26-076-00514-THEN,69,1
N26-076-00514-THEN,76,1
N26-047-00515-STER,36,1
N26-047-00515-STER,39,1
N26-047-00515-STER,47,1
N26-047-00515-STER,96,1
N26-047-00515-STER,99,1
N26-047-00516-STER,36,1
N26-047-00516-STER,39,1
N26-047-00516-STER,47,1
N26-047-00516-STER,96,1
N26-047-00516-STER,99,1
N26-055-00517-HAMI,49,1
N26-055-00517-HAMI,51,1
N26-055-00517-HAMI,55,1
N26-055-00517-HAMI,96,1
N26-055-00517-HAMI,100,1
N26-008-00518-HMXX,1,1
N26-008-00518-HMXX,3,1
N26-008-00518-HMXX,8,1
N26-094-00519-NUPE,93,1
N26-094-00519-NUPE,94,1
N26-094-00519-NUPE,96,1
N26-094-00519-NUPE,99,1
N26-012-00520-CUID,1,1
N26-012-00520-CUID,4,1
N26-012-00520-CUID,12,1
N26-095-00521-NUPE,93,1
N26-095-00521-NUPE,95,1
N26-073-00522-BENO,69,1
N26-073-00522-BENO,73,1
N26-041-00523-LANI,36,1
N26-041-00523-LANI,37,1
N26-041-00523-LANI,41,1
N26-041-00523-LANI,96,1
N26-041-00523-LANI,98,1
N26-087-00524-MCGR,84,1
N26-087-00524-MCGR,85,1
N26-087-00524-MCGR,87,1
N26-044-00525-MOTO,36,1
N26-044-00525-MOTO,38,1
N26-044-00525-MOTO,44,1
N26-005-00526-MASS,1,1
N26-005-00526-MASS,2,1
N26-005-00526-MASS,5,1
N26-005-00527-CUID,1,1
N26-005-00527-CUID,2,1
N26-005-00527-CUID,5,1
N26-078-00528-NATI,77,1
N26-078-00528-NATI,78,1
N26-005-00529-HUGO,1,1
N26-005-00529-HUGO,2,1
N26-005-00529-HUGO,5,1
N26-073-00530-GIAN,69,1
N26-073-00530-GIAN,73,1
N26-064-00531-CARO,60,1
N26-064-00531-CARO,64,1
N26-082-00532-LOGI,77,1
N26-082-00532-LOGI,80,1
N26-082-00532-LOGI,82,1
N26-082-00532-LOGI,96,1
N26-082-00532-LOGI,97,1
N26-057-00533-ASHL,49,1
N26-057-00533-ASHL,52,1
N26-057-00533-ASHL,57,1
N26-055-00534-OSTE,49,1
N26-055-00534-OSTE,51,1
N26-055-00534-OSTE,55,1
N26-027-00535-NIKE,19,1
N26-027-00535-NIKE,22,1
N26-027-00535-NIKE,27,1
N26-078-00536-CLEM,77,1
N26-078-00536-CLEM,78,1
N26-013-00537-HMXX,1,1
N26-013-00537-HMXX,2,1
N26-013-00537-HMXX,13,1
N26-015-00538-MASS,1,1
N26-015-00538-MASS,3,1
N26-015-00538-MASS,15,1
N26-055-00539-HAMI,49,1
N26-055-00539-HAMI,51,1
N26-055-00539-HAMI,55,1
N26-063-00540-LORA,60,1
N26-063-00540-LORA,63,1
N26-063-00540-LORA,96,1
N26-063-00540-LORA,100,1
N26-017-00541-NIKE,1,1
N26-017-00541-NIKE,4,1
N26-017-00541-NIKE,17,1
N26-073-00542-SHIM,69,1
N26-073-00542-SHIM,73,1
N26-094-00543-PURI,93,1
N26-094-00543-PURI,94,1
N26-065-00544-MAYB,60,1
N26-065-00544-MAYB,61,1
N26-065-00544-MAYB,65,1
N26-065-00544-MAYB,96,1
N26-065-00544-MAYB,97,1
N26-007-00545-MANG,1,1
N26-007-00545-MANG,3,1
N26-007-00545-MANG,7,1
N26-007-00545-MANG,96,1
N26-007-00545-MANG,97,1
N26-016-00546-MANG,1,1
N26-016-00546-MANG,3,1
N26-016-00546-MANG,16,1
N26-078-00547-FISH,77,1
N26-078-00547-FISH,78,1
N26-071-00548-ADID,69,1
N26-071-00548-ADID,71,1
N26-071-00548-ADID,96,1
N26-071-00548-ADID,97,1
N26-008-00549-BERS,1,1
N26-008-00549-BERS,3,1
N26-008-00549-BERS,8,1
N26-027-00550-HAVA,19,1
N26-027-00550-HAVA,22,1
N26-027-00550-HAVA,27,1
N26-027-00550-HAVA,96,1
N26-027-00550-HAVA,99,1
N26-011-00551-ZARA,1,1
N26-011-00551-ZARA,4,1
N26-011-00551-ZARA,11,1
N26-057-00552-BOCO,49,1
N26-057-00552-BOCO,52,1
N26-057-00552-BOCO,57,1
N26-057-00552-BOCO,96,1
N26-057-00552-BOCO,97,1
N26-044-00553-APPL,36,1
N26-044-00553-APPL,38,1
N26-044-00553-APPL,44,1
N26-044-00553-APPL,96,1
N26-044-00553-APPL,100,1
N26-059-00554-HOME,49,1
N26-059-00554-HOME,54,1
N26-059-00554-HOME,59,1
N26-035-00555-TOMM,28,1
N26-035-00555-TOMM,35,1
N26-079-00556-DIST,77,1
N26-079-00556-DIST,79,1
N26-017-00557-CUID,1,1
N26-017-00557-CUID,4,1
N26-017-00557-CUID,17,1
N26-094-00558-NUPE,93,1
N26-094-00558-NUPE,94,1
N26-094-00558-NUPE,96,1
N26-094-00558-NUPE,100,1
N26-059-00559-LUUN,49,1
N26-059-00559-LUUN,54,1
N26-059-00559-LUUN,59,1
N26-007-00560-HMXX,1,1
N26-007-00560-HMXX,3,1
N26-007-00560-HMXX,7,1
N26-024-00561-FLEX,19,1
N26-024-00561-FLEX,20,1
N26-024-00561-FLEX,24,1
N26-030-00562-THOM,28,1
N26-030-00562-THOM,30,1
N26-029-00563-HERS,28,1
N26-029-00563-HERS,29,1
N26-014-00564-ZARA,1,1
N26-014-00564-ZARA,2,1
N26-014-00564-ZARA,14,1
N26-018-00565-PIRM,1,1
N26-018-00565-PIRM,4,1
N26-018-00565-PIRM,18,1
N26-018-00565-PIRM,96,1
N26-018-00565-PIRM,97,1
N26-067-00566-GRIS,60,1
N26-067-00566-GRIS,62,1
N26-067-00566-GRIS,67,1
N26-065-00567-MACX,60,1
N26-065-00567-MACX,61,1
N26-065-00567-MACX,65,1
N26-032-00568-POLA,28,1
N26-032-00568-POLA,32,1
N26-076-00569-THEN,69,1
N26-076-00569-THEN,76,1
N26-076-00570-OZAR,69,1
N26-076-00570-OZAR,76,1
N26-078-00571-MIAL,77,1
N26-078-00571-MIAL,78,1
N26-010-00572-CAXX,1,1
N26-010-00572-CAXX,4,1
N26-010-00572-CAXX,10,1
N26-010-00572-CAXX,96,1
N26-010-00572-CAXX,97,1
N26-087-00573-PEAR,84,1
N26-087-00573-PEAR,85,1
N26-087-00573-PEAR,87,1
N26-059-00574-IKEA,49,1
N26-059-00574-IKEA,54,1
N26-059-00574-IKEA,59,1
N26-025-00575-ZARA,19,1
N26-025-00575-ZARA,21,1
N26-025-00575-ZARA,25,1
N26-066-00576-MACX,60,1
N26-066-00576-MACX,61,1
N26-066-00576-MACX,66,1
N26-090-00577-MIKE,89,1
N26-090-00577-MIKE,90,1
N26-071-00578-VOIT,69,1
N26-071-00578-VOIT,71,1
N26-094-00579-NUPE,93,1
N26-094-00579-NUPE,94,1
N26-094-00579-NUPE,96,1
N26-094-00579-NUPE,98,1
N26-087-00580-PACK,84,1
N26-087-00580-PACK,85,1
N26-087-00580-PACK,87,1
N26-074-00581-DECA,69,1
N26-074-00581-DECA,70,1
N26-074-00581-DECA,74,1
N26-044-00582-MOTO,36,1
N26-044-00582-MOTO,38,1
N26-044-00582-MOTO,44,1
N26-074-00583-BOWF,69,1
N26-074-00583-BOWF,70,1
N26-074-00583-BOWF,74,1
N26-074-00583-BOWF,96,1
N26-074-00583-BOWF,100,1
N26-095-00584-ROYA,93,1
N26-095-00584-ROYA,95,1
N26-033-00585-NEWE,28,1
N26-033-00585-NEWE,33,1
N26-064-00586-PAIP,60,1
N26-064-00586-PAIP,64,1
N26-016-00587-CAXX,1,1
N26-016-00587-CAXX,3,1
N26-016-00587-CAXX,16,1
N26-058-00588-IKEA,49,1
N26-058-00588-IKEA,53,1
N26-058-00588-IKEA,58,1
N26-058-00588-IKEA,96,1
N26-058-00588-IKEA,97,1
N26-057-00589-GAIA,49,1
N26-057-00589-GAIA,52,1
N26-057-00589-GAIA,57,1
N26-078-00590-NATI,77,1
N26-078-00590-NATI,78,1
N26-029-00591-KIPL,28,1
N26-029-00591-KIPL,29,1
N26-092-00592-MONR,89,1
N26-092-00592-MONR,92,1
N26-043-00593-RAZE,36,1
N26-043-00593-RAZE,37,1
N26-043-00593-RAZE,43,1
N26-010-00594-CART,1,1
N26-010-00594-CART,4,1
N26-010-00594-CART,10,1
N26-048-00595-SONY,36,1
N26-048-00595-SONY,40,1
N26-048-00595-SONY,48,1
N26-032-00596-OAKL,28,1
N26-032-00596-OAKL,32,1
N26-090-00597-MIKE,89,1
N26-090-00597-MIKE,90,1
N26-056-00598-KOBL,49,1
N26-056-00598-KOBL,51,1
N26-056-00598-KOBL,56,1
N26-029-00599-PINE,28,1
N26-029-00599-PINE,29,1
N26-029-00599-PINE,96,1
N26-029-00599-PINE,97,1
N26-048-00600-LGXX,36,1
N26-048-00600-LGXX,40,1
N26-048-00600-LGXX,48,1
N26-010-00601-CHAR,1,1
N26-010-00601-CHAR,4,1
N26-010-00601-CHAR,10,1
N26-010-00601-CHAR,96,1
N26-010-00601-CHAR,98,1
N26-065-00602-PAIP,60,1
N26-065-00602-PAIP,61,1
N26-065-00602-PAIP,65,1
N26-082-00603-LOGI,77,1
N26-082-00603-LOGI,80,1
N26-082-00603-LOGI,82,1
N26-082-00603-LOGI,96,1
N26-082-00603-LOGI,98,1
N26-083-00604-ASMO,77,1
N26-083-00604-ASMO,83,1
N26-026-00605-FLEX,19,1
N26-026-00605-FLEX,21,1
N26-026-00605-FLEX,26,1
N26-015-00606-CAXX,1,1
N26-015-00606-CAXX,3,1
N26-015-00606-CAXX,15,1
N26-015-00606-CAXX,96,1
N26-015-00606-CAXX,97,1
N26-012-00607-HMXX,1,1
N26-012-00607-HMXX,4,1
N26-012-00607-HMXX,12,1
N26-044-00608-APPL,36,1
N26-044-00608-APPL,38,1
N26-044-00608-APPL,44,1
N26-091-00609-TURT,89,1
N26-091-00609-TURT,91,1
N26-027-00610-HAVA,19,1
N26-027-00610-HAVA,22,1
N26-027-00610-HAVA,27,1
N26-027-00610-HAVA,96,1
N26-027-00610-HAVA,97,1
N26-063-00611-GRIS,60,1
N26-063-00611-GRIS,63,1
N26-058-00612-PHIL,49,1
N26-058-00612-PHIL,53,1
N26-058-00612-PHIL,58,1
N26-056-00613-HAMI,49,1
N26-056-00613-HAMI,51,1
N26-056-00613-HAMI,56,1
N26-006-00614-HMXX,1,1
N26-006-00614-HMXX,2,1
N26-006-00614-HMXX,6,1
N26-072-00615-ADID,69,1
N26-072-00615-ADID,72,1
N26-063-00616-GRIS,60,1
N26-063-00616-GRIS,63,1
N26-063-00616-GRIS,96,1
N26-063-00616-GRIS,97,1
N26-015-00617-HMXX,1,1
N26-015-00617-HMXX,3,1
N26-015-00617-HMXX,15,1
N26-006-00618-PULL,1,1
N26-006-00618-PULL,2,1
N26-006-00618-PULL,6,1
N26-030-00619-SWAR,28,1
N26-030-00619-SWAR,30,1
N26-091-00620-ARMO,89,1
N26-091-00620-ARMO,91,1
N26-091-00620-ARMO,96,1
N26-091-00620-ARMO,99,1
N26-044-00621-LANI,36,1
N26-044-00621-LANI,38,1
N26-044-00621-LANI,44,1
N26-044-00621-LANI,96,1
N26-044-00621-LANI,99,1
N26-045-00622-STER,36,1
N26-045-00622-STER,38,1
N26-045-00622-STER,45,1
N26-058-00623-TECN,49,1
N26-058-00623-TECN,53,1
N26-058-00623-TECN,58,1
N26-025-00624-FLEX,19,1
N26-025-00624-FLEX,21,1
N26-025-00624-FLEX,25,1
N26-025-00624-FLEX,96,1
N26-025-00624-FLEX,97,1
N26-016-00625-MANG,1,1
N26-016-00625-MANG,3,1
N26-016-00625-MANG,16,1
N26-072-00626-CHAR,69,1
N26-072-00626-CHAR,72,1
N26-072-00626-CHAR,96,1
N26-072-00626-CHAR,98,1
N26-045-00627-STER,36,1
N26-045-00627-STER,38,1
N26-045-00627-STER,45,1
N26-014-00628-WRAN,1,1
N26-014-00628-WRAN,2,1
N26-014-00628-WRAN,14,1
N26-046-00629-JBLX,36,1
N26-046-00629-JBLX,39,1
N26-046-00629-JBLX,46,1
N26-064-00630-DIOR,60,1
N26-064-00630-DIOR,64,1
N26-073-00631-BENO,69,1
N26-073-00631-BENO,73,1
N26-011-00632-CHAR,1,1
N26-011-00632-CHAR,4,1
N26-011-00632-CHAR,11,1
N26-027-00633-CROC,19,1
N26-027-00633-CROC,22,1
N26-027-00633-CROC,27,1
N26-063-00634-GRIS,60,1
N26-063-00634-GRIS,63,1
N26-024-00635-FLEX,19,1
N26-024-00635-FLEX,20,1
N26-024-00635-FLEX,24,1
N26-073-00636-GIAN,69,1
N26-073-00636-GIAN,73,1
N26-015-00637-ZARA,1,1
N26-015-00637-ZARA,3,1
N26-015-00637-ZARA,15,1
N26-076-00638-QUEC,69,1
N26-076-00638-QUEC,76,1
N26-076-00639-OZAR,69,1
N26-076-00639-OZAR,76,1
N26-076-00639-OZAR,96,1
N26-076-00639-OZAR,99,1
N26-048-00640-SONY,36,1
N26-048-00640-SONY,40,1
N26-048-00640-SONY,48,1
N26-079-00641-FUNK,77,1
N26-079-00641-FUNK,79,1
N26-042-00642-CRUC,36,1
N26-042-00642-CRUC,37,1
N26-042-00642-CRUC,42,1
N26-042-00643-VORA,36,1
N26-042-00643-VORA,37,1
N26-042-00643-VORA,42,1
N26-042-00643-VORA,96,1
N26-042-00643-VORA,99,1
N26-024-00644-ALDO,19,1
N26-024-00644-ALDO,20,1
N26-024-00644-ALDO,24,1
N26-043-00645-MICR,36,1
N26-043-00645-MICR,37,1
N26-043-00645-MICR,43,1
N26-043-00645-MICR,96,1
N26-043-00645-MICR,99,1
N26-090-00646-BOSC,89,1
N26-090-00646-BOSC,90,1
N26-010-00647-CHAR,1,1
N26-010-00647-CHAR,4,1
N26-010-00647-CHAR,10,1
N26-033-00648-PUMA,28,1
N26-033-00648-PUMA,33,1
N26-082-00649-STER,77,1
N26-082-00649-STER,80,1
N26-082-00649-STER,82,1
N26-075-00650-GAIA,69,1
N26-075-00650-GAIA,70,1
N26-075-00650-GAIA,75,1
N26-075-00650-GAIA,96,1
N26-075-00650-GAIA,99,1
N26-025-00651-FLEX,19,1
N26-025-00651-FLEX,21,1
N26-025-00651-FLEX,25,1
N26-094-00652-ROYA,93,1
N26-094-00652-ROYA,94,1
N26-007-00653-MANG,1,1
N26-007-00653-MANG,3,1
N26-007-00653-MANG,7,1
N26-007-00653-MANG,96,1
N26-007-00653-MANG,97,1
N26-059-00654-VIAN,49,1
N26-059-00654-VIAN,54,1
N26-059-00654-VIAN,59,1
N26-059-00654-VIAN,96,1
N26-059-00654-VIAN,100,1
N26-078-00655-MIAL,77,1
N26-078-00655-MIAL,78,1
N26-047-00656-SONO,36,1
N26-047-00656-SONO,39,1
N26-047-00656-SONO,47,1
N26-015-00657-CAXX,1,1
N26-015-00657-CAXX,3,1
N26-015-00657-CAXX,15,1
N26-015-00657-CAXX,96,1
N26-015-00657-CAXX,97,1
N26-059-00658-VIAN,49,1
N26-059-00658-VIAN,54,1
N26-059-00658-VIAN,59,1
N26-015-00659-MANG,1,1
N26-015-00659-MANG,3,1
N26-015-00659-MANG,15,1
N26-032-00660-VOGU,28,1
N26-032-00660-VOGU,32,1
N26-016-00661-MASS,1,1
N26-016-00661-MASS,3,1
N26-016-00661-MASS,16,1
N26-016-00661-MASS,96,1
N26-016-00661-MASS,98,1
N26-048-00662-HISE,36,1
N26-048-00662-HISE,40,1
N26-048-00662-HISE,48,1
N26-017-00663-HMXX,1,1
N26-017-00663-HMXX,4,1
N26-017-00663-HMXX,17,1
N26-030-00664-TOUS,28,1
N26-030-00664-TOUS,30,1
N26-030-00664-TOUS,96,1
N26-030-00664-TOUS,100,1
N26-011-00665-HMXX,1,1
N26-011-00665-HMXX,4,1
N26-011-00665-HMXX,11,1
N26-091-00666-3MXX,89,1
N26-091-00666-3MXX,91,1
N26-091-00666-3MXX,96,1
N26-091-00666-3MXX,98,1
N26-082-00667-STER,77,1
N26-082-00667-STER,80,1
N26-082-00667-STER,82,1
N26-035-00668-FOSS,28,1
N26-035-00668-FOSS,35,1
N26-074-00669-BOWF,69,1
N26-074-00669-BOWF,70,1
N26-074-00669-BOWF,74,1
N26-042-00670-VORA,36,1
N26-042-00670-VORA,37,1
N26-042-00670-VORA,42,1
N26-035-00671-SAMS,28,1
N26-035-00671-SAMS,35,1
N26-088-00672-BARR,84,1
N26-088-00672-BARR,86,1
N26-088-00672-BARR,88,1
N26-065-00673-MACX,60,1
N26-065-00673-MACX,61,1
N26-065-00673-MACX,65,1
N26-090-00674-BOSC,89,1
N26-090-00674-BOSC,90,1
N26-095-00675-NUPE,93,1
N26-095-00675-NUPE,95,1
N26-042-00676-GIGA,36,1
N26-042-00676-GIGA,37,1
N26-042-00676-GIGA,42,1
N26-064-00677-PAIP,60,1
N26-064-00677-PAIP,64,1
N26-087-00678-PORR,84,1
N26-087-00678-PORR,85,1
N26-087-00678-PORR,87,1
N26-087-00678-PORR,96,1
N26-087-00678-PORR,100,1
N26-031-00679-HUAW,28,1
N26-031-00679-HUAW,31,1
N26-057-00680-BOCO,49,1
N26-057-00680-BOCO,52,1
N26-057-00680-BOCO,57,1
N26-057-00680-BOCO,96,1
N26-057-00680-BOCO,100,1
N26-012-00681-PULL,1,1
N26-012-00681-PULL,4,1
N26-012-00681-PULL,12,1
N26-024-00682-FLEX,19,1
N26-024-00682-FLEX,20,1
N26-024-00682-FLEX,24,1
N26-082-00683-STER,77,1
N26-082-00683-STER,80,1
N26-082-00683-STER,82,1
N26-063-00684-GRIS,60,1
N26-063-00684-GRIS,63,1
N26-094-00685-NUPE,93,1
N26-094-00685-NUPE,94,1
N26-010-00686-CHAR,1,1
N26-010-00686-CHAR,4,1
N26-010-00686-CHAR,10,1
N26-078-00687-MIAL,77,1
N26-078-00687-MIAL,78,1
N26-078-00687-MIAL,96,1
N26-078-00687-MIAL,99,1
N26-030-00688-PAND,28,1
N26-030-00688-PAND,30,1
N26-091-00689-MIKE,89,1
N26-091-00689-MIKE,91,1
N26-076-00690-THEN,69,1
N26-076-00690-THEN,76,1
N26-094-00691-GANA,93,1
N26-094-00691-GANA,94,1
N26-033-00692-UNDE,28,1
N26-033-00692-UNDE,33,1
N26-030-00693-TOUS,28,1
N26-030-00693-TOUS,30,1
N26-009-00694-CART,1,1
N26-009-00694-CART,4,1
N26-009-00694-CART,9,1
N26-009-00694-CART,96,1
N26-009-00694-CART,99,1
N26-090-00695-MIKE,89,1
N26-090-00695-MIKE,90,1
N26-090-00695-MIKE,96,1
N26-090-00695-MIKE,98,1
N26-057-00696-GAIA,49,1
N26-057-00696-GAIA,52,1
N26-057-00696-GAIA,57,1
N26-043-00697-MICR,36,1
N26-043-00697-MICR,37,1
N26-043-00697-MICR,43,1
N26-043-00697-MICR,96,1
N26-043-00697-MICR,97,1
N26-035-00698-PINE,28,1
N26-035-00698-PINE,35,1
N26-025-00699-FLEX,19,1
N26-025-00699-FLEX,21,1
N26-025-00699-FLEX,25,1
N26-025-00699-FLEX,96,1
N26-025-00699-FLEX,99,1
N26-023-00700-PIRM,19,1
N26-023-00700-PIRM,20,1
N26-023-00700-PIRM,23,1
N26-095-00701-NUPE,93,1
N26-095-00701-NUPE,95,1
N26-095-00701-NUPE,96,1
N26-095-00701-NUPE,98,1
N26-024-00702-CLAR,19,1
N26-024-00702-CLAR,20,1
N26-024-00702-CLAR,24,1
N26-056-00703-KOBL,49,1
N26-056-00703-KOBL,51,1
N26-056-00703-KOBL,56,1
N26-026-00704-SKEC,19,1
N26-026-00704-SKEC,21,1
N26-026-00704-SKEC,26,1
N26-048-00705-PHIL,36,1
N26-048-00705-PHIL,40,1
N26-048-00705-PHIL,48,1
N26-056-00706-KOBL,49,1
N26-056-00706-KOBL,51,1
N26-056-00706-KOBL,56,1
N26-045-00707-ESRX,36,1
N26-045-00707-ESRX,38,1
N26-045-00707-ESRX,45,1
N26-045-00707-ESRX,96,1
N26-045-00707-ESRX,100,1
N26-027-00708-CART,19,1
N26-027-00708-CART,22,1
N26-027-00708-CART,27,1
N26-027-00708-CART,96,1
N26-027-00708-CART,100,1
N26-023-00709-PIRM,19,1
N26-023-00709-PIRM,20,1
N26-023-00709-PIRM,23,1
N26-092-00710-DENS,89,1
N26-092-00710-DENS,92,1
N26-065-00711-MACX,60,1
N26-065-00711-MACX,61,1
N26-065-00711-MACX,65,1
N26-065-00711-MACX,96,1
N26-065-00711-MACX,97,1
N26-010-00712-CAXX,1,1
N26-010-00712-CAXX,4,1
N26-010-00712-CAXX,10,1
N26-050-00713-KITC,49,1
N26-050-00713-KITC,50,1
N26-079-00714-HASB,77,1
N26-079-00714-HASB,79,1
N26-026-00715-FLEX,19,1
N26-026-00715-FLEX,21,1
N26-026-00715-FLEX,26,1
N26-026-00715-FLEX,96,1
N26-026-00715-FLEX,98,1
N26-029-00716-PINE,28,1
N26-029-00716-PINE,29,1
N26-029-00716-PINE,96,1
N26-029-00716-PINE,100,1
N26-059-00717-IKEA,49,1
N26-059-00717-IKEA,54,1
N26-059-00717-IKEA,59,1
N26-059-00717-IKEA,96,1
N26-059-00717-IKEA,98,1
N26-044-00718-LANI,36,1
N26-044-00718-LANI,38,1
N26-044-00718-LANI,44,1
N26-016-00719-CAXX,1,1
N26-016-00719-CAXX,3,1
N26-016-00719-CAXX,16,1
N26-031-00720-CITI,28,1
N26-031-00720-CITI,31,1
N26-092-00721-NGKX,89,1
N26-092-00721-NGKX,92,1
N26-087-00722-PEAR,84,1
N26-087-00722-PEAR,85,1
N26-087-00722-PEAR,87,1
N26-087-00722-PEAR,96,1
N26-087-00722-PEAR,99,1
N26-032-00723-HAWK,28,1
N26-032-00723-HAWK,32,1
N26-025-00724-FLEX,19,1
N26-025-00724-FLEX,21,1
N26-025-00724-FLEX,25,1
N26-018-00725-PIRM,1,1
N26-018-00725-PIRM,4,1
N26-018-00725-PIRM,18,1
N26-041-00726-DELL,36,1
N26-041-00726-DELL,37,1
N26-041-00726-DELL,41,1
N26-050-00727-VASC,49,1
N26-050-00727-VASC,50,1
N26-009-00728-BABY,1,1
N26-009-00728-BABY,4,1
N26-009-00728-BABY,9,1
N26-009-00728-BABY,96,1
N26-009-00728-BABY,100,1
N26-029-00729-ADID,28,1
N26-029-00729-ADID,29,1
N26-029-00729-ADID,96,1
N26-029-00729-ADID,98,1
N26-057-00730-IKEA,49,1
N26-057-00730-IKEA,52,1
N26-057-00730-IKEA,57,1
N26-063-00731-GARN,60,1
N26-063-00731-GARN,63,1
N26-017-00732-CUID,1,1
N26-017-00732-CUID,4,1
N26-017-00732-CUID,17,1
N26-017-00732-CUID,96,1
N26-017-00732-CUID,97,1
N26-074-00733-VOIT,69,1
N26-074-00733-VOIT,70,1
N26-074-00733-VOIT,74,1
N26-045-00734-STER,36,1
N26-045-00734-STER,38,1
N26-045-00734-STER,45,1
N26-042-00735-KING,36,1
N26-042-00735-KING,37,1
N26-042-00735-KING,42,1
N26-027-00736-CART,19,1
N26-027-00736-CART,22,1
N26-027-00736-CART,27,1
N26-043-00737-MICR,36,1
N26-043-00737-MICR,37,1
N26-043-00737-MICR,43,1
N26-011-00738-CAXX,1,1
N26-011-00738-CAXX,4,1
N26-011-00738-CAXX,11,1
N26-068-00739-NIVE,60,1
N26-068-00739-NIVE,62,1
N26-068-00739-NIVE,68,1
N26-078-00740-FISH,77,1
N26-078-00740-FISH,78,1
N26-035-00741-SAMS,28,1
N26-035-00741-SAMS,35,1
N26-042-00742-SEAG,36,1
N26-042-00742-SEAG,37,1
N26-042-00742-SEAG,42,1
N26-076-00743-NATU,69,1
N26-076-00743-NATU,76,1
N26-045-00744-STER,36,1
N26-045-00744-STER,38,1
N26-045-00744-STER,45,1
N26-072-00745-NIKE,69,1
N26-072-00745-NIKE,72,1
N26-078-00746-LEGO,77,1
N26-078-00746-LEGO,78,1
N26-009-00747-CAXX,1,1
N26-009-00747-CAXX,4,1
N26-009-00747-CAXX,9,1
N26-057-00748-ASHL,49,1
N26-057-00748-ASHL,52,1
N26-057-00748-ASHL,57,1
N26-024-00749-FLEX,19,1
N26-024-00749-FLEX,20,1
N26-024-00749-FLEX,24,1
N26-024-00749-FLEX,96,1
N26-024-00749-FLEX,99,1
N26-033-00750-PUMA,28,1
N26-033-00750-PUMA,33,1
N26-047-00751-STER,36,1
N26-047-00751-STER,39,1
N26-047-00751-STER,47,1
N26-047-00751-STER,96,1
N26-047-00751-STER,98,1
N26-083-00752-ASMO,77,1
N26-083-00752-ASMO,83,1
N26-043-00753-STER,36,1
N26-043-00753-STER,37,1
N26-043-00753-STER,43,1
N26-032-00754-VOGU,28,1
N26-032-00754-VOGU,32,1
N26-016-00755-MANG,1,1
N26-016-00755-MANG,3,1
N26-016-00755-MANG,16,1
N26-016-00755-MANG,96,1
N26-016-00755-MANG,100,1
N26-041-00756-DELL,36,1
N26-041-00756-DELL,37,1
N26-041-00756-DELL,41,1
N26-041-00757-LANI,36,1
N26-041-00757-LANI,37,1
N26-041-00757-LANI,41,1
N26-083-00758-MATT,77,1
N26-083-00758-MATT,83,1
N26-083-00758-MATT,96,1
N26-083-00758-MATT,100,1
N26-075-00759-MAND,69,1
N26-075-00759-MAND,70,1
N26-075-00759-MAND,75,1
N26-072-00760-ADID,69,1
N26-072-00760-ADID,72,1
N26-059-00761-VIAN,49,1
N26-059-00761-VIAN,54,1
N26-059-00761-VIAN,59,1
N26-094-00762-PURI,93,1
N26-094-00762-PURI,94,1
N26-024-00763-ROCK,19,1
N26-024-00763-ROCK,20,1
N26-024-00763-ROCK,24,1
N26-082-00764-STER,77,1
N26-082-00764-STER,80,1
N26-082-00764-STER,82,1
N26-008-00765-BERS,1,1
N26-008-00765-BERS,3,1
N26-008-00765-BERS,8,1
N26-079-00766-HASB,77,1
N26-079-00766-HASB,79,1
N26-079-00766-HASB,96,1
N26-079-00766-HASB,98,1
N26-071-00767-PUMA,69,1
N26-071-00767-PUMA,71,1
N26-035-00768-SAMS,28,1
N26-035-00768-SAMS,35,1
N26-025-00769-ALDO,19,1
N26-025-00769-ALDO,21,1
N26-025-00769-ALDO,25,1
N26-034-00770-LEVI,28,1
N26-034-00770-LEVI,34,1
N26-034-00770-LEVI,96,1
N26-034-00770-LEVI,99,1
N26-041-00771-ASUS,36,1
N26-041-00771-ASUS,37,1
N26-041-00771-ASUS,41,1
N26-041-00771-ASUS,96,1
N26-041-00771-ASUS,98,1
N26-009-00772-BABY,1,1
N26-009-00772-BABY,4,1
N26-009-00772-BABY,9,1
N26-072-00773-CHAR,69,1
N26-072-00773-CHAR,72,1
N26-072-00773-CHAR,96,1
N26-072-00773-CHAR,99,1
N26-005-00774-CUID,1,1
N26-005-00774-CUID,2,1
N26-005-00774-CUID,5,1
N26-005-00774-CUID,96,1
N26-005-00774-CUID,99,1
N26-087-00775-PACK,84,1
N26-087-00775-PACK,85,1
N26-087-00775-PACK,87,1
N26-034-00776-LEVI,28,1
N26-034-00776-LEVI,34,1
N26-045-00777-UAGX,36,1
N26-045-00777-UAGX,38,1
N26-045-00777-UAGX,45,1
N26-092-00778-GONH,89,1
N26-092-00778-GONH,92,1
N26-015-00779-HMXX,1,1
N26-015-00779-HMXX,3,1
N26-015-00779-HMXX,15,1
N26-017-00780-HMXX,1,1
N26-017-00780-HMXX,4,1
N26-017-00780-HMXX,17,1
N26-063-00781-GRIS,60,1
N26-063-00781-GRIS,63,1
N26-063-00782-GRIS,60,1
N26-063-00782-GRIS,63,1
N26-079-00783-MATT,77,1
N26-079-00783-MATT,79,1
N26-079-00783-MATT,96,1
N26-079-00783-MATT,98,1
N26-035-00784-SAMS,28,1
N26-035-00784-SAMS,35,1
N26-082-00785-STER,77,1
N26-082-00785-STER,80,1
N26-082-00785-STER,82,1
N26-027-00786-CROC,19,1
N26-027-00786-CROC,22,1
N26-027-00786-CROC,27,1
N26-023-00787-CHAR,19,1
N26-023-00787-CHAR,20,1
N26-023-00787-CHAR,23,1
N26-073-00788-BENO,69,1
N26-073-00788-BENO,73,1
N26-048-00789-PHIL,36,1
N26-048-00789-PHIL,40,1
N26-048-00789-PHIL,48,1
N26-048-00789-PHIL,96,1
N26-048-00789-PHIL,98,1
N26-094-00790-HILL,93,1
N26-094-00790-HILL,94,1
N26-094-00790-HILL,96,1
N26-094-00790-HILL,97,1
N26-055-00791-HAMI,49,1
N26-055-00791-HAMI,51,1
N26-055-00791-HAMI,55,1
N26-050-00792-VASC,49,1
N26-050-00792-VASC,50,1
N26-088-00793-PILO,84,1
N26-088-00793-PILO,86,1
N26-088-00793-PILO,88,1
N26-023-00794-ADID,19,1
N26-023-00794-ADID,20,1
N26-023-00794-ADID,23,1
N26-023-00794-ADID,96,1
N26-023-00794-ADID,97,1
N26-091-00795-MIKE,89,1
N26-091-00795-MIKE,91,1
N26-091-00795-MIKE,96,1
N26-091-00795-MIKE,97,1
N26-042-00796-VORA,36,1
N26-042-00796-VORA,37,1
N26-042-00796-VORA,42,1
N26-006-00797-CUID,1,1
N26-006-00797-CUID,2,1
N26-006-00797-CUID,6,1
N26-083-00798-DEVI,77,1
N26-083-00798-DEVI,83,1
N26-083-00798-DEVI,96,1
N26-083-00798-DEVI,99,1
N26-091-00799-MIKE,89,1
N26-091-00799-MIKE,91,1
N26-076-00800-QUEC,69,1
N26-076-00800-QUEC,76,1
N26-075-00801-GAIA,69,1
N26-075-00801-GAIA,70,1
N26-075-00801-GAIA,75,1
N26-030-00802-SWAR,28,1
N26-030-00802-SWAR,30,1
N26-041-00803-LANI,36,1
N26-041-00803-LANI,37,1
N26-041-00803-LANI,41,1
N26-041-00803-LANI,96,1
N26-041-00803-LANI,97,1
N26-033-00804-UNDE,28,1
N26-033-00804-UNDE,33,1
N26-008-00805-BERS,1,1
N26-008-00805-BERS,3,1
N26-008-00805-BERS,8,1
N26-015-00806-MANG,1,1
N26-015-00806-MANG,3,1
N26-015-00806-MANG,15,1
N26-090-00807-BOSC,89,1
N26-090-00807-BOSC,90,1
N26-044-00808-GOOG,36,1
N26-044-00808-GOOG,38,1
N26-044-00808-GOOG,44,1
N26-088-00809-BICX,84,1
N26-088-00809-BICX,86,1
N26-088-00809-BICX,88,1
N26-064-00810-PAIP,60,1
N26-064-00810-PAIP,64,1
N26-087-00811-TRIL,84,1
N26-087-00811-TRIL,85,1
N26-087-00811-TRIL,87,1
N26-079-00812-DIST,77,1
N26-079-00812-DIST,79,1
N26-059-00813-IKEA,49,1
N26-059-00813-IKEA,54,1
N26-059-00813-IKEA,59,1
N26-007-00814-CUID,1,1
N26-007-00814-CUID,3,1
N26-007-00814-CUID,7,1
N26-072-00815-CHAR,69,1
N26-072-00815-CHAR,72,1
N26-031-00816-FOSS,28,1
N26-031-00816-FOSS,31,1
N26-058-00817-IKEA,49,1
N26-058-00817-IKEA,53,1
N26-058-00817-IKEA,58,1
N26-091-00818-MEGU,89,1
N26-091-00818-MEGU,91,1
N26-018-00819-ADID,1,1
N26-018-00819-ADID,4,1
N26-018-00819-ADID,18,1
N26-029-00820-SAMS,28,1
N26-029-00820-SAMS,29,1
N26-067-00821-CERA,60,1
N26-067-00821-CERA,62,1
N26-067-00821-CERA,67,1
N26-012-00822-BERS,1,1
N26-012-00822-BERS,4,1
N26-012-00822-BERS,12,1
N26-012-00822-BERS,96,1
N26-012-00822-BERS,100,1
N26-059-00823-LUUN,49,1
N26-059-00823-LUUN,54,1
N26-059-00823-LUUN,59,1
N26-059-00823-LUUN,96,1
N26-059-00823-LUUN,99,1
N26-081-00824-PLAY,77,1
N26-081-00824-PLAY,80,1
N26-081-00824-PLAY,81,1
N26-006-00825-CUID,1,1
N26-006-00825-CUID,2,1
N26-006-00825-CUID,6,1
N26-029-00826-PINE,28,1
N26-029-00826-PINE,29,1
N26-029-00826-PINE,96,1
N26-029-00826-PINE,97,1
N26-016-00827-HMXX,1,1
N26-016-00827-HMXX,3,1
N26-016-00827-HMXX,16,1
N26-034-00828-PINE,28,1
N26-034-00828-PINE,34,1
N26-014-00829-CUID,1,1
N26-014-00829-CUID,2,1
N26-014-00829-CUID,14,1
N26-024-00830-FLEX,19,1
N26-024-00830-FLEX,20,1
N26-024-00830-FLEX,24,1
N26-024-00830-FLEX,96,1
N26-024-00830-FLEX,99,1
N26-034-00831-HUGO,28,1
N26-034-00831-HUGO,34,1
N26-013-00832-HMXX,1,1
N26-013-00832-HMXX,2,1
N26-013-00832-HMXX,13,1
N26-013-00832-HMXX,96,1
N26-013-00832-HMXX,97,1
N26-027-00833-ADID,19,1
N26-027-00833-ADID,22,1
N26-027-00833-ADID,27,1
N26-015-00834-MANG,1,1
N26-015-00834-MANG,3,1
N26-015-00834-MANG,15,1
N26-010-00835-PIRM,1,1
N26-010-00835-PIRM,4,1
N26-010-00835-PIRM,10,1
N26-010-00835-PIRM,96,1
N26-010-00835-PIRM,97,1
N26-044-00836-LANI,36,1
N26-044-00836-LANI,38,1
N26-044-00836-LANI,44,1
N26-044-00836-LANI,96,1
N26-044-00836-LANI,97,1
N26-074-00837-CAPB,69,1
N26-074-00837-CAPB,70,1
N26-074-00837-CAPB,74,1
N26-008-00838-CUID,1,1
N26-008-00838-CUID,3,1
N26-008-00838-CUID,8,1
N26-008-00838-CUID,96,1
N26-008-00838-CUID,99,1
N26-031-00839-SEIK,28,1
N26-031-00839-SEIK,31,1
N26-014-00840-CUID,1,1
N26-014-00840-CUID,2,1
N26-014-00840-CUID,14,1
N26-027-00841-HAVA,19,1
N26-027-00841-HAVA,22,1
N26-027-00841-HAVA,27,1
N26-007-00842-MASS,1,1
N26-007-00842-MASS,3,1
N26-007-00842-MASS,7,1
N26-068-00843-NIVE,60,1
N26-068-00843-NIVE,62,1
N26-068-00843-NIVE,68,1
N26-043-00844-RAZE,36,1
N26-043-00844-RAZE,37,1
N26-043-00844-RAZE,43,1
N26-043-00845-RAZE,36,1
N26-043-00845-RAZE,37,1
N26-043-00845-RAZE,43,1
N26-043-00845-RAZE,96,1
N26-043-00845-RAZE,99,1
N26-005-00846-DOCK,1,1
N26-005-00846-DOCK,2,1
N26-005-00846-DOCK,5,1
N26-029-00847-HERS,28,1
N26-029-00847-HERS,29,1
N26-031-00848-HUAW,28,1
N26-031-00848-HUAW,31,1
N26-031-00848-HUAW,96,1
N26-031-00848-HUAW,98,1
N26-074-00849-BOWF,69,1
N26-074-00849-BOWF,70,1
N26-074-00849-BOWF,74,1
N26-006-00850-CUID,1,1
N26-006-00850-CUID,2,1
N26-006-00850-CUID,6,1
N26-014-00851-CUID,1,1
N26-014-00851-CUID,2,1
N26-014-00851-CUID,14,1
N26-081-00852-NINT,77,1
N26-081-00852-NINT,80,1
N26-081-00852-NINT,81,1
N26-081-00852-NINT,96,1
N26-081-00852-NINT,98,1
N26-082-00853-RAZE,77,1
N26-082-00853-RAZE,80,1
N26-082-00853-RAZE,82,1
N26-033-00854-ADID,28,1
N26-033-00854-ADID,33,1
N26-033-00854-ADID,96,1
N26-033-00854-ADID,100,1
N26-016-00855-MANG,1,1
N26-016-00855-MANG,3,1
N26-016-00855-MANG,16,1
N26-047-00856-SONO,36,1
N26-047-00856-SONO,39,1
N26-047-00856-SONO,47,1
N26-044-00857-LANI,36,1
N26-044-00857-LANI,38,1
N26-044-00857-LANI,44,1
N26-029-00858-KIPL,28,1
N26-029-00858-KIPL,29,1
N26-029-00858-KIPL,96,1
N26-029-00858-KIPL,98,1
N26-016-00859-MANG,1,1
N26-016-00859-MANG,3,1
N26-016-00859-MANG,16,1
N26-071-00860-PUMA,69,1
N26-071-00860-PUMA,71,1
N26-088-00861-SCRI,84,1
N26-088-00861-SCRI,86,1
N26-088-00861-SCRI,88,1
N26-044-00862-APPL,36,1
N26-044-00862-APPL,38,1
N26-044-00862-APPL,44,1
N26-044-00862-APPL,96,1
N26-044-00862-APPL,98,1
N26-013-00863-CUID,1,1
N26-013-00863-CUID,2,1
N26-013-00863-CUID,13,1
N26-012-00864-ZARA,1,1
N26-012-00864-ZARA,4,1
N26-012-00864-ZARA,12,1
N26-041-00865-LANI,36,1
N26-041-00865-LANI,37,1
N26-041-00865-LANI,41,1
N26-072-00866-NEWB,69,1
N26-072-00866-NEWB,72,1
N26-012-00867-HMXX,1,1
N26-012-00867-HMXX,4,1
N26-012-00867-HMXX,12,1
N26-072-00868-CHAR,69,1
N26-072-00868-CHAR,72,1
N26-081-00869-NINT,77,1
N26-081-00869-NINT,80,1
N26-081-00869-NINT,81,1
N26-056-00870-KOBL,49,1
N26-056-00870-KOBL,51,1
N26-056-00870-KOBL,56,1
N26-056-00870-KOBL,96,1
N26-056-00870-KOBL,97,1
N26-045-00871-STER,36,1
N26-045-00871-STER,38,1
N26-045-00871-STER,45,1
N26-013-00872-ADID,1,1
N26-013-00872-ADID,2,1
N26-013-00872-ADID,13,1
N26-048-00873-TCLX,36,1
N26-048-00873-TCLX,40,1
N26-048-00873-TCLX,48,1
N26-055-00874-KOBL,49,1
N26-055-00874-KOBL,51,1
N26-055-00874-KOBL,55,1
N26-095-00875-PURI,93,1
N26-095-00875-PURI,95,1
N26-095-00876-PURI,93,1
N26-095-00876-PURI,95,1
N26-095-00876-PURI,96,1
N26-095-00876-PURI,100,1
N26-027-00877-HAVA,19,1
N26-027-00877-HAVA,22,1
N26-027-00877-HAVA,27,1
N26-063-00878-GRIS,60,1
N26-063-00878-GRIS,63,1
N26-012-00879-CUID,1,1
N26-012-00879-CUID,4,1
N26-012-00879-CUID,12,1
N26-007-00880-MASS,1,1
N26-007-00880-MASS,3,1
N26-007-00880-MASS,7,1
N26-007-00880-MASS,96,1
N26-007-00880-MASS,97,1
N26-073-00881-GIAN,69,1
N26-073-00881-GIAN,73,1
N26-072-00882-ASIC,69,1
N26-072-00882-ASIC,72,1
N26-064-00883-PAIP,60,1
N26-064-00883-PAIP,64,1
N26-045-00884-BELK,36,1
N26-045-00884-BELK,38,1
N26-045-00884-BELK,45,1
N26-042-00885-ASUS,36,1
N26-042-00885-ASUS,37,1
N26-042-00885-ASUS,42,1
N26-032-00886-HAWK,28,1
N26-032-00886-HAWK,32,1
N26-029-00887-SAMS,28,1
N26-029-00887-SAMS,29,1
N26-079-00888-DIST,77,1
N26-079-00888-DIST,79,1
N26-055-00889-MABE,49,1
N26-055-00889-MABE,51,1
N26-055-00889-MABE,55,1
N26-055-00889-MABE,96,1
N26-055-00889-MABE,98,1
N26-073-00890-TREK,69,1
N26-073-00890-TREK,73,1
N26-073-00890-TREK,96,1
N26-073-00890-TREK,100,1
N26-043-00891-LOGI,36,1
N26-043-00891-LOGI,37,1
N26-043-00891-LOGI,43,1
N26-071-00892-ADID,69,1
N26-071-00892-ADID,71,1
N26-071-00892-ADID,96,1
N26-071-00892-ADID,100,1
N26-067-00893-NEUT,60,1
N26-067-00893-NEUT,62,1
N26-067-00893-NEUT,67,1
N26-067-00893-NEUT,96,1
N26-067-00893-NEUT,99,1
N26-076-00894-OZAR,69,1
N26-076-00894-OZAR,76,1
N26-090-00895-MIKE,89,1
N26-090-00895-MIKE,90,1
N26-094-00896-NUPE,93,1
N26-094-00896-NUPE,94,1
N26-043-00897-STER,36,1
N26-043-00897-STER,37,1
N26-043-00897-STER,43,1
N26-017-00898-HMXX,1,1
N26-017-00898-HMXX,4,1
N26-017-00898-HMXX,17,1
N26-073-00899-SPEC,69,1
N26-073-00899-SPEC,73,1
N26-075-00900-GAIA,69,1
N26-075-00900-GAIA,70,1
N26-075-00900-GAIA,75,1
N26-066-00901-BISS,60,1
N26-066-00901-BISS,61,1
N26-066-00901-BISS,66,1
N26-095-00902-ROYA,93,1
N26-095-00902-ROYA,95,1
N26-083-00903-RAVE,77,1
N26-083-00903-RAVE,83,1
N26-083-00903-RAVE,96,1
N26-083-00903-RAVE,100,1
N26-017-00904-CUID,1,1
N26-017-00904-CUID,4,1
N26-017-00904-CUID,17,1
N26-082-00905-STER,77,1
N26-082-00905-STER,80,1
N26-082-00905-STER,82,1
N26-083-00906-ASMO,77,1
N26-083-00906-ASMO,83,1
N26-083-00906-ASMO,96,1
N26-083-00906-ASMO,98,1
N26-072-00907-NIKE,69,1
N26-072-00907-NIKE,72,1
N26-029-00908-SAMS,28,1
N26-029-00908-SAMS,29,1
N26-029-00908-SAMS,96,1
N26-029-00908-SAMS,100,1
N26-016-00909-MASS,1,1
N26-016-00909-MASS,3,1
N26-016-00909-MASS,16,1
N26-046-00910-BOSE,36,1
N26-046-00910-BOSE,39,1
N26-046-00910-BOSE,46,1
N26-092-00911-GONH,89,1
N26-092-00911-GONH,92,1
N26-072-00912-NIKE,69,1
N26-072-00912-NIKE,72,1
N26-032-00913-VOGU,28,1
N26-032-00913-VOGU,32,1
N26-012-00914-CUID,1,1
N26-012-00914-CUID,4,1
N26-012-00914-CUID,12,1
N26-030-00915-TOUS,28,1
N26-030-00915-TOUS,30,1
N26-078-00916-FISH,77,1
N26-078-00916-FISH,78,1
N26-032-00917-HAWK,28,1
N26-032-00917-HAWK,32,1
N26-032-00917-HAWK,96,1
N26-032-00917-HAWK,97,1
N26-048-00918-PHIL,36,1
N26-048-00918-PHIL,40,1
N26-048-00918-PHIL,48,1
N26-030-00919-THOM,28,1
N26-030-00919-THOM,30,1
N26-088-00920-SCRI,84,1
N26-088-00920-SCRI,86,1
N26-088-00920-SCRI,88,1
N26-076-00921-QUEC,69,1
N26-076-00921-QUEC,76,1
N26-046-00922-STER,36,1
N26-046-00922-STER,39,1
N26-046-00922-STER,46,1
N26-046-00922-STER,96,1
N26-046-00922-STER,100,1
N26-042-00923-VORA,36,1
N26-042-00923-VORA,37,1
N26-042-00923-VORA,42,1
N26-042-00923-VORA,96,1
N26-042-00923-VORA,99,1
N26-072-00924-ADID,69,1
N26-072-00924-ADID,72,1
N26-011-00925-HMXX,1,1
N26-011-00925-HMXX,4,1
N26-011-00925-HMXX,11,1
N26-090-00926-3MXX,89,1
N26-090-00926-3MXX,90,1
N26-063-00927-GRIS,60,1
N26-063-00927-GRIS,63,1
N26-034-00928-LEVI,28,1
N26-034-00928-LEVI,34,1
N26-075-00929-GAIA,69,1
N26-075-00929-GAIA,70,1
N26-075-00929-GAIA,75,1
N26-068-00930-GRIS,60,1
N26-068-00930-GRIS,62,1
N26-068-00930-GRIS,68,1
N26-065-00931-MAYB,60,1
N26-065-00931-MAYB,61,1
N26-065-00931-MAYB,65,1
N26-094-00932-PURI,93,1
N26-094-00932-PURI,94,1
N26-095-00933-HILL,93,1
N26-095-00933-HILL,95,1
N26-095-00933-HILL,96,1
N26-095-00933-HILL,97,1
N26-075-00934-ADID,69,1
N26-075-00934-ADID,70,1
N26-075-00934-ADID,75,1
N26-043-00935-VORA,36,1
N26-043-00935-VORA,37,1
N26-043-00935-VORA,43,1
N26-035-00936-COAC,28,1
N26-035-00936-COAC,35,1
N26-076-00937-NATU,69,1
N26-076-00937-NATU,76,1
N26-047-00938-STER,36,1
N26-047-00938-STER,39,1
N26-047-00938-STER,47,1
N26-046-00939-SONY,36,1
N26-046-00939-SONY,39,1
N26-046-00939-SONY,46,1
N26-046-00939-SONY,96,1
N26-046-00939-SONY,99,1
N26-091-00940-MIKE,89,1
N26-091-00940-MIKE,91,1
N26-050-00941-TRAM,49,1
N26-050-00941-TRAM,50,1
N26-016-00942-MASS,1,1
N26-016-00942-MASS,3,1
N26-016-00942-MASS,16,1
N26-033-00943-PUMA,28,1
N26-033-00943-PUMA,33,1
N26-083-00944-ASMO,77,1
N26-083-00944-ASMO,83,1
N26-017-00945-CUID,1,1
N26-017-00945-CUID,4,1
N26-017-00945-CUID,17,1
N26-071-00946-CHAR,69,1
N26-071-00946-CHAR,71,1
N26-071-00946-CHAR,96,1
N26-071-00946-CHAR,100,1
N26-074-00947-DECA,69,1
N26-074-00947-DECA,70,1
N26-074-00947-DECA,74,1
N26-067-00948-GRIS,60,1
N26-067-00948-GRIS,62,1
N26-067-00948-GRIS,67,1
N26-067-00948-GRIS,96,1
N26-067-00948-GRIS,97,1
N26-065-00949-NYXX,60,1
N26-065-00949-NYXX,61,1
N26-065-00949-NYXX,65,1
N26-065-00949-NYXX,96,1
N26-065-00949-NYXX,99,1
N26-082-00950-STER,77,1
N26-082-00950-STER,80,1
N26-082-00950-STER,82,1
N26-078-00951-NATI,77,1
N26-078-00951-NATI,78,1
N26-031-00952-CASI,28,1
N26-031-00952-CASI,31,1
N26-025-00953-ALDO,19,1
N26-025-00953-ALDO,21,1
N26-025-00953-ALDO,25,1
N26-025-00953-ALDO,96,1
N26-025-00953-ALDO,99,1
N26-023-00954-CHAR,19,1
N26-023-00954-CHAR,20,1
N26-023-00954-CHAR,23,1
N26-033-00955-UNDE,28,1
N26-033-00955-UNDE,33,1
N26-050-00956-EKCO,49,1
N26-050-00956-EKCO,50,1
N26-073-00957-BENO,69,1
N26-073-00957-BENO,73,1
N26-073-00957-BENO,96,1
N26-073-00957-BENO,100,1
N26-047-00958-BOSE,36,1
N26-047-00958-BOSE,39,1
N26-047-00958-BOSE,47,1
N26-047-00958-BOSE,96,1
N26-047-00958-BOSE,97,1
N26-033-00959-NEWE,28,1
N26-033-00959-NEWE,33,1
N26-076-00960-QUEC,69,1
N26-076-00960-QUEC,76,1
N26-057-00961-GAIA,49,1
N26-057-00961-GAIA,52,1
N26-057-00961-GAIA,57,1
N26-057-00961-GAIA,96,1
N26-057-00961-GAIA,97,1
N26-057-00962-ASHL,49,1
N26-057-00962-ASHL,52,1
N26-057-00962-ASHL,57,1
N26-055-00963-KOBL,49,1
N26-055-00963-KOBL,51,1
N26-055-00963-KOBL,55,1
N26-055-00963-KOBL,96,1
N26-055-00963-KOBL,100,1
N26-031-00964-FOSS,28,1
N26-031-00964-FOSS,31,1
N26-072-00965-NEWB,69,1
N26-072-00965-NEWB,72,1
N26-072-00965-NEWB,96,1
N26-072-00965-NEWB,98,1
N26-083-00966-ASMO,77,1
N26-083-00966-ASMO,83,1
N26-083-00966-ASMO,96,1
N26-083-00966-ASMO,99,1
N26-034-00967-PINE,28,1
N26-034-00967-PINE,34,1
N26-076-00968-OZAR,69,1
N26-076-00968-OZAR,76,1
N26-011-00969-CHAR,1,1
N26-011-00969-CHAR,4,1
N26-011-00969-CHAR,11,1
N26-011-00969-CHAR,96,1
N26-011-00969-CHAR,98,1
N26-071-00970-VOIT,69,1
N26-071-00970-VOIT,71,1
N26-071-00970-VOIT,96,1
N26-071-00970-VOIT,100,1
N26-094-00971-HILL,93,1
N26-094-00971-HILL,94,1
N26-041-00972-LANI,36,1
N26-041-00972-LANI,37,1
N26-041-00972-LANI,41,1
N26-076-00973-COLE,69,1
N26-076-00973-COLE,76,1
N26-076-00973-COLE,96,1
N26-076-00973-COLE,98,1
N26-079-00974-LEGO,77,1
N26-079-00974-LEGO,79,1
N26-041-00975-ACER,36,1
N26-041-00975-ACER,37,1
N26-041-00975-ACER,41,1
N26-041-00975-ACER,96,1
N26-041-00975-ACER,97,1
N26-074-00976-BOWF,69,1
N26-074-00976-BOWF,70,1
N26-074-00976-BOWF,74,1
N26-079-00977-DIST,77,1
N26-079-00977-DIST,79,1
N26-009-00978-CART,1,1
N26-009-00978-CART,4,1
N26-009-00978-CART,9,1
N26-065-00979-MACX,60,1
N26-065-00979-MACX,61,1
N26-065-00979-MACX,65,1
N26-050-00980-KITC,49,1
N26-050-00980-KITC,50,1
N26-041-00981-HPXX,36,1
N26-041-00981-HPXX,37,1
N26-041-00981-HPXX,41,1
N26-006-00982-CUID,1,1
N26-006-00982-CUID,2,1
N26-006-00982-CUID,6,1
N26-006-00982-CUID,96,1
N26-006-00982-CUID,100,1
N26-050-00983-EKCO,49,1
N26-050-00983-EKCO,50,1
N26-050-00983-EKCO,96,1
N26-050-00983-EKCO,98,1
N26-044-00984-HONO,36,1
N26-044-00984-HONO,38,1
N26-044-00984-HONO,44,1
N26-027-00985-CART,19,1
N26-027-00985-CART,22,1
N26-027-00985-CART,27,1
N26-079-00986-DIST,77,1
N26-079-00986-DIST,79,1
N26-071-00987-CHAR,69,1
N26-071-00987-CHAR,71,1
N26-079-00988-DIST,77,1
N26-079-00988-DIST,79,1
N26-064-00989-CARO,60,1
N26-064-00989-CARO,64,1
N26-071-00990-PIRM,69,1
N26-071-00990-PIRM,71,1
N26-092-00991-GONH,89,1
N26-092-00991-GONH,92,1
N26-083-00992-ASMO,77,1
N26-083-00992-ASMO,83,1
N26-029-00993-HERS,28,1
N26-029-00993-HERS,29,1
N26-024-00994-FLEX,19,1
N26-024-00994-FLEX,20,1
N26-024-00994-FLEX,24,1
N26-043-00995-VORA,36,1
N26-043-00995-VORA,37,1
N26-043-00995-VORA,43,1
N26-014-00996-ZARA,1,1
N26-014-00996-ZARA,2,1
N26-014-00996-ZARA,14,1
N26-008-00997-ZARA,1,1
N26-008-00997-ZARA,3,1
N26-008-00997-ZARA,8,1
N26-015-00998-CAXX,1,1
N26-015-00998-CAXX,3,1
N26-015-00998-CAXX,15,1
N26-045-00999-SPIG,36,1
N26-045-00999-SPIG,38,1
N26-045-00999-SPIG,45,1
N26-058-01000-PHIL,49,1
N26-058-01000-PHIL,53,1
N26-058-01000-PHIL,58,1
N26-044-01001-HONO,36,1
N26-044-01001-HONO,38,1
N26-044-01001-HONO,44,1
N26-044-01001-HONO,96,1
N26-044-01001-HONO,98,1
N26-032-01002-RAYB,28,1
N26-032-01002-RAYB,32,1
N26-015-01003-MASS,1,1
N26-015-01003-MASS,3,1
N26-015-01003-MASS,15,1
N26-072-01004-ADID,69,1
N26-072-01004-ADID,72,1
N26-041-01005-LANI,36,1
N26-041-01005-LANI,37,1
N26-041-01005-LANI,41,1
N26-094-01006-PURI,93,1
N26-094-01006-PURI,94,1
N26-041-01007-ASUS,36,1
N26-041-01007-ASUS,37,1
N26-041-01007-ASUS,41,1
N26-090-01008-ARMO,89,1
N26-090-01008-ARMO,90,1
N26-075-01009-GAIA,69,1
N26-075-01009-GAIA,70,1
N26-075-01009-GAIA,75,1
N26-055-01010-KOBL,49,1
N26-055-01010-KOBL,51,1
N26-055-01010-KOBL,55,1
N26-076-01011-THEN,69,1
N26-076-01011-THEN,76,1
N26-055-01012-MABE,49,1
N26-055-01012-MABE,51,1
N26-055-01012-MABE,55,1
N26-044-01013-APPL,36,1
N26-044-01013-APPL,38,1
N26-044-01013-APPL,44,1
N26-047-01014-STER,36,1
N26-047-01014-STER,39,1
N26-047-01014-STER,47,1
N26-047-01014-STER,96,1
N26-047-01014-STER,100,1
N26-017-01015-ADID,1,1
N26-017-01015-ADID,4,1
N26-017-01015-ADID,17,1
N26-083-01016-ASMO,77,1
N26-083-01016-ASMO,83,1
N26-083-01016-ASMO,96,1
N26-083-01016-ASMO,98,1
N26-024-01017-FLEX,19,1
N26-024-01017-FLEX,20,1
N26-024-01017-FLEX,24,1
N26-071-01018-ADID,69,1
N26-071-01018-ADID,71,1
N26-071-01018-ADID,96,1
N26-071-01018-ADID,99,1
N26-024-01019-HUSH,19,1
N26-024-01019-HUSH,20,1
N26-024-01019-HUSH,24,1
N26-024-01019-HUSH,96,1
N26-024-01019-HUSH,97,1
N26-059-01020-IKEA,49,1
N26-059-01020-IKEA,54,1
N26-059-01020-IKEA,59,1
N26-066-01021-LORA,60,1
N26-066-01021-LORA,61,1
N26-066-01021-LORA,66,1
N26-091-01022-MIKE,89,1
N26-091-01022-MIKE,91,1
N26-091-01022-MIKE,96,1
N26-091-01022-MIKE,97,1
N26-042-01023-GIGA,36,1
N26-042-01023-GIGA,37,1
N26-042-01023-GIGA,42,1
N26-009-01024-BABY,1,1
N26-009-01024-BABY,4,1
N26-009-01024-BABY,9,1
N26-012-01025-PULL,1,1
N26-012-01025-PULL,4,1
N26-012-01025-PULL,12,1
N26-012-01025-PULL,96,1
N26-012-01025-PULL,97,1
N26-091-01026-TURT,89,1
N26-091-01026-TURT,91,1
N26-005-01027-LEVI,1,1
N26-005-01027-LEVI,2,1
N26-005-01027-LEVI,5,1
N26-075-01028-ADID,69,1
N26-075-01028-ADID,70,1
N26-075-01028-ADID,75,1
N26-071-01029-ADID,69,1
N26-071-01029-ADID,71,1
N26-013-01030-CUID,1,1
N26-013-01030-CUID,2,1
N26-013-01030-CUID,13,1
N26-013-01030-CUID,96,1
N26-013-01030-CUID,100,1
N26-026-01031-FLEX,19,1
N26-026-01031-FLEX,21,1
N26-026-01031-FLEX,26,1
N26-026-01032-FLEX,19,1
N26-026-01032-FLEX,21,1
N26-026-01032-FLEX,26,1
N26-078-01033-NATI,77,1
N26-078-01033-NATI,78,1
N26-091-01034-TURT,89,1
N26-091-01034-TURT,91,1
N26-091-01034-TURT,96,1
N26-091-01034-TURT,98,1
N26-025-01035-ALDO,19,1
N26-025-01035-ALDO,21,1
N26-025-01035-ALDO,25,1
N26-025-01035-ALDO,96,1
N26-025-01035-ALDO,99,1
N26-095-01036-NUPE,93,1
N26-095-01036-NUPE,95,1
N26-018-01037-ADID,1,1
N26-018-01037-ADID,4,1
N26-018-01037-ADID,18,1
N26-018-01037-ADID,96,1
N26-018-01037-ADID,99,1
N26-008-01038-BERS,1,1
N26-008-01038-BERS,3,1
N26-008-01038-BERS,8,1
N26-029-01039-KIPL,28,1
N26-029-01039-KIPL,29,1
N26-018-01040-CHAR,1,1
N26-018-01040-CHAR,4,1
N26-018-01040-CHAR,18,1
N26-018-01040-CHAR,96,1
N26-018-01040-CHAR,97,1
N26-064-01041-PAIP,60,1
N26-064-01041-PAIP,64,1
N26-064-01042-PAIP,60,1
N26-064-01042-PAIP,64,1
N26-064-01042-PAIP,96,1
N26-064-01042-PAIP,100,1
N26-063-01043-PANT,60,1
N26-063-01043-PANT,63,1
N26-059-01044-SPRI,49,1
N26-059-01044-SPRI,54,1
N26-059-01044-SPRI,59,1
N26-014-01045-LEVI,1,1
N26-014-01045-LEVI,2,1
N26-014-01045-LEVI,14,1
N26-023-01046-PIRM,19,1
N26-023-01046-PIRM,20,1
N26-023-01046-PIRM,23,1
N26-031-01047-HUAW,28,1
N26-031-01047-HUAW,31,1
N26-031-01047-HUAW,96,1
N26-031-01047-HUAW,100,1
N26-046-01048-APPL,36,1
N26-046-01048-APPL,39,1
N26-046-01048-APPL,46,1
N26-046-01048-APPL,96,1
N26-046-01048-APPL,100,1
N26-029-01049-PINE,28,1
N26-029-01049-PINE,29,1
N26-042-01050-VORA,36,1
N26-042-01050-VORA,37,1
N26-042-01050-VORA,42,1
N26-044-01051-LANI,36,1
N26-044-01051-LANI,38,1
N26-044-01051-LANI,44,1
N26-090-01052-BOSC,89,1
N26-090-01052-BOSC,90,1
N26-072-01053-ASIC,69,1
N26-072-01053-ASIC,72,1
N26-064-01054-PAIP,60,1
N26-064-01054-PAIP,64,1
N26-082-01055-XBOX,77,1
N26-082-01055-XBOX,80,1
N26-082-01055-XBOX,82,1
N26-076-01056-NATU,69,1
N26-076-01056-NATU,76,1
N26-063-01057-GRIS,60,1
N26-063-01057-GRIS,63,1
N26-063-01057-GRIS,96,1
N26-063-01057-GRIS,100,1
N26-042-01058-KING,36,1
N26-042-01058-KING,37,1
N26-042-01058-KING,42,1
N26-025-01059-FLEX,19,1
N26-025-01059-FLEX,21,1
N26-025-01059-FLEX,25,1
N26-031-01060-FOSS,28,1
N26-031-01060-FOSS,31,1
N26-074-01061-CAPB,69,1
N26-074-01061-CAPB,70,1
N26-074-01061-CAPB,74,1
N26-095-01062-NUPE,93,1
N26-095-01062-NUPE,95,1
N26-029-01063-HERS,28,1
N26-029-01063-HERS,29,1
N26-029-01063-HERS,96,1
N26-029-01063-HERS,100,1
N26-056-01064-OSTE,49,1
N26-056-01064-OSTE,51,1
N26-056-01064-OSTE,56,1
N26-073-01065-SHIM,69,1
N26-073-01065-SHIM,73,1
N26-033-01066-UNDE,28,1
N26-033-01066-UNDE,33,1
N26-074-01067-EVER,69,1
N26-074-01067-EVER,70,1
N26-074-01067-EVER,74,1
N26-082-01068-STER,77,1
N26-082-01068-STER,80,1
N26-082-01068-STER,82,1
N26-065-01069-MACX,60,1
N26-065-01069-MACX,61,1
N26-065-01069-MACX,65,1
N26-029-01070-SAMS,28,1
N26-029-01070-SAMS,29,1
N26-075-01071-GAIA,69,1
N26-075-01071-GAIA,70,1
N26-075-01071-GAIA,75,1
N26-006-01072-CUID,1,1
N26-006-01072-CUID,2,1
N26-006-01072-CUID,6,1
N26-033-01073-ADID,28,1
N26-033-01073-ADID,33,1
N26-033-01073-ADID,96,1
N26-033-01073-ADID,99,1
N26-016-01074-ZARA,1,1
N26-016-01074-ZARA,3,1
N26-016-01074-ZARA,16,1
N26-031-01075-SEIK,28,1
N26-031-01075-SEIK,31,1
N26-032-01076-POLA,28,1
N26-032-01076-POLA,32,1
N26-008-01077-ZARA,1,1
N26-008-01077-ZARA,3,1
N26-008-01077-ZARA,8,1
N26-031-01078-FOSS,28,1
N26-031-01078-FOSS,31,1
N26-076-01079-NATU,69,1
N26-076-01079-NATU,76,1
N26-044-01080-XIAO,36,1
N26-044-01080-XIAO,38,1
N26-044-01080-XIAO,44,1
N26-058-01081-STER,49,1
N26-058-01081-STER,53,1
N26-058-01081-STER,58,1
N26-058-01081-STER,96,1
N26-058-01081-STER,99,1
N26-082-01082-LOGI,77,1
N26-082-01082-LOGI,80,1
N26-082-01082-LOGI,82,1
N26-067-01083-CERA,60,1
N26-067-01083-CERA,62,1
N26-067-01083-CERA,67,1
N26-071-01084-CHAR,69,1
N26-071-01084-CHAR,71,1
N26-074-01085-EVER,69,1
N26-074-01085-EVER,70,1
N26-074-01085-EVER,74,1
N26-074-01085-EVER,96,1
N26-074-01085-EVER,97,1
N26-091-01086-TURT,89,1
N26-091-01086-TURT,91,1
N26-091-01086-TURT,96,1
N26-091-01086-TURT,97,1
N26-032-01087-HAWK,28,1
N26-032-01087-HAWK,32,1
N26-087-01088-TRIL,84,1
N26-087-01088-TRIL,85,1
N26-087-01088-TRIL,87,1
N26-015-01089-HMXX,1,1
N26-015-01089-HMXX,3,1
N26-015-01089-HMXX,15,1
N26-026-01090-FLEX,19,1
N26-026-01090-FLEX,21,1
N26-026-01090-FLEX,26,1
N26-058-01091-PHIL,49,1
N26-058-01091-PHIL,53,1
N26-058-01091-PHIL,58,1
N26-043-01092-MICR,36,1
N26-043-01092-MICR,37,1
N26-043-01092-MICR,43,1
N26-043-01092-MICR,96,1
N26-043-01092-MICR,99,1
N26-030-01093-PAND,28,1
N26-030-01093-PAND,30,1
N26-013-01094-HMXX,1,1
N26-013-01094-HMXX,2,1
N26-013-01094-HMXX,13,1
N26-023-01095-PIRM,19,1
N26-023-01095-PIRM,20,1
N26-023-01095-PIRM,23,1
N26-045-01096-STER,36,1
N26-045-01096-STER,38,1
N26-045-01096-STER,45,1
N26-045-01096-STER,96,1
N26-045-01096-STER,100,1
N26-005-01097-CUID,1,1
N26-005-01097-CUID,2,1
N26-005-01097-CUID,5,1
N26-064-01098-PAIP,60,1
N26-064-01098-PAIP,64,1
N26-064-01098-PAIP,96,1
N26-064-01098-PAIP,98,1
N26-033-01099-NIKE,28,1
N26-033-01099-NIKE,33,1
N26-034-01100-PINE,28,1
N26-034-01100-PINE,34,1
N26-018-01101-ADID,1,1
N26-018-01101-ADID,4,1
N26-018-01101-ADID,18,1
N26-058-01102-TECN,49,1
N26-058-01102-TECN,53,1
N26-058-01102-TECN,58,1
N26-072-01103-NIKE,69,1
N26-072-01103-NIKE,72,1
N26-072-01103-NIKE,96,1
N26-072-01103-NIKE,97,1
N26-013-01104-ADID,1,1
N26-013-01104-ADID,2,1
N26-013-01104-ADID,13,1
N26-035-01105-SAMS,28,1
N26-035-01105-SAMS,35,1
N26-035-01105-SAMS,96,1
N26-035-01105-SAMS,100,1
N26-072-01106-ADID,69,1
N26-072-01106-ADID,72,1
N26-072-01106-ADID,96,1
N26-072-01106-ADID,100,1
N26-006-01107-PULL,1,1
N26-006-01107-PULL,2,1
N26-006-01107-PULL,6,1
N26-043-01108-MICR,36,1
N26-043-01108-MICR,37,1
N26-043-01108-MICR,43,1
N26-048-01109-SAMS,36,1
N26-048-01109-SAMS,40,1
N26-048-01109-SAMS,48,1
N26-082-01110-LOGI,77,1
N26-082-01110-LOGI,80,1
N26-082-01110-LOGI,82,1
N26-068-01111-GRIS,60,1
N26-068-01111-GRIS,62,1
N26-068-01111-GRIS,68,1
N26-029-01112-PINE,28,1
N26-029-01112-PINE,29,1
N26-029-01112-PINE,96,1
N26-029-01112-PINE,99,1
N26-031-01113-CASI,28,1
N26-031-01113-CASI,31,1
N26-087-01114-TRIL,84,1
N26-087-01114-TRIL,85,1
N26-087-01114-TRIL,87,1
N26-018-01115-CHAR,1,1
N26-018-01115-CHAR,4,1
N26-018-01115-CHAR,18,1
N26-041-01116-LANI,36,1
N26-041-01116-LANI,37,1
N26-041-01116-LANI,41,1
N26-087-01117-PORR,84,1
N26-087-01117-PORR,85,1
N26-087-01117-PORR,87,1
N26-087-01117-PORR,96,1
N26-087-01117-PORR,99,1
N26-014-01118-CUID,1,1
N26-014-01118-CUID,2,1
N26-014-01118-CUID,14,1
N26-074-01119-EVER,69,1
N26-074-01119-EVER,70,1
N26-074-01119-EVER,74,1
N26-045-01120-UAGX,36,1
N26-045-01120-UAGX,38,1
N26-045-01120-UAGX,45,1
N26-045-01120-UAGX,96,1
N26-045-01120-UAGX,100,1
N26-015-01121-ZARA,1,1
N26-015-01121-ZARA,3,1
N26-015-01121-ZARA,15,1
N26-025-01122-ALDO,19,1
N26-025-01122-ALDO,21,1
N26-025-01122-ALDO,25,1
N26-007-01123-ZARA,1,1
N26-007-01123-ZARA,3,1
N26-007-01123-ZARA,7,1
N26-082-01124-STER,77,1
N26-082-01124-STER,80,1
N26-082-01124-STER,82,1
N26-046-01125-SONY,36,1
N26-046-01125-SONY,39,1
N26-046-01125-SONY,46,1
N26-046-01125-SONY,96,1
N26-046-01125-SONY,99,1
N26-016-01126-MASS,1,1
N26-016-01126-MASS,3,1
N26-016-01126-MASS,16,1
N26-016-01126-MASS,96,1
N26-016-01126-MASS,98,1
N26-015-01127-MANG,1,1
N26-015-01127-MANG,3,1
N26-015-01127-MANG,15,1
N26-031-01128-CASI,28,1
N26-031-01128-CASI,31,1
N26-081-01129-VALV,77,1
N26-081-01129-VALV,80,1
N26-081-01129-VALV,81,1
N26-056-01130-KOBL,49,1
N26-056-01130-KOBL,51,1
N26-056-01130-KOBL,56,1
N26-056-01130-KOBL,96,1
N26-056-01130-KOBL,98,1
N26-015-01131-MASS,1,1
N26-015-01131-MASS,3,1
N26-015-01131-MASS,15,1
N26-030-01132-PAND,28,1
N26-030-01132-PAND,30,1
N26-016-01133-HMXX,1,1
N26-016-01133-HMXX,3,1
N26-016-01133-HMXX,16,1
N26-016-01133-HMXX,96,1
N26-016-01133-HMXX,100,1
N26-042-01134-SEAG,36,1
N26-042-01134-SEAG,37,1
N26-042-01134-SEAG,42,1
N26-025-01135-ALDO,19,1
N26-025-01135-ALDO,21,1
N26-025-01135-ALDO,25,1
N26-025-01135-ALDO,96,1
N26-025-01135-ALDO,98,1
N26-027-01136-CROC,19,1
N26-027-01136-CROC,22,1
N26-027-01136-CROC,27,1
N26-027-01136-CROC,96,1
N26-027-01136-CROC,97,1
N26-016-01137-MASS,1,1
N26-016-01137-MASS,3,1
N26-016-01137-MASS,16,1
N26-007-01138-MASS,1,1
N26-007-01138-MASS,3,1
N26-007-01138-MASS,7,1
N26-042-01139-CRUC,36,1
N26-042-01139-CRUC,37,1
N26-042-01139-CRUC,42,1
N26-026-01140-FLEX,19,1
N26-026-01140-FLEX,21,1
N26-026-01140-FLEX,26,1
N26-006-01141-CUID,1,1
N26-006-01141-CUID,2,1
N26-006-01141-CUID,6,1
N26-041-01142-LANI,36,1
N26-041-01142-LANI,37,1
N26-041-01142-LANI,41,1
N26-082-01143-STER,77,1
N26-082-01143-STER,80,1
N26-082-01143-STER,82,1
N26-034-01144-PINE,28,1
N26-034-01144-PINE,34,1
N26-034-01144-PINE,96,1
N26-034-01144-PINE,97,1
N26-043-01145-STER,36,1
N26-043-01145-STER,37,1
N26-043-01145-STER,43,1
N26-043-01145-STER,96,1
N26-043-01145-STER,98,1
N26-029-01146-ADID,28,1
N26-029-01146-ADID,29,1
N26-029-01146-ADID,96,1
N26-029-01146-ADID,100,1
N26-066-01147-REVL,60,1
N26-066-01147-REVL,61,1
N26-066-01147-REVL,66,1
N26-082-01148-RAZE,77,1
N26-082-01148-RAZE,80,1
N26-082-01148-RAZE,82,1
N26-082-01148-RAZE,96,1
N26-082-01148-RAZE,98,1
N26-042-01149-VORA,36,1
N26-042-01149-VORA,37,1
N26-042-01149-VORA,42,1
N26-055-01150-KOBL,49,1
N26-055-01150-KOBL,51,1
N26-055-01150-KOBL,55,1
N26-055-01151-KOBL,49,1
N26-055-01151-KOBL,51,1
N26-055-01151-KOBL,55,1
N26-055-01151-KOBL,96,1
N26-055-01151-KOBL,100,1
N26-009-01152-BABY,1,1
N26-009-01152-BABY,4,1
N26-009-01152-BABY,9,1
N26-092-01153-GATE,89,1
N26-092-01153-GATE,92,1
N26-082-01154-STER,77,1
N26-082-01154-STER,80,1
N26-082-01154-STER,82,1
N26-012-01155-CUID,1,1
N26-012-01155-CUID,4,1
N26-012-01155-CUID,12,1
N26-058-01156-TAPO,49,1
N26-058-01156-TAPO,53,1
N26-058-01156-TAPO,58,1
N26-058-01156-TAPO,96,1
N26-058-01156-TAPO,97,1
N26-013-01157-CUID,1,1
N26-013-01157-CUID,2,1
N26-013-01157-CUID,13,1
N26-082-01158-RAZE,77,1
N26-082-01158-RAZE,80,1
N26-082-01158-RAZE,82,1
N26-065-01159-MAYB,60,1
N26-065-01159-MAYB,61,1
N26-065-01159-MAYB,65,1
N26-082-01160-PLAY,77,1
N26-082-01160-PLAY,80,1
N26-082-01160-PLAY,82,1
N26-082-01160-PLAY,96,1
N26-082-01160-PLAY,98,1
N26-006-01161-CUID,1,1
N26-006-01161-CUID,2,1
N26-006-01161-CUID,6,1
N26-067-01162-GRIS,60,1
N26-067-01162-GRIS,62,1
N26-067-01162-GRIS,67,1
N26-006-01163-PULL,1,1
N26-006-01163-PULL,2,1
N26-006-01163-PULL,6,1
N26-011-01164-CHAR,1,1
N26-011-01164-CHAR,4,1
N26-011-01164-CHAR,11,1
N26-025-01165-NINE,19,1
N26-025-01165-NINE,21,1
N26-025-01165-NINE,25,1
N26-025-01165-NINE,96,1
N26-025-01165-NINE,99,1
N26-064-01166-VERS,60,1
N26-064-01166-VERS,64,1
N26-064-01166-VERS,96,1
N26-064-01166-VERS,97,1
N26-048-01167-HISE,36,1
N26-048-01167-HISE,40,1
N26-048-01167-HISE,48,1
N26-071-01168-NIKE,69,1
N26-071-01168-NIKE,71,1
N26-011-01169-CHAR,1,1
N26-011-01169-CHAR,4,1
N26-011-01169-CHAR,11,1
N26-057-01170-ASHL,49,1
N26-057-01170-ASHL,52,1
N26-057-01170-ASHL,57,1
N26-057-01170-ASHL,96,1
N26-057-01170-ASHL,99,1
N26-018-01171-PIRM,1,1
N26-018-01171-PIRM,4,1
N26-018-01171-PIRM,18,1
N26-013-01172-ADID,1,1
N26-013-01172-ADID,2,1
N26-013-01172-ADID,13,1
N26-082-01173-STER,77,1
N26-082-01173-STER,80,1
N26-082-01173-STER,82,1
N26-064-01174-PAIP,60,1
N26-064-01174-PAIP,64,1
N26-068-01175-NIVE,60,1
N26-068-01175-NIVE,62,1
N26-068-01175-NIVE,68,1
N26-088-01176-FELL,84,1
N26-088-01176-FELL,86,1
N26-088-01176-FELL,88,1
N26-043-01177-LOGI,36,1
N26-043-01177-LOGI,37,1
N26-043-01177-LOGI,43,1
N26-043-01177-LOGI,96,1
N26-043-01177-LOGI,100,1
N26-013-01178-CUID,1,1
N26-013-01178-CUID,2,1
N26-013-01178-CUID,13,1
N26-032-01179-OAKL,28,1
N26-032-01179-OAKL,32,1
N26-074-01180-VOIT,69,1
N26-074-01180-VOIT,70,1
N26-074-01180-VOIT,74,1
N26-074-01180-VOIT,96,1
N26-074-01180-VOIT,97,1
N26-076-01181-NATU,69,1
N26-076-01181-NATU,76,1
N26-032-01182-POLA,28,1
N26-032-01182-POLA,32,1
N26-008-01183-CUID,1,1
N26-008-01183-CUID,3,1
N26-008-01183-CUID,8,1
N26-008-01183-CUID,96,1
N26-008-01183-CUID,97,1
N26-027-01184-CART,19,1
N26-027-01184-CART,22,1
N26-027-01184-CART,27,1
N26-091-01185-MIKE,89,1
N26-091-01185-MIKE,91,1
N26-010-01186-CART,1,1
N26-010-01186-CART,4,1
N26-010-01186-CART,10,1
N26-072-01187-CHAR,69,1
N26-072-01187-CHAR,72,1
N26-073-01188-GIAN,69,1
N26-073-01188-GIAN,73,1
N26-050-01189-VASC,49,1
N26-050-01189-VASC,50,1
N26-050-01189-VASC,96,1
N26-050-01189-VASC,100,1
N26-024-01190-FLEX,19,1
N26-024-01190-FLEX,20,1
N26-024-01190-FLEX,24,1
N26-024-01190-FLEX,96,1
N26-024-01190-FLEX,99,1
N26-027-01191-HAVA,19,1
N26-027-01191-HAVA,22,1
N26-027-01191-HAVA,27,1
N26-076-01192-COLE,69,1
N26-076-01192-COLE,76,1
N26-058-01193-TECN,49,1
N26-058-01193-TECN,53,1
N26-058-01193-TECN,58,1
N26-017-01194-CUID,1,1
N26-017-01194-CUID,4,1
N26-017-01194-CUID,17,1
N26-045-01195-BELK,36,1
N26-045-01195-BELK,38,1
N26-045-01195-BELK,45,1
N26-035-01196-TOMM,28,1
N26-035-01196-TOMM,35,1
N26-026-01197-TIMB,19,1
N26-026-01197-TIMB,21,1
N26-026-01197-TIMB,26,1
N26-011-01198-CHAR,1,1
N26-011-01198-CHAR,4,1
N26-011-01198-CHAR,11,1
N26-018-01199-ADID,1,1
N26-018-01199-ADID,4,1
N26-018-01199-ADID,18,1
N26-067-01200-GRIS,60,1
N26-067-01200-GRIS,62,1
N26-067-01200-GRIS,67,1
N26-010-01201-HMXX,1,1
N26-010-01201-HMXX,4,1
N26-010-01201-HMXX,10,1
N26-010-01201-HMXX,96,1
N26-010-01201-HMXX,97,1
N26-087-01202-TRIL,84,1
N26-087-01202-TRIL,85,1
N26-087-01202-TRIL,87,1
N26-006-01203-CUID,1,1
N26-006-01203-CUID,2,1
N26-006-01203-CUID,6,1
N26-008-01204-BERS,1,1
N26-008-01204-BERS,3,1
N26-008-01204-BERS,8,1
N26-071-01205-ADID,69,1
N26-071-01205-ADID,71,1
N26-013-01206-HMXX,1,1
N26-013-01206-HMXX,2,1
N26-013-01206-HMXX,13,1
N26-092-01207-BOSC,89,1
N26-092-01207-BOSC,92,1
N26-092-01207-BOSC,96,1
N26-092-01207-BOSC,98,1
N26-072-01208-CHAR,69,1
N26-072-01208-CHAR,72,1
N26-079-01209-HASB,77,1
N26-079-01209-HASB,79,1
N26-068-01210-GRIS,60,1
N26-068-01210-GRIS,62,1
N26-068-01210-GRIS,68,1
N26-081-01211-NINT,77,1
N26-081-01211-NINT,80,1
N26-081-01211-NINT,81,1
N26-081-01211-NINT,96,1
N26-081-01211-NINT,100,1
N26-035-01212-SAMS,28,1
N26-035-01212-SAMS,35,1
N26-035-01212-SAMS,96,1
N26-035-01212-SAMS,100,1
N26-027-01213-CART,19,1
N26-027-01213-CART,22,1
N26-027-01213-CART,27,1
N26-013-01214-ADID,1,1
N26-013-01214-ADID,2,1
N26-013-01214-ADID,13,1
N26-058-01215-PHIL,49,1
N26-058-01215-PHIL,53,1
N26-058-01215-PHIL,58,1
N26-079-01216-LEGO,77,1
N26-079-01216-LEGO,79,1
N26-009-01217-BABY,1,1
N26-009-01217-BABY,4,1
N26-009-01217-BABY,9,1
N26-032-01218-POLA,28,1
N26-032-01218-POLA,32,1
N26-078-01219-NATI,77,1
N26-078-01219-NATI,78,1
N26-015-01220-CAXX,1,1
N26-015-01220-CAXX,3,1
N26-015-01220-CAXX,15,1
N26-024-01221-CLAR,19,1
N26-024-01221-CLAR,20,1
N26-024-01221-CLAR,24,1
N26-024-01221-CLAR,96,1
N26-024-01221-CLAR,97,1
N26-055-01222-KOBL,49,1
N26-055-01222-KOBL,51,1
N26-055-01222-KOBL,55,1
N26-041-01223-LENO,36,1
N26-041-01223-LENO,37,1
N26-041-01223-LENO,41,1
N26-041-01223-LENO,96,1
N26-041-01223-LENO,97,1
N26-081-01224-NINT,77,1
N26-081-01224-NINT,80,1
N26-081-01224-NINT,81,1
N26-081-01224-NINT,96,1
N26-081-01224-NINT,97,1
N26-055-01225-NINJ,49,1
N26-055-01225-NINJ,51,1
N26-055-01225-NINJ,55,1
N26-023-01226-PANA,19,1
N26-023-01226-PANA,20,1
N26-023-01226-PANA,23,1
N26-015-01227-HMXX,1,1
N26-015-01227-HMXX,3,1
N26-015-01227-HMXX,15,1
N26-018-01228-ADID,1,1
N26-018-01228-ADID,4,1
N26-018-01228-ADID,18,1
N26-031-01229-SEIK,28,1
N26-031-01229-SEIK,31,1
N26-064-01230-PAIP,60,1
N26-064-01230-PAIP,64,1
N26-055-01231-KOBL,49,1
N26-055-01231-KOBL,51,1
N26-055-01231-KOBL,55,1
N26-055-01231-KOBL,96,1
N26-055-01231-KOBL,99,1
N26-045-01232-STER,36,1
N26-045-01232-STER,38,1
N26-045-01232-STER,45,1
N26-045-01232-STER,96,1
N26-045-01232-STER,97,1
N26-023-01233-PIRM,19,1
N26-023-01233-PIRM,20,1
N26-023-01233-PIRM,23,1
N26-023-01233-PIRM,96,1
N26-023-01233-PIRM,99,1
N26-072-01234-ADID,69,1
N26-072-01234-ADID,72,1
N26-072-01234-ADID,96,1
N26-072-01234-ADID,97,1
N26-075-01235-NIKE,69,1
N26-075-01235-NIKE,70,1
N26-075-01235-NIKE,75,1
N26-048-01236-SONY,36,1
N26-048-01236-SONY,40,1
N26-048-01236-SONY,48,1
N26-048-01236-SONY,96,1
N26-048-01236-SONY,100,1
N26-014-01237-CUID,1,1
N26-014-01237-CUID,2,1
N26-014-01237-CUID,14,1
N26-033-01238-UNDE,28,1
N26-033-01238-UNDE,33,1
N26-033-01238-UNDE,96,1
N26-033-01238-UNDE,100,1
N26-059-01239-LUUN,49,1
N26-059-01239-LUUN,54,1
N26-059-01239-LUUN,59,1
N26-056-01240-OSTE,49,1
N26-056-01240-OSTE,51,1
N26-056-01240-OSTE,56,1
N26-056-01240-OSTE,96,1
N26-056-01240-OSTE,100,1
N26-013-01241-NIKE,1,1
N26-013-01241-NIKE,2,1
N26-013-01241-NIKE,13,1
N26-044-01242-LANI,36,1
N26-044-01242-LANI,38,1
N26-044-01242-LANI,44,1
N26-031-01243-SEIK,28,1
N26-031-01243-SEIK,31,1
N26-031-01243-SEIK,96,1
N26-031-01243-SEIK,97,1
N26-076-01244-COLE,69,1
N26-076-01244-COLE,76,1
N26-041-01245-HPXX,36,1
N26-041-01245-HPXX,37,1
N26-041-01245-HPXX,41,1
N26-068-01246-ISDI,60,1
N26-068-01246-ISDI,62,1
N26-068-01246-ISDI,68,1
N26-068-01246-ISDI,96,1
N26-068-01246-ISDI,98,1
N26-088-01247-SCRI,84,1
N26-088-01247-SCRI,86,1
N26-088-01247-SCRI,88,1
N26-017-01248-CUID,1,1
N26-017-01248-CUID,4,1
N26-017-01248-CUID,17,1
N26-033-01249-UNDE,28,1
N26-033-01249-UNDE,33,1
N26-034-01250-DOCK,28,1
N26-034-01250-DOCK,34,1
N26-009-01251-BABY,1,1
N26-009-01251-BABY,4,1
N26-009-01251-BABY,9,1
N26-059-01252-SPRI,49,1
N26-059-01252-SPRI,54,1
N26-059-01252-SPRI,59,1
N26-013-01253-CUID,1,1
N26-013-01253-CUID,2,1
N26-013-01253-CUID,13,1
N26-026-01254-TIMB,19,1
N26-026-01254-TIMB,21,1
N26-026-01254-TIMB,26,1
N26-015-01255-MANG,1,1
N26-015-01255-MANG,3,1
N26-015-01255-MANG,15,1
N26-017-01256-PUMA,1,1
N26-017-01256-PUMA,4,1
N26-017-01256-PUMA,17,1
N26-008-01257-PULL,1,1
N26-008-01257-PULL,3,1
N26-008-01257-PULL,8,1
N26-008-01257-PULL,96,1
N26-008-01257-PULL,100,1
N26-066-01258-BISS,60,1
N26-066-01258-BISS,61,1
N26-066-01258-BISS,66,1
N26-078-01259-CLEM,77,1
N26-078-01259-CLEM,78,1
N26-005-01260-CUID,1,1
N26-005-01260-CUID,2,1
N26-005-01260-CUID,5,1
N26-065-01261-MACX,60,1
N26-065-01261-MACX,61,1
N26-065-01261-MACX,65,1
N26-081-01262-PLAY,77,1
N26-081-01262-PLAY,80,1
N26-081-01262-PLAY,81,1
N26-081-01262-PLAY,96,1
N26-081-01262-PLAY,99,1
N26-078-01263-MIAL,77,1
N26-078-01263-MIAL,78,1
N26-050-01264-PYRE,49,1
N26-050-01264-PYRE,50,1
N26-011-01265-CHAR,1,1
N26-011-01265-CHAR,4,1
N26-011-01265-CHAR,11,1
N26-059-01266-HOME,49,1
N26-059-01266-HOME,54,1
N26-059-01266-HOME,59,1
N26-017-01267-CUID,1,1
N26-017-01267-CUID,4,1
N26-017-01267-CUID,17,1
N26-090-01268-ARMO,89,1
N26-090-01268-ARMO,90,1
N26-090-01268-ARMO,96,1
N26-090-01268-ARMO,99,1
N26-032-01269-OAKL,28,1
N26-032-01269-OAKL,32,1
N26-090-01270-MIKE,89,1
N26-090-01270-MIKE,90,1
N26-090-01270-MIKE,96,1
N26-090-01270-MIKE,100,1
N26-048-01271-HISE,36,1
N26-048-01271-HISE,40,1
N26-048-01271-HISE,48,1
N26-016-01272-ZARA,1,1
N26-016-01272-ZARA,3,1
N26-016-01272-ZARA,16,1
N26-026-01273-FLEX,19,1
N26-026-01273-FLEX,21,1
N26-026-01273-FLEX,26,1
N26-011-01274-ZARA,1,1
N26-011-01274-ZARA,4,1
N26-011-01274-ZARA,11,1
N26-011-01274-ZARA,96,1
N26-011-01274-ZARA,100,1
N26-075-01275-NIKE,69,1
N26-075-01275-NIKE,70,1
N26-075-01275-NIKE,75,1
N26-007-01276-CUID,1,1
N26-007-01276-CUID,3,1
N26-007-01276-CUID,7,1
N26-007-01276-CUID,96,1
N26-007-01276-CUID,100,1
N26-091-01277-ARMO,89,1
N26-091-01277-ARMO,91,1
N26-091-01277-ARMO,96,1
N26-091-01277-ARMO,100,1
N26-059-01278-HOME,49,1
N26-059-01278-HOME,54,1
N26-059-01278-HOME,59,1
N26-059-01278-HOME,96,1
N26-059-01278-HOME,98,1
N26-047-01279-BOSE,36,1
N26-047-01279-BOSE,39,1
N26-047-01279-BOSE,47,1
N26-032-01280-OAKL,28,1
N26-032-01280-OAKL,32,1
N26-023-01281-CHAR,19,1
N26-023-01281-CHAR,20,1
N26-023-01281-CHAR,23,1
N26-009-01282-CAXX,1,1
N26-009-01282-CAXX,4,1
N26-009-01282-CAXX,9,1
N26-009-01282-CAXX,96,1
N26-009-01282-CAXX,98,1
N26-081-01283-PLAY,77,1
N26-081-01283-PLAY,80,1
N26-081-01283-PLAY,81,1
N26-067-01284-GRIS,60,1
N26-067-01284-GRIS,62,1
N26-067-01284-GRIS,67,1
N26-067-01284-GRIS,96,1
N26-067-01284-GRIS,99,1
N26-073-01285-BENO,69,1
N26-073-01285-BENO,73,1
N26-073-01285-BENO,96,1
N26-073-01285-BENO,100,1
N26-027-01286-NIKE,19,1
N26-027-01286-NIKE,22,1
N26-027-01286-NIKE,27,1
N26-027-01286-NIKE,96,1
N26-027-01286-NIKE,100,1
N26-026-01287-CATE,19,1
N26-026-01287-CATE,21,1
N26-026-01287-CATE,26,1
N26-027-01288-HAVA,19,1
N26-027-01288-HAVA,22,1
N26-027-01288-HAVA,27,1
N26-048-01289-SAMS,36,1
N26-048-01289-SAMS,40,1
N26-048-01289-SAMS,48,1
N26-048-01289-SAMS,96,1
N26-048-01289-SAMS,99,1
N26-030-01290-SWAR,28,1
N26-030-01290-SWAR,30,1
N26-058-01291-TECN,49,1
N26-058-01291-TECN,53,1
N26-058-01291-TECN,58,1
N26-057-01292-GAIA,49,1
N26-057-01292-GAIA,52,1
N26-057-01292-GAIA,57,1
N26-057-01292-GAIA,96,1
N26-057-01292-GAIA,100,1
N26-008-01293-CUID,1,1
N26-008-01293-CUID,3,1
N26-008-01293-CUID,8,1
N26-008-01293-CUID,96,1
N26-008-01293-CUID,97,1
N26-063-01294-GRIS,60,1
N26-063-01294-GRIS,63,1
N26-090-01295-MIKE,89,1
N26-090-01295-MIKE,90,1
N26-005-01296-CUID,1,1
N26-005-01296-CUID,2,1
N26-005-01296-CUID,5,1
N26-079-01297-DIST,77,1
N26-079-01297-DIST,79,1
N26-056-01298-OSTE,49,1
N26-056-01298-OSTE,51,1
N26-056-01298-OSTE,56,1
N26-066-01299-BISS,60,1
N26-066-01299-BISS,61,1
N26-066-01299-BISS,66,1
N26-057-01300-GAIA,49,1
N26-057-01300-GAIA,52,1
N26-057-01300-GAIA,57,1
N26-059-01301-IKEA,49,1
N26-059-01301-IKEA,54,1
N26-059-01301-IKEA,59,1
N26-059-01301-IKEA,96,1
N26-059-01301-IKEA,97,1
N26-017-01302-CUID,1,1
N26-017-01302-CUID,4,1
N26-017-01302-CUID,17,1
N26-048-01303-PHIL,36,1
N26-048-01303-PHIL,40,1
N26-048-01303-PHIL,48,1
N26-048-01303-PHIL,96,1
N26-048-01303-PHIL,100,1
N26-074-01304-DECA,69,1
N26-074-01304-DECA,70,1
N26-074-01304-DECA,74,1
N26-056-01305-KOBL,49,1
N26-056-01305-KOBL,51,1
N26-056-01305-KOBL,56,1
N26-056-01305-KOBL,96,1
N26-056-01305-KOBL,97,1
N26-042-01306-GIGA,36,1
N26-042-01306-GIGA,37,1
N26-042-01306-GIGA,42,1
N26-088-01307-BICX,84,1
N26-088-01307-BICX,86,1
N26-088-01307-BICX,88,1
N26-044-01308-XIAO,36,1
N26-044-01308-XIAO,38,1
N26-044-01308-XIAO,44,1
N26-090-01309-BOSC,89,1
N26-090-01309-BOSC,90,1
N26-034-01310-DOCK,28,1
N26-034-01310-DOCK,34,1
N26-043-01311-STER,36,1
N26-043-01311-STER,37,1
N26-043-01311-STER,43,1
N26-081-01312-VALV,77,1
N26-081-01312-VALV,80,1
N26-081-01312-VALV,81,1
N26-048-01313-TCLX,36,1
N26-048-01313-TCLX,40,1
N26-048-01313-TCLX,48,1
N26-030-01314-SWAR,28,1
N26-030-01314-SWAR,30,1
N26-043-01315-MICR,36,1
N26-043-01315-MICR,37,1
N26-043-01315-MICR,43,1
N26-015-01316-ZARA,1,1
N26-015-01316-ZARA,3,1
N26-015-01316-ZARA,15,1
N26-015-01316-ZARA,96,1
N26-015-01316-ZARA,100,1
N26-031-01317-HUAW,28,1
N26-031-01317-HUAW,31,1
N26-027-01318-HAVA,19,1
N26-027-01318-HAVA,22,1
N26-027-01318-HAVA,27,1
N26-057-01319-GAIA,49,1
N26-057-01319-GAIA,52,1
N26-057-01319-GAIA,57,1
N26-045-01320-STER,36,1
N26-045-01320-STER,38,1
N26-045-01320-STER,45,1
N26-095-01321-ROYA,93,1
N26-095-01321-ROYA,95,1
N26-091-01322-MIKE,89,1
N26-091-01322-MIKE,91,1
N26-055-01323-KOBL,49,1
N26-055-01323-KOBL,51,1
N26-055-01323-KOBL,55,1
N26-055-01323-KOBL,96,1
N26-055-01323-KOBL,100,1
N26-045-01324-STER,36,1
N26-045-01324-STER,38,1
N26-045-01324-STER,45,1
N26-007-01325-CUID,1,1
N26-007-01325-CUID,3,1
N26-007-01325-CUID,7,1
N26-010-01326-CART,1,1
N26-010-01326-CART,4,1
N26-010-01326-CART,10,1
N26-010-01326-CART,96,1
N26-010-01326-CART,99,1
N26-031-01327-CITI,28,1
N26-031-01327-CITI,31,1
N26-081-01328-XBOX,77,1
N26-081-01328-XBOX,80,1
N26-081-01328-XBOX,81,1
N26-092-01329-GONH,89,1
N26-092-01329-GONH,92,1
N26-092-01329-GONH,96,1
N26-092-01329-GONH,97,1
N26-009-01330-BABY,1,1
N26-009-01330-BABY,4,1
N26-009-01330-BABY,9,1
N26-056-01331-HAMI,49,1
N26-056-01331-HAMI,51,1
N26-056-01331-HAMI,56,1
N26-083-01332-MATT,77,1
N26-083-01332-MATT,83,1
N26-006-01333-CUID,1,1
N26-006-01333-CUID,2,1
N26-006-01333-CUID,6,1
N26-006-01333-CUID,96,1
N26-006-01333-CUID,100,1
N26-012-01334-CUID,1,1
N26-012-01334-CUID,4,1
N26-012-01334-CUID,12,1
N26-063-01335-GRIS,60,1
N26-063-01335-GRIS,63,1
N26-063-01335-GRIS,96,1
N26-063-01335-GRIS,97,1
N26-018-01336-CHAR,1,1
N26-018-01336-CHAR,4,1
N26-018-01336-CHAR,18,1
N26-075-01337-ADID,69,1
N26-075-01337-ADID,70,1
N26-075-01337-ADID,75,1
N26-009-01338-HMXX,1,1
N26-009-01338-HMXX,4,1
N26-009-01338-HMXX,9,1
N26-079-01339-DIST,77,1
N26-079-01339-DIST,79,1
N26-045-01340-SPIG,36,1
N26-045-01340-SPIG,38,1
N26-045-01340-SPIG,45,1
N26-045-01340-SPIG,96,1
N26-045-01340-SPIG,100,1
N26-026-01341-SKEC,19,1
N26-026-01341-SKEC,21,1
N26-026-01341-SKEC,26,1
N26-026-01341-SKEC,96,1
N26-026-01341-SKEC,100,1
N26-032-01342-HAWK,28,1
N26-032-01342-HAWK,32,1
N26-032-01342-HAWK,96,1
N26-032-01342-HAWK,99,1
N26-064-01343-PAIP,60,1
N26-064-01343-PAIP,64,1
N26-012-01344-CUID,1,1
N26-012-01344-CUID,4,1
N26-012-01344-CUID,12,1
N26-012-01344-CUID,96,1
N26-012-01344-CUID,99,1
N26-072-01345-CHAR,69,1
N26-072-01345-CHAR,72,1
N26-010-01346-HMXX,1,1
N26-010-01346-HMXX,4,1
N26-010-01346-HMXX,10,1
N26-032-01347-OAKL,28,1
N26-032-01347-OAKL,32,1
N26-046-01348-JBLX,36,1
N26-046-01348-JBLX,39,1
N26-046-01348-JBLX,46,1
N26-033-01349-ADID,28,1
N26-033-01349-ADID,33,1
N26-031-01350-CASI,28,1
N26-031-01350-CASI,31,1
N26-059-01351-LUUN,49,1
N26-059-01351-LUUN,54,1
N26-059-01351-LUUN,59,1
N26-078-01352-MIAL,77,1
N26-078-01352-MIAL,78,1
N26-011-01353-CAXX,1,1
N26-011-01353-CAXX,4,1
N26-011-01353-CAXX,11,1
N26-083-01354-RAVE,77,1
N26-083-01354-RAVE,83,1
N26-072-01355-NIKE,69,1
N26-072-01355-NIKE,72,1
N26-046-01356-STER,36,1
N26-046-01356-STER,39,1
N26-046-01356-STER,46,1
N26-043-01357-STER,36,1
N26-043-01357-STER,37,1
N26-043-01357-STER,43,1
N26-043-01357-STER,96,1
N26-043-01357-STER,100,1
N26-047-01358-MARS,36,1
N26-047-01358-MARS,39,1
N26-047-01358-MARS,47,1
N26-047-01358-MARS,96,1
N26-047-01358-MARS,100,1
N26-005-01359-CUID,1,1
N26-005-01359-CUID,2,1
N26-005-01359-CUID,5,1
N26-090-01360-MIKE,89,1
N26-090-01360-MIKE,90,1
N26-090-01360-MIKE,96,1
N26-090-01360-MIKE,97,1
N26-010-01361-CART,1,1
N26-010-01361-CART,4,1
N26-010-01361-CART,10,1
N26-010-01361-CART,96,1
N26-010-01361-CART,99,1
N26-027-01362-ADID,19,1
N26-027-01362-ADID,22,1
N26-027-01362-ADID,27,1
N26-027-01362-ADID,96,1
N26-027-01362-ADID,97,1
N26-078-01363-MIAL,77,1
N26-078-01363-MIAL,78,1
N26-011-01364-CHAR,1,1
N26-011-01364-CHAR,4,1
N26-011-01364-CHAR,11,1
N26-048-01365-SAMS,36,1
N26-048-01365-SAMS,40,1
N26-048-01365-SAMS,48,1
N26-007-01366-ZARA,1,1
N26-007-01366-ZARA,3,1
N26-007-01366-ZARA,7,1
N26-081-01367-XBOX,77,1
N26-081-01367-XBOX,80,1
N26-081-01367-XBOX,81,1
N26-081-01367-XBOX,96,1
N26-081-01367-XBOX,99,1
N26-059-01368-LUUN,49,1
N26-059-01368-LUUN,54,1
N26-059-01368-LUUN,59,1
N26-059-01368-LUUN,96,1
N26-059-01368-LUUN,99,1
N26-016-01369-CAXX,1,1
N26-016-01369-CAXX,3,1
N26-016-01369-CAXX,16,1
N26-011-01370-CART,1,1
N26-011-01370-CART,4,1
N26-011-01370-CART,11,1
N26-012-01371-CUID,1,1
N26-012-01371-CUID,4,1
N26-012-01371-CUID,12,1
N26-005-01372-MASS,1,1
N26-005-01372-MASS,2,1
N26-005-01372-MASS,5,1
N26-018-01373-PIRM,1,1
N26-018-01373-PIRM,4,1
N26-018-01373-PIRM,18,1
N26-025-01374-NINE,19,1
N26-025-01374-NINE,21,1
N26-025-01374-NINE,25,1
N26-027-01375-NIKE,19,1
N26-027-01375-NIKE,22,1
N26-027-01375-NIKE,27,1
N26-056-01376-OSTE,49,1
N26-056-01376-OSTE,51,1
N26-056-01376-OSTE,56,1
N26-050-01377-VASC,49,1
N26-050-01377-VASC,50,1
N26-065-01378-PAIP,60,1
N26-065-01378-PAIP,61,1
N26-065-01378-PAIP,65,1
N26-047-01379-BOSE,36,1
N26-047-01379-BOSE,39,1
N26-047-01379-BOSE,47,1
N26-006-01380-ZARA,1,1
N26-006-01380-ZARA,2,1
N26-006-01380-ZARA,6,1
N26-065-01381-PAIP,60,1
N26-065-01381-PAIP,61,1
N26-065-01381-PAIP,65,1
N26-018-01382-CHAR,1,1
N26-018-01382-CHAR,4,1
N26-018-01382-CHAR,18,1
N26-082-01383-HYPE,77,1
N26-082-01383-HYPE,80,1
N26-082-01383-HYPE,82,1
N26-082-01383-HYPE,96,1
N26-082-01383-HYPE,98,1
N26-078-01384-LEGO,77,1
N26-078-01384-LEGO,78,1
N26-045-01385-ESRX,36,1
N26-045-01385-ESRX,38,1
N26-045-01385-ESRX,45,1
N26-045-01385-ESRX,96,1
N26-045-01385-ESRX,97,1
N26-025-01386-ALDO,19,1
N26-025-01386-ALDO,21,1
N26-025-01386-ALDO,25,1
N26-025-01386-ALDO,96,1
N26-025-01386-ALDO,97,1
N26-047-01387-MARS,36,1
N26-047-01387-MARS,39,1
N26-047-01387-MARS,47,1
N26-083-01388-ASMO,77,1
N26-083-01388-ASMO,83,1
N26-067-01389-GRIS,60,1
N26-067-01389-GRIS,62,1
N26-067-01389-GRIS,67,1
N26-016-01390-HMXX,1,1
N26-016-01390-HMXX,3,1
N26-016-01390-HMXX,16,1
N26-016-01390-HMXX,96,1
N26-016-01390-HMXX,97,1
N26-059-01391-VIAN,49,1
N26-059-01391-VIAN,54,1
N26-059-01391-VIAN,59,1
N26-067-01392-GRIS,60,1
N26-067-01392-GRIS,62,1
N26-067-01392-GRIS,67,1
N26-078-01393-MIAL,77,1
N26-078-01393-MIAL,78,1
N26-048-01394-SONY,36,1
N26-048-01394-SONY,40,1
N26-048-01394-SONY,48,1
N26-050-01395-TFAL,49,1
N26-050-01395-TFAL,50,1
N26-006-01396-CUID,1,1
N26-006-01396-CUID,2,1
N26-006-01396-CUID,6,1
N26-026-01397-CATE,19,1
N26-026-01397-CATE,21,1
N26-026-01397-CATE,26,1
N26-033-01398-ADID,28,1
N26-033-01398-ADID,33,1
N26-072-01399-CHAR,69,1
N26-072-01399-CHAR,72,1
N26-055-01400-HAMI,49,1
N26-055-01400-HAMI,51,1
N26-055-01400-HAMI,55,1
N26-066-01401-LORA,60,1
N26-066-01401-LORA,61,1
N26-066-01401-LORA,66,1
N26-010-01402-HMXX,1,1
N26-010-01402-HMXX,4,1
N26-010-01402-HMXX,10,1
N26-095-01403-NUPE,93,1
N26-095-01403-NUPE,95,1
N26-031-01404-SEIK,28,1
N26-031-01404-SEIK,31,1
N26-066-01405-MACX,60,1
N26-066-01405-MACX,61,1
N26-066-01405-MACX,66,1
N26-026-01406-DRMA,19,1
N26-026-01406-DRMA,21,1
N26-026-01406-DRMA,26,1
N26-074-01407-VOIT,69,1
N26-074-01407-VOIT,70,1
N26-074-01407-VOIT,74,1
N26-045-01408-BELK,36,1
N26-045-01408-BELK,38,1
N26-045-01408-BELK,45,1
N26-045-01408-BELK,96,1
N26-045-01408-BELK,100,1
N26-090-01409-MIKE,89,1
N26-090-01409-MIKE,90,1
N26-081-01410-PLAY,77,1
N26-081-01410-PLAY,80,1
N26-081-01410-PLAY,81,1
N26-081-01410-PLAY,96,1
N26-081-01410-PLAY,98,1
N26-008-01411-HMXX,1,1
N26-008-01411-HMXX,3,1
N26-008-01411-HMXX,8,1
N26-064-01412-PAIP,60,1
N26-064-01412-PAIP,64,1
N26-005-01413-MASS,1,1
N26-005-01413-MASS,2,1
N26-005-01413-MASS,5,1
N26-045-01414-STER,36,1
N26-045-01414-STER,38,1
N26-045-01414-STER,45,1
N26-007-01415-CUID,1,1
N26-007-01415-CUID,3,1
N26-007-01415-CUID,7,1
N26-078-01416-MIAL,77,1
N26-078-01416-MIAL,78,1
N26-073-01417-TREK,69,1
N26-073-01417-TREK,73,1
N26-073-01417-TREK,96,1
N26-073-01417-TREK,97,1
N26-025-01418-FLEX,19,1
N26-025-01418-FLEX,21,1
N26-025-01418-FLEX,25,1
N26-025-01418-FLEX,96,1
N26-025-01418-FLEX,97,1
N26-015-01419-ZARA,1,1
N26-015-01419-ZARA,3,1
N26-015-01419-ZARA,15,1
N26-015-01419-ZARA,96,1
N26-015-01419-ZARA,97,1
N26-087-01420-PORR,84,1
N26-087-01420-PORR,85,1
N26-087-01420-PORR,87,1
N26-063-01421-PANT,60,1
N26-063-01421-PANT,63,1
N26-056-01422-HAMI,49,1
N26-056-01422-HAMI,51,1
N26-056-01422-HAMI,56,1
N26-056-01422-HAMI,96,1
N26-056-01422-HAMI,100,1
N26-014-01423-LEVI,1,1
N26-014-01423-LEVI,2,1
N26-014-01423-LEVI,14,1
N26-027-01424-HAVA,19,1
N26-027-01424-HAVA,22,1
N26-027-01424-HAVA,27,1
N26-027-01424-HAVA,96,1
N26-027-01424-HAVA,98,1
N26-047-01425-SONY,36,1
N26-047-01425-SONY,39,1
N26-047-01425-SONY,47,1
N26-047-01425-SONY,96,1
N26-047-01425-SONY,99,1
N26-043-01426-STER,36,1
N26-043-01426-STER,37,1
N26-043-01426-STER,43,1
N26-043-01426-STER,96,1
N26-043-01426-STER,97,1
N26-014-01427-LEVI,1,1
N26-014-01427-LEVI,2,1
N26-014-01427-LEVI,14,1
N26-014-01427-LEVI,96,1
N26-014-01427-LEVI,97,1
N26-050-01428-VASC,49,1
N26-050-01428-VASC,50,1
N26-050-01428-VASC,96,1
N26-050-01428-VASC,99,1
N26-083-01429-RAVE,77,1
N26-083-01429-RAVE,83,1
N26-044-01430-GOOG,36,1
N26-044-01430-GOOG,38,1
N26-044-01430-GOOG,44,1
N26-030-01431-PINE,28,1
N26-030-01431-PINE,30,1
N26-018-01432-CHAR,1,1
N26-018-01432-CHAR,4,1
N26-018-01432-CHAR,18,1
N26-018-01432-CHAR,96,1
N26-018-01432-CHAR,99,1
N26-030-01433-TOUS,28,1
N26-030-01433-TOUS,30,1
N26-091-01434-MIKE,89,1
N26-091-01434-MIKE,91,1
N26-091-01434-MIKE,96,1
N26-091-01434-MIKE,98,1
N26-033-01435-PUMA,28,1
N26-033-01435-PUMA,33,1
N26-033-01435-PUMA,96,1
N26-033-01435-PUMA,97,1
N26-031-01436-SEIK,28,1
N26-031-01436-SEIK,31,1
N26-012-01437-CUID,1,1
N26-012-01437-CUID,4,1
N26-012-01437-CUID,12,1
N26-032-01438-OAKL,28,1
N26-032-01438-OAKL,32,1
N26-083-01439-RAVE,77,1
N26-083-01439-RAVE,83,1
N26-005-01440-CUID,1,1
N26-005-01440-CUID,2,1
N26-005-01440-CUID,5,1
N26-067-01441-GRIS,60,1
N26-067-01441-GRIS,62,1
N26-067-01441-GRIS,67,1
N26-092-01442-DENS,89,1
N26-092-01442-DENS,92,1
N26-018-01443-CHAR,1,1
N26-018-01443-CHAR,4,1
N26-018-01443-CHAR,18,1
N26-050-01444-KITC,49,1
N26-050-01444-KITC,50,1
N26-041-01445-HPXX,36,1
N26-041-01445-HPXX,37,1
N26-041-01445-HPXX,41,1
N26-033-01446-UNDE,28,1
N26-033-01446-UNDE,33,1
N26-025-01447-STEV,19,1
N26-025-01447-STEV,21,1
N26-025-01447-STEV,25,1
N26-043-01448-PERF,36,1
N26-043-01448-PERF,37,1
N26-043-01448-PERF,43,1
N26-043-01448-PERF,96,1
N26-043-01448-PERF,99,1
N26-030-01449-PINE,28,1
N26-030-01449-PINE,30,1
N26-048-01450-LGXX,36,1
N26-048-01450-LGXX,40,1
N26-048-01450-LGXX,48,1
N26-072-01451-CHAR,69,1
N26-072-01451-CHAR,72,1
N26-072-01451-CHAR,96,1
N26-072-01451-CHAR,100,1
N26-034-01452-LEVI,28,1
N26-034-01452-LEVI,34,1
N26-066-01453-BISS,60,1
N26-066-01453-BISS,61,1
N26-066-01453-BISS,66,1
N26-068-01454-GRIS,60,1
N26-068-01454-GRIS,62,1
N26-068-01454-GRIS,68,1
N26-078-01455-MIAL,77,1
N26-078-01455-MIAL,78,1
N26-078-01455-MIAL,96,1
N26-078-01455-MIAL,97,1
N26-078-01456-MIAL,77,1
N26-078-01456-MIAL,78,1
N26-032-01457-OAKL,28,1
N26-032-01457-OAKL,32,1
N26-010-01458-CART,1,1
N26-010-01458-CART,4,1
N26-010-01458-CART,10,1
N26-010-01458-CART,96,1
N26-010-01458-CART,98,1
N26-042-01459-VORA,36,1
N26-042-01459-VORA,37,1
N26-042-01459-VORA,42,1
N26-042-01459-VORA,96,1
N26-042-01459-VORA,100,1
N26-094-01460-NUPE,93,1
N26-094-01460-NUPE,94,1
N26-025-01461-FLEX,19,1
N26-025-01461-FLEX,21,1
N26-025-01461-FLEX,25,1
N26-029-01462-KIPL,28,1
N26-029-01462-KIPL,29,1
N26-006-01463-PULL,1,1
N26-006-01463-PULL,2,1
N26-006-01463-PULL,6,1
N26-006-01463-PULL,96,1
N26-006-01463-PULL,99,1
N26-006-01464-HMXX,1,1
N26-006-01464-HMXX,2,1
N26-006-01464-HMXX,6,1
N26-064-01465-CARO,60,1
N26-064-01465-CARO,64,1
N26-048-01466-LGXX,36,1
N26-048-01466-LGXX,40,1
N26-048-01466-LGXX,48,1
N26-026-01467-FLEX,19,1
N26-026-01467-FLEX,21,1
N26-026-01467-FLEX,26,1
N26-013-01468-ADID,1,1
N26-013-01468-ADID,2,1
N26-013-01468-ADID,13,1
N26-058-01469-TAPO,49,1
N26-058-01469-TAPO,53,1
N26-058-01469-TAPO,58,1
N26-007-01470-CUID,1,1
N26-007-01470-CUID,3,1
N26-007-01470-CUID,7,1
N26-012-01471-CUID,1,1
N26-012-01471-CUID,4,1
N26-012-01471-CUID,12,1
N26-015-01472-ZARA,1,1
N26-015-01472-ZARA,3,1
N26-015-01472-ZARA,15,1
N26-032-01473-VOGU,28,1
N26-032-01473-VOGU,32,1
N26-042-01474-VORA,36,1
N26-042-01474-VORA,37,1
N26-042-01474-VORA,42,1
N26-024-01475-FLEX,19,1
N26-024-01475-FLEX,20,1
N26-024-01475-FLEX,24,1
N26-016-01476-HMXX,1,1
N26-016-01476-HMXX,3,1
N26-016-01476-HMXX,16,1
N26-032-01477-HAWK,28,1
N26-032-01477-HAWK,32,1
N26-082-01478-STER,77,1
N26-082-01478-STER,80,1
N26-082-01478-STER,82,1
N26-042-01479-ASUS,36,1
N26-042-01479-ASUS,37,1
N26-042-01479-ASUS,42,1
N26-042-01479-ASUS,96,1
N26-042-01479-ASUS,100,1
N26-013-01480-CUID,1,1
N26-013-01480-CUID,2,1
N26-013-01480-CUID,13,1
N26-017-01481-CUID,1,1
N26-017-01481-CUID,4,1
N26-017-01481-CUID,17,1
N26-017-01481-CUID,96,1
N26-017-01481-CUID,98,1
N26-066-01482-REVL,60,1
N26-066-01482-REVL,61,1
N26-066-01482-REVL,66,1
N26-064-01483-PAIP,60,1
N26-064-01483-PAIP,64,1
N26-046-01484-STER,36,1
N26-046-01484-STER,39,1
N26-046-01484-STER,46,1
N26-090-01485-MIKE,89,1
N26-090-01485-MIKE,90,1
N26-090-01485-MIKE,96,1
N26-090-01485-MIKE,98,1
N26-010-01486-CHAR,1,1
N26-010-01486-CHAR,4,1
N26-010-01486-CHAR,10,1
N26-010-01486-CHAR,96,1
N26-010-01486-CHAR,97,1
N26-030-01487-SWAR,28,1
N26-030-01487-SWAR,30,1
N26-041-01488-APPL,36,1
N26-041-01488-APPL,37,1
N26-041-01488-APPL,41,1
N26-013-01489-HMXX,1,1
N26-013-01489-HMXX,2,1
N26-013-01489-HMXX,13,1
N26-012-01490-CUID,1,1
N26-012-01490-CUID,4,1
N26-012-01490-CUID,12,1
N26-012-01490-CUID,96,1
N26-012-01490-CUID,99,1
N26-055-01491-MABE,49,1
N26-055-01491-MABE,51,1
N26-055-01491-MABE,55,1
N26-068-01492-GRIS,60,1
N26-068-01492-GRIS,62,1
N26-068-01492-GRIS,68,1
N26-026-01493-FLEX,19,1
N26-026-01493-FLEX,21,1
N26-026-01493-FLEX,26,1
N26-009-01494-CAXX,1,1
N26-009-01494-CAXX,4,1
N26-009-01494-CAXX,9,1
N26-009-01494-CAXX,96,1
N26-009-01494-CAXX,97,1
N26-032-01495-OAKL,28,1
N26-032-01495-OAKL,32,1
N26-079-01496-LEGO,77,1
N26-079-01496-LEGO,79,1
N26-079-01496-LEGO,96,1
N26-079-01496-LEGO,97,1
N26-025-01497-FLEX,19,1
N26-025-01497-FLEX,21,1
N26-025-01497-FLEX,25,1
N26-012-01498-CUID,1,1
N26-012-01498-CUID,4,1
N26-012-01498-CUID,12,1
N26-017-01499-CUID,1,1
N26-017-01499-CUID,4,1
N26-017-01499-CUID,17,1
N26-017-01499-CUID,96,1
N26-017-01499-CUID,98,1
N26-014-01500-CUID,1,1
N26-014-01500-CUID,2,1
N26-014-01500-CUID,14,1
N26-076-01501-THEN,69,1
N26-076-01501-THEN,76,1
N26-076-01501-THEN,96,1
N26-076-01501-THEN,97,1
N26-007-01502-MASS,1,1
N26-007-01502-MASS,3,1
N26-007-01502-MASS,7,1
N26-007-01502-MASS,96,1
N26-007-01502-MASS,98,1
N26-058-01503-STER,49,1
N26-058-01503-STER,53,1
N26-058-01503-STER,58,1
N26-090-01504-MIKE,89,1
N26-090-01504-MIKE,90,1
N26-016-01505-ZARA,1,1
N26-016-01505-ZARA,3,1
N26-016-01505-ZARA,16,1
N26-048-01506-PHIL,36,1
N26-048-01506-PHIL,40,1
N26-048-01506-PHIL,48,1
N26-073-01507-BENO,69,1
N26-073-01507-BENO,73,1
N26-005-01508-DOCK,1,1
N26-005-01508-DOCK,2,1
N26-005-01508-DOCK,5,1
N26-005-01508-DOCK,96,1
N26-005-01508-DOCK,98,1
N26-072-01509-NIKE,69,1
N26-072-01509-NIKE,72,1
N26-079-01510-DIST,77,1
N26-079-01510-DIST,79,1
N26-030-01511-TOUS,28,1
N26-030-01511-TOUS,30,1
N26-088-01512-PILO,84,1
N26-088-01512-PILO,86,1
N26-088-01512-PILO,88,1
N26-046-01513-SAMS,36,1
N26-046-01513-SAMS,39,1
N26-046-01513-SAMS,46,1
N26-035-01514-SAMS,28,1
N26-035-01514-SAMS,35,1
N26-012-01515-CUID,1,1
N26-012-01515-CUID,4,1
N26-012-01515-CUID,12,1
N26-082-01516-XBOX,77,1
N26-082-01516-XBOX,80,1
N26-082-01516-XBOX,82,1
N26-083-01517-ASMO,77,1
N26-083-01517-ASMO,83,1
N26-090-01518-MIKE,89,1
N26-090-01518-MIKE,90,1
N26-044-01519-APPL,36,1
N26-044-01519-APPL,38,1
N26-044-01519-APPL,44,1
N26-044-01519-APPL,96,1
N26-044-01519-APPL,98,1
N26-047-01520-SONO,36,1
N26-047-01520-SONO,39,1
N26-047-01520-SONO,47,1
N26-035-01521-FOSS,28,1
N26-035-01521-FOSS,35,1
N26-035-01521-FOSS,96,1
N26-035-01521-FOSS,97,1
N26-078-01522-FISH,77,1
N26-078-01522-FISH,78,1
N26-012-01523-CUID,1,1
N26-012-01523-CUID,4,1
N26-012-01523-CUID,12,1
N26-012-01524-ZARA,1,1
N26-012-01524-ZARA,4,1
N26-012-01524-ZARA,12,1
N26-024-01525-CLAR,19,1
N26-024-01525-CLAR,20,1
N26-024-01525-CLAR,24,1
N26-031-01526-CASI,28,1
N26-031-01526-CASI,31,1
N26-078-01527-NATI,77,1
N26-078-01527-NATI,78,1
N26-024-01528-FLEX,19,1
N26-024-01528-FLEX,20,1
N26-024-01528-FLEX,24,1
N26-024-01528-FLEX,96,1
N26-024-01528-FLEX,100,1
N26-063-01529-LORA,60,1
N26-063-01529-LORA,63,1
N26-041-01530-LANI,36,1
N26-041-01530-LANI,37,1
N26-041-01530-LANI,41,1
N26-076-01531-COLE,69,1
N26-076-01531-COLE,76,1
N26-090-01532-MIKE,89,1
N26-090-01532-MIKE,90,1
N26-090-01532-MIKE,96,1
N26-090-01532-MIKE,97,1
N26-033-01533-UNDE,28,1
N26-033-01533-UNDE,33,1
N26-033-01533-UNDE,96,1
N26-033-01533-UNDE,98,1
N26-006-01534-PULL,1,1
N26-006-01534-PULL,2,1
N26-006-01534-PULL,6,1
N26-035-01535-PINE,28,1
N26-035-01535-PINE,35,1
N26-007-01536-ZARA,1,1
N26-007-01536-ZARA,3,1
N26-007-01536-ZARA,7,1
N26-083-01537-RAVE,77,1
N26-083-01537-RAVE,83,1
N26-035-01538-FOSS,28,1
N26-035-01538-FOSS,35,1
N26-035-01538-FOSS,96,1
N26-035-01538-FOSS,97,1
N26-030-01539-TOUS,28,1
N26-030-01539-TOUS,30,1
N26-088-01540-SCRI,84,1
N26-088-01540-SCRI,86,1
N26-088-01540-SCRI,88,1
N26-071-01541-PUMA,69,1
N26-071-01541-PUMA,71,1
N26-050-01542-TFAL,49,1
N26-050-01542-TFAL,50,1
N26-050-01542-TFAL,96,1
N26-050-01542-TFAL,97,1
N26-081-01543-VALV,77,1
N26-081-01543-VALV,80,1
N26-081-01543-VALV,81,1
N26-081-01543-VALV,96,1
N26-081-01543-VALV,99,1
N26-074-01544-DECA,69,1
N26-074-01544-DECA,70,1
N26-074-01544-DECA,74,1
N26-073-01545-SPEC,69,1
N26-073-01545-SPEC,73,1
N26-011-01546-CHAR,1,1
N26-011-01546-CHAR,4,1
N26-011-01546-CHAR,11,1
N26-078-01547-MIAL,77,1
N26-078-01547-MIAL,78,1
N26-027-01548-CART,19,1
N26-027-01548-CART,22,1
N26-027-01548-CART,27,1
N26-032-01549-VOGU,28,1
N26-032-01549-VOGU,32,1
N26-095-01550-NUPE,93,1
N26-095-01550-NUPE,95,1
N26-015-01551-MANG,1,1
N26-015-01551-MANG,3,1
N26-015-01551-MANG,15,1
N26-088-01552-PILO,84,1
N26-088-01552-PILO,86,1
N26-088-01552-PILO,88,1
N26-088-01552-PILO,96,1
N26-088-01552-PILO,100,1
N26-015-01553-MANG,1,1
N26-015-01553-MANG,3,1
N26-015-01553-MANG,15,1
N26-058-01554-TAPO,49,1
N26-058-01554-TAPO,53,1
N26-058-01554-TAPO,58,1
N26-032-01555-VOGU,28,1
N26-032-01555-VOGU,32,1
N26-058-01556-STER,49,1
N26-058-01556-STER,53,1
N26-058-01556-STER,58,1
N26-009-01557-CART,1,1
N26-009-01557-CART,4,1
N26-009-01557-CART,9,1
N26-046-01558-SONY,36,1
N26-046-01558-SONY,39,1
N26-046-01558-SONY,46,1
N26-013-01559-CUID,1,1
N26-013-01559-CUID,2,1
N26-013-01559-CUID,13,1
N26-032-01560-HAWK,28,1
N26-032-01560-HAWK,32,1
N26-010-01561-CAXX,1,1
N26-010-01561-CAXX,4,1
N26-010-01561-CAXX,10,1
N26-010-01561-CAXX,96,1
N26-010-01561-CAXX,98,1
N26-079-01562-LEGO,77,1
N26-079-01562-LEGO,79,1
N26-067-01563-NIVE,60,1
N26-067-01563-NIVE,62,1
N26-067-01563-NIVE,67,1
N26-048-01564-LGXX,36,1
N26-048-01564-LGXX,40,1
N26-048-01564-LGXX,48,1
N26-095-01565-HILL,93,1
N26-095-01565-HILL,95,1
N26-088-01566-PILO,84,1
N26-088-01566-PILO,86,1
N26-088-01566-PILO,88,1
N26-006-01567-BERS,1,1
N26-006-01567-BERS,2,1
N26-006-01567-BERS,6,1
N26-006-01567-BERS,96,1
N26-006-01567-BERS,100,1
N26-034-01568-LEVI,28,1
N26-034-01568-LEVI,34,1
N26-043-01569-VORA,36,1
N26-043-01569-VORA,37,1
N26-043-01569-VORA,43,1
N26-058-01570-STER,49,1
N26-058-01570-STER,53,1
N26-058-01570-STER,58,1
N26-058-01570-STER,96,1
N26-058-01570-STER,97,1
N26-057-01571-DICO,49,1
N26-057-01571-DICO,52,1
N26-057-01571-DICO,57,1
N26-090-01572-MICH,89,1
N26-090-01572-MICH,90,1
N26-030-01573-THOM,28,1
N26-030-01573-THOM,30,1
N26-012-01574-CUID,1,1
N26-012-01574-CUID,4,1
N26-012-01574-CUID,12,1
N26-076-01575-OZAR,69,1
N26-076-01575-OZAR,76,1
N26-034-01576-TOMM,28,1
N26-034-01576-TOMM,34,1
N26-008-01577-PULL,1,1
N26-008-01577-PULL,3,1
N26-008-01577-PULL,8,1
N26-008-01577-PULL,96,1
N26-008-01577-PULL,100,1
N26-066-01578-BISS,60,1
N26-066-01578-BISS,61,1
N26-066-01578-BISS,66,1
N26-066-01578-BISS,96,1
N26-066-01578-BISS,97,1
N26-012-01579-CUID,1,1
N26-012-01579-CUID,4,1
N26-012-01579-CUID,12,1
N26-073-01580-SHIM,69,1
N26-073-01580-SHIM,73,1
N26-073-01580-SHIM,96,1
N26-073-01580-SHIM,97,1
N26-078-01581-MIAL,77,1
N26-078-01581-MIAL,78,1
N26-083-01582-RAVE,77,1
N26-083-01582-RAVE,83,1
N26-095-01583-NUPE,93,1
N26-095-01583-NUPE,95,1
N26-095-01583-NUPE,96,1
N26-095-01583-NUPE,99,1
N26-057-01584-GAIA,49,1
N26-057-01584-GAIA,52,1
N26-057-01584-GAIA,57,1
N26-057-01584-GAIA,96,1
N26-057-01584-GAIA,99,1
N26-065-01585-PAIP,60,1
N26-065-01585-PAIP,61,1
N26-065-01585-PAIP,65,1
N26-030-01586-PINE,28,1
N26-030-01586-PINE,30,1
N26-007-01587-MASS,1,1
N26-007-01587-MASS,3,1
N26-007-01587-MASS,7,1
N26-055-01588-KOBL,49,1
N26-055-01588-KOBL,51,1
N26-055-01588-KOBL,55,1
N26-055-01588-KOBL,96,1
N26-055-01588-KOBL,98,1
N26-094-01589-NUPE,93,1
N26-094-01589-NUPE,94,1
N26-045-01590-STER,36,1
N26-045-01590-STER,38,1
N26-045-01590-STER,45,1
N26-045-01590-STER,96,1
N26-045-01590-STER,100,1
N26-064-01591-CARO,60,1
N26-064-01591-CARO,64,1
N26-047-01592-SONO,36,1
N26-047-01592-SONO,39,1
N26-047-01592-SONO,47,1
N26-047-01592-SONO,96,1
N26-047-01592-SONO,100,1
N26-006-01593-BERS,1,1
N26-006-01593-BERS,2,1
N26-006-01593-BERS,6,1
N26-026-01594-TIMB,19,1
N26-026-01594-TIMB,21,1
N26-026-01594-TIMB,26,1
N26-063-01595-GRIS,60,1
N26-063-01595-GRIS,63,1
N26-018-01596-PIRM,1,1
N26-018-01596-PIRM,4,1
N26-018-01596-PIRM,18,1
N26-012-01597-CUID,1,1
N26-012-01597-CUID,4,1
N26-012-01597-CUID,12,1
N26-024-01598-CLAR,19,1
N26-024-01598-CLAR,20,1
N26-024-01598-CLAR,24,1
N26-082-01599-PLAY,77,1
N26-082-01599-PLAY,80,1
N26-082-01599-PLAY,82,1
N26-009-01600-CAXX,1,1
N26-009-01600-CAXX,4,1
N26-009-01600-CAXX,9,1
N26-090-01601-MICH,89,1
N26-090-01601-MICH,90,1
N26-056-01602-KOBL,49,1
N26-056-01602-KOBL,51,1
N26-056-01602-KOBL,56,1
N26-056-01602-KOBL,96,1
N26-056-01602-KOBL,100,1
N26-032-01603-POLA,28,1
N26-032-01603-POLA,32,1
N26-091-01604-MIKE,89,1
N26-091-01604-MIKE,91,1
N26-029-01605-KIPL,28,1
N26-029-01605-KIPL,29,1
N26-023-01606-SKEC,19,1
N26-023-01606-SKEC,20,1
N26-023-01606-SKEC,23,1
N26-005-01607-DOCK,1,1
N26-005-01607-DOCK,2,1
N26-005-01607-DOCK,5,1
N26-009-01608-HMXX,1,1
N26-009-01608-HMXX,4,1
N26-009-01608-HMXX,9,1
N26-009-01608-HMXX,96,1
N26-009-01608-HMXX,99,1
N26-088-01609-ZEBR,84,1
N26-088-01609-ZEBR,86,1
N26-088-01609-ZEBR,88,1
N26-056-01610-OSTE,49,1
N26-056-01610-OSTE,51,1
N26-056-01610-OSTE,56,1
N26-071-01611-CHAR,69,1
N26-071-01611-CHAR,71,1
N26-071-01611-CHAR,96,1
N26-071-01611-CHAR,99,1
N26-005-01612-CUID,1,1
N26-005-01612-CUID,2,1
N26-005-01612-CUID,5,1
N26-012-01613-HMXX,1,1
N26-012-01613-HMXX,4,1
N26-012-01613-HMXX,12,1
N26-076-01614-OZAR,69,1
N26-076-01614-OZAR,76,1
N26-008-01615-HMXX,1,1
N26-008-01615-HMXX,3,1
N26-008-01615-HMXX,8,1
N26-008-01615-HMXX,96,1
N26-008-01615-HMXX,100,1
N26-043-01616-VORA,36,1
N26-043-01616-VORA,37,1
N26-043-01616-VORA,43,1
N26-043-01616-VORA,96,1
N26-043-01616-VORA,100,1
N26-024-01617-ALDO,19,1
N26-024-01617-ALDO,20,1
N26-024-01617-ALDO,24,1
N26-024-01617-ALDO,96,1
N26-024-01617-ALDO,99,1
N26-008-01618-CUID,1,1
N26-008-01618-CUID,3,1
N26-008-01618-CUID,8,1
N26-005-01619-CUID,1,1
N26-005-01619-CUID,2,1
N26-005-01619-CUID,5,1
N26-005-01619-CUID,96,1
N26-005-01619-CUID,97,1
N26-047-01620-SONY,36,1
N26-047-01620-SONY,39,1
N26-047-01620-SONY,47,1
N26-067-01621-NIVE,60,1
N26-067-01621-NIVE,62,1
N26-067-01621-NIVE,67,1
N26-014-01622-CUID,1,1
N26-014-01622-CUID,2,1
N26-014-01622-CUID,14,1
N26-063-01623-GRIS,60,1
N26-063-01623-GRIS,63,1
N26-023-01624-PIRM,19,1
N26-023-01624-PIRM,20,1
N26-023-01624-PIRM,23,1
N26-031-01625-FOSS,28,1
N26-031-01625-FOSS,31,1
N26-031-01625-FOSS,96,1
N26-031-01625-FOSS,100,1
N26-066-01626-BISS,60,1
N26-066-01626-BISS,61,1
N26-066-01626-BISS,66,1
N26-048-01627-PHIL,36,1
N26-048-01627-PHIL,40,1
N26-048-01627-PHIL,48,1
N26-033-01628-ADID,28,1
N26-033-01628-ADID,33,1
N26-078-01629-MIAL,77,1
N26-078-01629-MIAL,78,1
N26-056-01630-DELO,49,1
N26-056-01630-DELO,51,1
N26-056-01630-DELO,56,1
N26-055-01631-OSTE,49,1
N26-055-01631-OSTE,51,1
N26-055-01631-OSTE,55,1
N26-030-01632-SWAR,28,1
N26-030-01632-SWAR,30,1
N26-030-01632-SWAR,96,1
N26-030-01632-SWAR,97,1
N26-087-01633-MCGR,84,1
N26-087-01633-MCGR,85,1
N26-087-01633-MCGR,87,1
N26-091-01634-ARMO,89,1
N26-091-01634-ARMO,91,1
N26-046-01635-JBLX,36,1
N26-046-01635-JBLX,39,1
N26-046-01635-JBLX,46,1
N26-017-01636-PUMA,1,1
N26-017-01636-PUMA,4,1
N26-017-01636-PUMA,17,1
N26-017-01636-PUMA,96,1
N26-017-01636-PUMA,97,1
N26-088-01637-BICX,84,1
N26-088-01637-BICX,86,1
N26-088-01637-BICX,88,1
N26-088-01637-BICX,96,1
N26-088-01637-BICX,98,1
N26-092-01638-GONH,89,1
N26-092-01638-GONH,92,1
N26-024-01639-HUSH,19,1
N26-024-01639-HUSH,20,1
N26-024-01639-HUSH,24,1
N26-035-01640-TOMM,28,1
N26-035-01640-TOMM,35,1
N26-042-01641-VORA,36,1
N26-042-01641-VORA,37,1
N26-042-01641-VORA,42,1
N26-029-01642-PINE,28,1
N26-029-01642-PINE,29,1
N26-072-01643-CHAR,69,1
N26-072-01643-CHAR,72,1
N26-008-01644-CUID,1,1
N26-008-01644-CUID,3,1
N26-008-01644-CUID,8,1
N26-076-01645-QUEC,69,1
N26-076-01645-QUEC,76,1
N26-090-01646-ARMO,89,1
N26-090-01646-ARMO,90,1
N26-010-01647-CHAR,1,1
N26-010-01647-CHAR,4,1
N26-010-01647-CHAR,10,1
N26-050-01648-KITC,49,1
N26-050-01648-KITC,50,1
N26-066-01649-BISS,60,1
N26-066-01649-BISS,61,1
N26-066-01649-BISS,66,1
N26-015-01650-MASS,1,1
N26-015-01650-MASS,3,1
N26-015-01650-MASS,15,1
N26-015-01651-CAXX,1,1
N26-015-01651-CAXX,3,1
N26-015-01651-CAXX,15,1
N26-033-01652-NEWE,28,1
N26-033-01652-NEWE,33,1
N26-007-01653-MANG,1,1
N26-007-01653-MANG,3,1
N26-007-01653-MANG,7,1
N26-043-01654-RAZE,36,1
N26-043-01654-RAZE,37,1
N26-043-01654-RAZE,43,1
N26-024-01655-FLEX,19,1
N26-024-01655-FLEX,20,1
N26-024-01655-FLEX,24,1
N26-079-01656-LEGO,77,1
N26-079-01656-LEGO,79,1
N26-010-01657-CHAR,1,1
N26-010-01657-CHAR,4,1
N26-010-01657-CHAR,10,1
N26-079-01658-DIST,77,1
N26-079-01658-DIST,79,1
N26-079-01658-DIST,96,1
N26-079-01658-DIST,97,1
N26-045-01659-UAGX,36,1
N26-045-01659-UAGX,38,1
N26-045-01659-UAGX,45,1
N26-048-01660-SONY,36,1
N26-048-01660-SONY,40,1
N26-048-01660-SONY,48,1
N26-033-01661-NIKE,28,1
N26-033-01661-NIKE,33,1
N26-033-01662-UNDE,28,1
N26-033-01662-UNDE,33,1
N26-094-01663-GANA,93,1
N26-094-01663-GANA,94,1
N26-011-01664-CHAR,1,1
N26-011-01664-CHAR,4,1
N26-011-01664-CHAR,11,1
N26-008-01665-PULL,1,1
N26-008-01665-PULL,3,1
N26-008-01665-PULL,8,1
N26-008-01665-PULL,96,1
N26-008-01665-PULL,100,1
N26-008-01666-BERS,1,1
N26-008-01666-BERS,3,1
N26-008-01666-BERS,8,1
N26-044-01667-HONO,36,1
N26-044-01667-HONO,38,1
N26-044-01667-HONO,44,1
N26-044-01667-HONO,96,1
N26-044-01667-HONO,99,1
N26-064-01668-DIOR,60,1
N26-064-01668-DIOR,64,1
N26-067-01669-GRIS,60,1
N26-067-01669-GRIS,62,1
N26-067-01669-GRIS,67,1
N26-042-01670-SEAG,36,1
N26-042-01670-SEAG,37,1
N26-042-01670-SEAG,42,1
N26-023-01671-PANA,19,1
N26-023-01671-PANA,20,1
N26-023-01671-PANA,23,1
N26-014-01672-LEVI,1,1
N26-014-01672-LEVI,2,1
N26-014-01672-LEVI,14,1
N26-066-01673-REVL,60,1
N26-066-01673-REVL,61,1
N26-066-01673-REVL,66,1
N26-066-01673-REVL,96,1
N26-066-01673-REVL,97,1
N26-018-01674-PIRM,1,1
N26-018-01674-PIRM,4,1
N26-018-01674-PIRM,18,1
N26-024-01675-ALDO,19,1
N26-024-01675-ALDO,20,1
N26-024-01675-ALDO,24,1
N26-079-01676-LEGO,77,1
N26-079-01676-LEGO,79,1
N26-079-01676-LEGO,96,1
N26-079-01676-LEGO,98,1
N26-056-01677-HAMI,49,1
N26-056-01677-HAMI,51,1
N26-056-01677-HAMI,56,1
N26-056-01677-HAMI,96,1
N26-056-01677-HAMI,98,1
N26-092-01678-MONR,89,1
N26-092-01678-MONR,92,1
N26-078-01679-FISH,77,1
N26-078-01679-FISH,78,1
N26-010-01680-PIRM,1,1
N26-010-01680-PIRM,4,1
N26-010-01680-PIRM,10,1
N26-010-01680-PIRM,96,1
N26-010-01680-PIRM,97,1
N26-064-01681-CARO,60,1
N26-064-01681-CARO,64,1
N26-064-01682-PAIP,60,1
N26-064-01682-PAIP,64,1
N26-064-01682-PAIP,96,1
N26-064-01682-PAIP,100,1
N26-009-01683-CAXX,1,1
N26-009-01683-CAXX,4,1
N26-009-01683-CAXX,9,1
N26-064-01684-VERS,60,1
N26-064-01684-VERS,64,1
N26-065-01685-NYXX,60,1
N26-065-01685-NYXX,61,1
N26-065-01685-NYXX,65,1
N26-008-01686-HMXX,1,1
N26-008-01686-HMXX,3,1
N26-008-01686-HMXX,8,1
N26-032-01687-POLA,28,1
N26-032-01687-POLA,32,1
N26-043-01688-RAZE,36,1
N26-043-01688-RAZE,37,1
N26-043-01688-RAZE,43,1
N26-043-01688-RAZE,96,1
N26-043-01688-RAZE,99,1
N26-035-01689-SAMS,28,1
N26-035-01689-SAMS,35,1
N26-035-01689-SAMS,96,1
N26-035-01689-SAMS,99,1
N26-030-01690-PINE,28,1
N26-030-01690-PINE,30,1
N26-030-01690-PINE,96,1
N26-030-01690-PINE,97,1
N26-090-01691-3MXX,89,1
N26-090-01691-3MXX,90,1
N26-012-01692-CUID,1,1
N26-012-01692-CUID,4,1
N26-012-01692-CUID,12,1
N26-081-01693-VALV,77,1
N26-081-01693-VALV,80,1
N26-081-01693-VALV,81,1
N26-094-01694-GANA,93,1
N26-094-01694-GANA,94,1
N26-015-01695-ZARA,1,1
N26-015-01695-ZARA,3,1
N26-015-01695-ZARA,15,1
N26-015-01695-ZARA,96,1
N26-015-01695-ZARA,100,1
N26-035-01696-PINE,28,1
N26-035-01696-PINE,35,1
N26-064-01697-PAIP,60,1
N26-064-01697-PAIP,64,1
N26-064-01697-PAIP,96,1
N26-064-01697-PAIP,100,1
N26-082-01698-HYPE,77,1
N26-082-01698-HYPE,80,1
N26-082-01698-HYPE,82,1
N26-058-01699-TECN,49,1
N26-058-01699-TECN,53,1
N26-058-01699-TECN,58,1
N26-029-01700-SAMS,28,1
N26-029-01700-SAMS,29,1
N26-035-01701-FOSS,28,1
N26-035-01701-FOSS,35,1
N26-033-01702-NIKE,28,1
N26-033-01702-NIKE,33,1
N26-058-01703-IKEA,49,1
N26-058-01703-IKEA,53,1
N26-058-01703-IKEA,58,1
N26-058-01703-IKEA,96,1
N26-058-01703-IKEA,97,1
N26-063-01704-GARN,60,1
N26-063-01704-GARN,63,1
N26-045-01705-BELK,36,1
N26-045-01705-BELK,38,1
N26-045-01705-BELK,45,1
N26-045-01705-BELK,96,1
N26-045-01705-BELK,100,1
N26-031-01706-FOSS,28,1
N26-031-01706-FOSS,31,1
N26-031-01706-FOSS,96,1
N26-031-01706-FOSS,97,1
N26-014-01707-WRAN,1,1
N26-014-01707-WRAN,2,1
N26-014-01707-WRAN,14,1
N26-046-01708-JBLX,36,1
N26-046-01708-JBLX,39,1
N26-046-01708-JBLX,46,1
N26-011-01709-CHAR,1,1
N26-011-01709-CHAR,4,1
N26-011-01709-CHAR,11,1
N26-025-01710-STEV,19,1
N26-025-01710-STEV,21,1
N26-025-01710-STEV,25,1
N26-067-01711-CERA,60,1
N26-067-01711-CERA,62,1
N26-067-01711-CERA,67,1
N26-044-01712-XIAO,36,1
N26-044-01712-XIAO,38,1
N26-044-01712-XIAO,44,1
N26-033-01713-NIKE,28,1
N26-033-01713-NIKE,33,1
N26-067-01714-GRIS,60,1
N26-067-01714-GRIS,62,1
N26-067-01714-GRIS,67,1
N26-025-01715-ALDO,19,1
N26-025-01715-ALDO,21,1
N26-025-01715-ALDO,25,1
N26-015-01716-CAXX,1,1
N26-015-01716-CAXX,3,1
N26-015-01716-CAXX,15,1
N26-072-01717-ASIC,69,1
N26-072-01717-ASIC,72,1
N26-072-01717-ASIC,96,1
N26-072-01717-ASIC,100,1
N26-064-01718-VERS,60,1
N26-064-01718-VERS,64,1
N26-042-01719-VORA,36,1
N26-042-01719-VORA,37,1
N26-042-01719-VORA,42,1
N26-050-01720-PYRE,49,1
N26-050-01720-PYRE,50,1
N26-050-01720-PYRE,96,1
N26-050-01720-PYRE,99,1
N26-042-01721-VORA,36,1
N26-042-01721-VORA,37,1
N26-042-01721-VORA,42,1
N26-050-01722-TFAL,49,1
N26-050-01722-TFAL,50,1
N26-064-01723-CALV,60,1
N26-064-01723-CALV,64,1
N26-064-01723-CALV,96,1
N26-064-01723-CALV,100,1
N26-090-01724-MIKE,89,1
N26-090-01724-MIKE,90,1
N26-090-01724-MIKE,96,1
N26-090-01724-MIKE,100,1
N26-079-01725-DIST,77,1
N26-079-01725-DIST,79,1
N26-072-01726-ASIC,69,1
N26-072-01726-ASIC,72,1
N26-058-01727-TAPO,49,1
N26-058-01727-TAPO,53,1
N26-058-01727-TAPO,58,1
N26-035-01728-SAMS,28,1
N26-035-01728-SAMS,35,1
N26-041-01729-LANI,36,1
N26-041-01729-LANI,37,1
N26-041-01729-LANI,41,1
N26-088-01730-SCRI,84,1
N26-088-01730-SCRI,86,1
N26-088-01730-SCRI,88,1
N26-088-01730-SCRI,96,1
N26-088-01730-SCRI,100,1
N26-010-01731-CHAR,1,1
N26-010-01731-CHAR,4,1
N26-010-01731-CHAR,10,1
N26-031-01732-CITI,28,1
N26-031-01732-CITI,31,1
N26-043-01733-LOGI,36,1
N26-043-01733-LOGI,37,1
N26-043-01733-LOGI,43,1
N26-005-01734-CUID,1,1
N26-005-01734-CUID,2,1
N26-005-01734-CUID,5,1
N26-025-01735-ZARA,19,1
N26-025-01735-ZARA,21,1
N26-025-01735-ZARA,25,1
N26-011-01736-HMXX,1,1
N26-011-01736-HMXX,4,1
N26-011-01736-HMXX,11,1
N26-072-01737-ADID,69,1
N26-072-01737-ADID,72,1
N26-091-01738-MIKE,89,1
N26-091-01738-MIKE,91,1
N26-087-01739-OREI,84,1
N26-087-01739-OREI,85,1
N26-087-01739-OREI,87,1
N26-056-01740-KOBL,49,1
N26-056-01740-KOBL,51,1
N26-056-01740-KOBL,56,1
N26-033-01741-NEWE,28,1
N26-033-01741-NEWE,33,1
N26-074-01742-DECA,69,1
N26-074-01742-DECA,70,1
N26-074-01742-DECA,74,1
N26-006-01743-CUID,1,1
N26-006-01743-CUID,2,1
N26-006-01743-CUID,6,1
N26-034-01744-PINE,28,1
N26-034-01744-PINE,34,1
N26-029-01745-ADID,28,1
N26-029-01745-ADID,29,1
N26-006-01746-CUID,1,1
N26-006-01746-CUID,2,1
N26-006-01746-CUID,6,1
N26-092-01747-GATE,89,1
N26-092-01747-GATE,92,1
N26-025-01748-FLEX,19,1
N26-025-01748-FLEX,21,1
N26-025-01748-FLEX,25,1
N26-032-01749-HAWK,28,1
N26-032-01749-HAWK,32,1
N26-032-01749-HAWK,96,1
N26-032-01749-HAWK,98,1
N26-092-01750-GONH,89,1
N26-092-01750-GONH,92,1
N26-031-01751-CITI,28,1
N26-031-01751-CITI,31,1
N26-026-01752-DRMA,19,1
N26-026-01752-DRMA,21,1
N26-026-01752-DRMA,26,1
N26-026-01752-DRMA,96,1
N26-026-01752-DRMA,100,1
N26-050-01753-TRAM,49,1
N26-050-01753-TRAM,50,1
N26-091-01754-3MXX,89,1
N26-091-01754-3MXX,91,1
N26-092-01755-GONH,89,1
N26-092-01755-GONH,92,1
N26-018-01756-ADID,1,1
N26-018-01756-ADID,4,1
N26-018-01756-ADID,18,1
N26-044-01757-APPL,36,1
N26-044-01757-APPL,38,1
N26-044-01757-APPL,44,1
N26-094-01758-NUPE,93,1
N26-094-01758-NUPE,94,1
N26-029-01759-KIPL,28,1
N26-029-01759-KIPL,29,1
N26-029-01759-KIPL,96,1
N26-029-01759-KIPL,99,1
N26-015-01760-CAXX,1,1
N26-015-01760-CAXX,3,1
N26-015-01760-CAXX,15,1
N26-015-01760-CAXX,96,1
N26-015-01760-CAXX,98,1
N26-088-01761-SCRI,84,1
N26-088-01761-SCRI,86,1
N26-088-01761-SCRI,88,1
N26-081-01762-NINT,77,1
N26-081-01762-NINT,80,1
N26-081-01762-NINT,81,1
N26-074-01763-VOIT,69,1
N26-074-01763-VOIT,70,1
N26-074-01763-VOIT,74,1
N26-044-01764-SAMS,36,1
N26-044-01764-SAMS,38,1
N26-044-01764-SAMS,44,1
N26-074-01765-BOWF,69,1
N26-074-01765-BOWF,70,1
N26-074-01765-BOWF,74,1
N26-074-01765-BOWF,96,1
N26-074-01765-BOWF,98,1
N26-046-01766-STER,36,1
N26-046-01766-STER,39,1
N26-046-01766-STER,46,1
N26-091-01767-ARMO,89,1
N26-091-01767-ARMO,91,1
N26-006-01768-CUID,1,1
N26-006-01768-CUID,2,1
N26-006-01768-CUID,6,1
N26-090-01769-MICH,89,1
N26-090-01769-MICH,90,1
N26-090-01769-MICH,96,1
N26-090-01769-MICH,99,1
N26-008-01770-CUID,1,1
N26-008-01770-CUID,3,1
N26-008-01770-CUID,8,1
N26-087-01771-TRIL,84,1
N26-087-01771-TRIL,85,1
N26-087-01771-TRIL,87,1
N26-035-01772-FOSS,28,1
N26-035-01772-FOSS,35,1
N26-014-01773-CUID,1,1
N26-014-01773-CUID,2,1
N26-014-01773-CUID,14,1
N26-045-01774-ESRX,36,1
N26-045-01774-ESRX,38,1
N26-045-01774-ESRX,45,1
N26-030-01775-SWAR,28,1
N26-030-01775-SWAR,30,1
N26-068-01776-ISDI,60,1
N26-068-01776-ISDI,62,1
N26-068-01776-ISDI,68,1
N26-068-01776-ISDI,96,1
N26-068-01776-ISDI,100,1
N26-014-01777-LEVI,1,1
N26-014-01777-LEVI,2,1
N26-014-01777-LEVI,14,1
N26-055-01778-MABE,49,1
N26-055-01778-MABE,51,1
N26-055-01778-MABE,55,1
N26-055-01778-MABE,96,1
N26-055-01778-MABE,97,1
N26-058-01779-TECN,49,1
N26-058-01779-TECN,53,1
N26-058-01779-TECN,58,1
N26-055-01780-NINJ,49,1
N26-055-01780-NINJ,51,1
N26-055-01780-NINJ,55,1
N26-024-01781-FLEX,19,1
N26-024-01781-FLEX,20,1
N26-024-01781-FLEX,24,1
N26-092-01782-GONH,89,1
N26-092-01782-GONH,92,1
N26-027-01783-HAVA,19,1
N26-027-01783-HAVA,22,1
N26-027-01783-HAVA,27,1
N26-047-01784-SONO,36,1
N26-047-01784-SONO,39,1
N26-047-01784-SONO,47,1
N26-074-01785-BOWF,69,1
N26-074-01785-BOWF,70,1
N26-074-01785-BOWF,74,1
N26-047-01786-SONO,36,1
N26-047-01786-SONO,39,1
N26-047-01786-SONO,47,1
N26-010-01787-CAXX,1,1
N26-010-01787-CAXX,4,1
N26-010-01787-CAXX,10,1
N26-010-01787-CAXX,96,1
N26-010-01787-CAXX,99,1
N26-065-01788-BISS,60,1
N26-065-01788-BISS,61,1
N26-065-01788-BISS,65,1
N26-065-01788-BISS,96,1
N26-065-01788-BISS,98,1
N26-031-01789-HUAW,28,1
N26-031-01789-HUAW,31,1
N26-006-01790-ZARA,1,1
N26-006-01790-ZARA,2,1
N26-006-01790-ZARA,6,1
N26-064-01791-PAIP,60,1
N26-064-01791-PAIP,64,1
N26-050-01792-KITC,49,1
N26-050-01792-KITC,50,1
N26-050-01792-KITC,96,1
N26-050-01792-KITC,100,1
N26-007-01793-CUID,1,1
N26-007-01793-CUID,3,1
N26-007-01793-CUID,7,1
N26-010-01794-CART,1,1
N26-010-01794-CART,4,1
N26-010-01794-CART,10,1
N26-073-01795-BENO,69,1
N26-073-01795-BENO,73,1
N26-005-01796-HUGO,1,1
N26-005-01796-HUGO,2,1
N26-005-01796-HUGO,5,1
N26-046-01797-APPL,36,1
N26-046-01797-APPL,39,1
N26-046-01797-APPL,46,1
N26-046-01797-APPL,96,1
N26-046-01797-APPL,99,1
N26-033-01798-ADID,28,1
N26-033-01798-ADID,33,1
N26-043-01799-LOGI,36,1
N26-043-01799-LOGI,37,1
N26-043-01799-LOGI,43,1
N26-088-01800-BICX,84,1
N26-088-01800-BICX,86,1
N26-088-01800-BICX,88,1
N26-066-01801-REVL,60,1
N26-066-01801-REVL,61,1
N26-066-01801-REVL,66,1
N26-010-01802-PIRM,1,1
N26-010-01802-PIRM,4,1
N26-010-01802-PIRM,10,1
N26-034-01803-LEVI,28,1
N26-034-01803-LEVI,34,1
N26-087-01804-TRIL,84,1
N26-087-01804-TRIL,85,1
N26-087-01804-TRIL,87,1
N26-074-01805-BOWF,69,1
N26-074-01805-BOWF,70,1
N26-074-01805-BOWF,74,1
N26-076-01806-OZAR,69,1
N26-076-01806-OZAR,76,1
N26-076-01807-COLE,69,1
N26-076-01807-COLE,76,1
N26-076-01807-COLE,96,1
N26-076-01807-COLE,97,1
N26-078-01808-CLEM,77,1
N26-078-01808-CLEM,78,1
N26-078-01808-CLEM,96,1
N26-078-01808-CLEM,100,1
N26-063-01809-GRIS,60,1
N26-063-01809-GRIS,63,1
N26-063-01809-GRIS,96,1
N26-063-01809-GRIS,100,1
N26-055-01810-NINJ,49,1
N26-055-01810-NINJ,51,1
N26-055-01810-NINJ,55,1
N26-055-01810-NINJ,96,1
N26-055-01810-NINJ,98,1
N26-041-01811-LANI,36,1
N26-041-01811-LANI,37,1
N26-041-01811-LANI,41,1
N26-009-01812-BABY,1,1
N26-009-01812-BABY,4,1
N26-009-01812-BABY,9,1
N26-058-01813-IKEA,49,1
N26-058-01813-IKEA,53,1
N26-058-01813-IKEA,58,1
N26-029-01814-PINE,28,1
N26-029-01814-PINE,29,1
N26-034-01815-HUGO,28,1
N26-034-01815-HUGO,34,1
N26-057-01816-GAIA,49,1
N26-057-01816-GAIA,52,1
N26-057-01816-GAIA,57,1
N26-091-01817-MIKE,89,1
N26-091-01817-MIKE,91,1
N26-094-01818-HILL,93,1
N26-094-01818-HILL,94,1
N26-058-01819-TECN,49,1
N26-058-01819-TECN,53,1
N26-058-01819-TECN,58,1
N26-073-01820-BENO,69,1
N26-073-01820-BENO,73,1
N26-073-01820-BENO,96,1
N26-073-01820-BENO,98,1
N26-046-01821-STER,36,1
N26-046-01821-STER,39,1
N26-046-01821-STER,46,1
N26-018-01822-CHAR,1,1
N26-018-01822-CHAR,4,1
N26-018-01822-CHAR,18,1
N26-030-01823-SWAR,28,1
N26-030-01823-SWAR,30,1
N26-064-01824-PAIP,60,1
N26-064-01824-PAIP,64,1
N26-063-01825-GRIS,60,1
N26-063-01825-GRIS,63,1
N26-035-01826-PINE,28,1
N26-035-01826-PINE,35,1
N26-035-01826-PINE,96,1
N26-035-01826-PINE,99,1
N26-058-01827-STER,49,1
N26-058-01827-STER,53,1
N26-058-01827-STER,58,1
N26-063-01828-GRIS,60,1
N26-063-01828-GRIS,63,1
N26-047-01829-STER,36,1
N26-047-01829-STER,39,1
N26-047-01829-STER,47,1
N26-041-01830-LENO,36,1
N26-041-01830-LENO,37,1
N26-041-01830-LENO,41,1
N26-095-01831-PURI,93,1
N26-095-01831-PURI,95,1
N26-095-01831-PURI,96,1
N26-095-01831-PURI,99,1
N26-056-01832-KOBL,49,1
N26-056-01832-KOBL,51,1
N26-056-01832-KOBL,56,1
N26-014-01833-LEVI,1,1
N26-014-01833-LEVI,2,1
N26-014-01833-LEVI,14,1
N26-082-01834-PLAY,77,1
N26-082-01834-PLAY,80,1
N26-082-01834-PLAY,82,1
N26-082-01835-STER,77,1
N26-082-01835-STER,80,1
N26-082-01835-STER,82,1
N26-045-01836-OTTE,36,1
N26-045-01836-OTTE,38,1
N26-045-01836-OTTE,45,1
N26-091-01837-TURT,89,1
N26-091-01837-TURT,91,1
N26-024-01838-HUSH,19,1
N26-024-01838-HUSH,20,1
N26-024-01838-HUSH,24,1
N26-072-01839-NEWB,69,1
N26-072-01839-NEWB,72,1
N26-013-01840-LEVI,1,1
N26-013-01840-LEVI,2,1
N26-013-01840-LEVI,13,1
N26-035-01841-COAC,28,1
N26-035-01841-COAC,35,1
N26-018-01842-PIRM,1,1
N26-018-01842-PIRM,4,1
N26-018-01842-PIRM,18,1
N26-043-01843-RAZE,36,1
N26-043-01843-RAZE,37,1
N26-043-01843-RAZE,43,1
N26-043-01843-RAZE,96,1
N26-043-01843-RAZE,99,1
N26-072-01844-NIKE,69,1
N26-072-01844-NIKE,72,1
N26-072-01845-NEWB,69,1
N26-072-01845-NEWB,72,1
N26-072-01845-NEWB,96,1
N26-072-01845-NEWB,98,1
N26-015-01846-ZARA,1,1
N26-015-01846-ZARA,3,1
N26-015-01846-ZARA,15,1
N26-015-01846-ZARA,96,1
N26-015-01846-ZARA,100,1
N26-075-01847-VOIT,69,1
N26-075-01847-VOIT,70,1
N26-075-01847-VOIT,75,1
N26-046-01848-SONY,36,1
N26-046-01848-SONY,39,1
N26-046-01848-SONY,46,1
N26-048-01849-HISE,36,1
N26-048-01849-HISE,40,1
N26-048-01849-HISE,48,1
N26-045-01850-STER,36,1
N26-045-01850-STER,38,1
N26-045-01850-STER,45,1
N26-095-01851-WHIS,93,1
N26-095-01851-WHIS,95,1
N26-065-01852-MACX,60,1
N26-065-01852-MACX,61,1
N26-065-01852-MACX,65,1
N26-090-01853-3MXX,89,1
N26-090-01853-3MXX,90,1
N26-074-01854-DECA,69,1
N26-074-01854-DECA,70,1
N26-074-01854-DECA,74,1
N26-074-01854-DECA,96,1
N26-074-01854-DECA,98,1
N26-034-01855-DOCK,28,1
N26-034-01855-DOCK,34,1
N26-044-01856-LANI,36,1
N26-044-01856-LANI,38,1
N26-044-01856-LANI,44,1
N26-046-01857-BOSE,36,1
N26-046-01857-BOSE,39,1
N26-046-01857-BOSE,46,1
N26-075-01858-NIKE,69,1
N26-075-01858-NIKE,70,1
N26-075-01858-NIKE,75,1
N26-087-01859-PORR,84,1
N26-087-01859-PORR,85,1
N26-087-01859-PORR,87,1
N26-088-01860-FELL,84,1
N26-088-01860-FELL,86,1
N26-088-01860-FELL,88,1
N26-044-01861-LANI,36,1
N26-044-01861-LANI,38,1
N26-044-01861-LANI,44,1
N26-044-01861-LANI,96,1
N26-044-01861-LANI,97,1
N26-056-01862-NESP,49,1
N26-056-01862-NESP,51,1
N26-056-01862-NESP,56,1
N26-059-01863-SPRI,49,1
N26-059-01863-SPRI,54,1
N26-059-01863-SPRI,59,1
N26-059-01863-SPRI,96,1
N26-059-01863-SPRI,100,1
N26-090-01864-3MXX,89,1
N26-090-01864-3MXX,90,1
N26-010-01865-HMXX,1,1
N26-010-01865-HMXX,4,1
N26-010-01865-HMXX,10,1
N26-017-01866-CUID,1,1
N26-017-01866-CUID,4,1
N26-017-01866-CUID,17,1
N26-017-01866-CUID,96,1
N26-017-01866-CUID,98,1
N26-048-01867-SAMS,36,1
N26-048-01867-SAMS,40,1
N26-048-01867-SAMS,48,1
N26-017-01868-CUID,1,1
N26-017-01868-CUID,4,1
N26-017-01868-CUID,17,1
N26-092-01869-GONH,89,1
N26-092-01869-GONH,92,1
N26-015-01870-CAXX,1,1
N26-015-01870-CAXX,3,1
N26-015-01870-CAXX,15,1
N26-042-01871-KING,36,1
N26-042-01871-KING,37,1
N26-042-01871-KING,42,1
N26-095-01872-NUPE,93,1
N26-095-01872-NUPE,95,1
N26-023-01873-PUMA,19,1
N26-023-01873-PUMA,20,1
N26-023-01873-PUMA,23,1
N26-006-01874-PULL,1,1
N26-006-01874-PULL,2,1
N26-006-01874-PULL,6,1
N26-057-01875-GAIA,49,1
N26-057-01875-GAIA,52,1
N26-057-01875-GAIA,57,1
N26-056-01876-HAMI,49,1
N26-056-01876-HAMI,51,1
N26-056-01876-HAMI,56,1
N26-031-01877-CITI,28,1
N26-031-01877-CITI,31,1
N26-083-01878-RAVE,77,1
N26-083-01878-RAVE,83,1
N26-044-01879-LANI,36,1
N26-044-01879-LANI,38,1
N26-044-01879-LANI,44,1
N26-023-01880-SKEC,19,1
N26-023-01880-SKEC,20,1
N26-023-01880-SKEC,23,1
N26-025-01881-STEV,19,1
N26-025-01881-STEV,21,1
N26-025-01881-STEV,25,1
N26-050-01882-TRAM,49,1
N26-050-01882-TRAM,50,1
N26-046-01883-JBLX,36,1
N26-046-01883-JBLX,39,1
N26-046-01883-JBLX,46,1
N26-046-01883-JBLX,96,1
N26-046-01883-JBLX,99,1
N26-083-01884-ASMO,77,1
N26-083-01884-ASMO,83,1
N26-065-01885-BISS,60,1
N26-065-01885-BISS,61,1
N26-065-01885-BISS,65,1
N26-047-01886-MARS,36,1
N26-047-01886-MARS,39,1
N26-047-01886-MARS,47,1
N26-047-01886-MARS,96,1
N26-047-01886-MARS,100,1
N26-048-01887-TCLX,36,1
N26-048-01887-TCLX,40,1
N26-048-01887-TCLX,48,1
N26-030-01888-THOM,28,1
N26-030-01888-THOM,30,1
N26-044-01889-LANI,36,1
N26-044-01889-LANI,38,1
N26-044-01889-LANI,44,1
N26-044-01889-LANI,96,1
N26-044-01889-LANI,99,1
N26-006-01890-CUID,1,1
N26-006-01890-CUID,2,1
N26-006-01890-CUID,6,1
N26-074-01891-DECA,69,1
N26-074-01891-DECA,70,1
N26-074-01891-DECA,74,1
N26-092-01892-DENS,89,1
N26-092-01892-DENS,92,1
N26-092-01892-DENS,96,1
N26-092-01892-DENS,98,1
N26-045-01893-UAGX,36,1
N26-045-01893-UAGX,38,1
N26-045-01893-UAGX,45,1
N26-008-01894-CUID,1,1
N26-008-01894-CUID,3,1
N26-008-01894-CUID,8,1
N26-023-01895-ADID,19,1
N26-023-01895-ADID,20,1
N26-023-01895-ADID,23,1
N26-012-01896-CUID,1,1
N26-012-01896-CUID,4,1
N26-012-01896-CUID,12,1
N26-010-01897-HMXX,1,1
N26-010-01897-HMXX,4,1
N26-010-01897-HMXX,10,1
N26-090-01898-MIKE,89,1
N26-090-01898-MIKE,90,1
N26-047-01899-STER,36,1
N26-047-01899-STER,39,1
N26-047-01899-STER,47,1
N26-009-01900-BABY,1,1
N26-009-01900-BABY,4,1
N26-009-01900-BABY,9,1
N26-009-01900-BABY,96,1
N26-009-01900-BABY,99,1
N26-012-01901-HMXX,1,1
N26-012-01901-HMXX,4,1
N26-012-01901-HMXX,12,1
N26-064-01902-PAIP,60,1
N26-064-01902-PAIP,64,1
N26-018-01903-UNDE,1,1
N26-018-01903-UNDE,4,1
N26-018-01903-UNDE,18,1
N26-031-01904-SEIK,28,1
N26-031-01904-SEIK,31,1
N26-026-01905-TIMB,19,1
N26-026-01905-TIMB,21,1
N26-026-01905-TIMB,26,1
N26-056-01906-KOBL,49,1
N26-056-01906-KOBL,51,1
N26-056-01906-KOBL,56,1
N26-079-01907-LEGO,77,1
N26-079-01907-LEGO,79,1
N26-090-01908-3MXX,89,1
N26-090-01908-3MXX,90,1
N26-044-01909-MOTO,36,1
N26-044-01909-MOTO,38,1
N26-044-01909-MOTO,44,1
N26-024-01910-HUSH,19,1
N26-024-01910-HUSH,20,1
N26-024-01910-HUSH,24,1
N26-024-01910-HUSH,96,1
N26-024-01910-HUSH,97,1
N26-013-01911-CUID,1,1
N26-013-01911-CUID,2,1
N26-013-01911-CUID,13,1
N26-013-01911-CUID,96,1
N26-013-01911-CUID,98,1
N26-025-01912-NINE,19,1
N26-025-01912-NINE,21,1
N26-025-01912-NINE,25,1
N26-035-01913-PINE,28,1
N26-035-01913-PINE,35,1
N26-035-01913-PINE,96,1
N26-035-01913-PINE,97,1
N26-007-01914-ZARA,1,1
N26-007-01914-ZARA,3,1
N26-007-01914-ZARA,7,1
N26-042-01915-VORA,36,1
N26-042-01915-VORA,37,1
N26-042-01915-VORA,42,1
N26-078-01916-MIAL,77,1
N26-078-01916-MIAL,78,1
N26-079-01917-FUNK,77,1
N26-079-01917-FUNK,79,1
N26-010-01918-HMXX,1,1
N26-010-01918-HMXX,4,1
N26-010-01918-HMXX,10,1
N26-082-01919-HYPE,77,1
N26-082-01919-HYPE,80,1
N26-082-01919-HYPE,82,1
N26-023-01920-NIKE,19,1
N26-023-01920-NIKE,20,1
N26-023-01920-NIKE,23,1
N26-041-01921-LANI,36,1
N26-041-01921-LANI,37,1
N26-041-01921-LANI,41,1
N26-041-01921-LANI,96,1
N26-041-01921-LANI,98,1
N26-011-01922-CAXX,1,1
N26-011-01922-CAXX,4,1
N26-011-01922-CAXX,11,1
N26-059-01923-SPRI,49,1
N26-059-01923-SPRI,54,1
N26-059-01923-SPRI,59,1
N26-042-01924-KING,36,1
N26-042-01924-KING,37,1
N26-042-01924-KING,42,1
N26-043-01925-RAZE,36,1
N26-043-01925-RAZE,37,1
N26-043-01925-RAZE,43,1
N26-043-01925-RAZE,96,1
N26-043-01925-RAZE,100,1
N26-083-01926-HASB,77,1
N26-083-01926-HASB,83,1
N26-058-01927-IKEA,49,1
N26-058-01927-IKEA,53,1
N26-058-01927-IKEA,58,1
N26-030-01928-TOUS,28,1
N26-030-01928-TOUS,30,1
N26-059-01929-VIAN,49,1
N26-059-01929-VIAN,54,1
N26-059-01929-VIAN,59,1
N26-059-01929-VIAN,96,1
N26-059-01929-VIAN,100,1
N26-088-01930-SCRI,84,1
N26-088-01930-SCRI,86,1
N26-088-01930-SCRI,88,1
N26-011-01931-HMXX,1,1
N26-011-01931-HMXX,4,1
N26-011-01931-HMXX,11,1
N26-011-01931-HMXX,96,1
N26-011-01931-HMXX,99,1
N26-095-01932-NUPE,93,1
N26-095-01932-NUPE,95,1
N26-063-01933-GRIS,60,1
N26-063-01933-GRIS,63,1
N26-015-01934-CAXX,1,1
N26-015-01934-CAXX,3,1
N26-015-01934-CAXX,15,1
N26-015-01934-CAXX,96,1
N26-015-01934-CAXX,97,1
N26-014-01935-CUID,1,1
N26-014-01935-CUID,2,1
N26-014-01935-CUID,14,1
N26-027-01936-HAVA,19,1
N26-027-01936-HAVA,22,1
N26-027-01936-HAVA,27,1
N26-027-01936-HAVA,96,1
N26-027-01936-HAVA,97,1
N26-094-01937-NUPE,93,1
N26-094-01937-NUPE,94,1
N26-094-01937-NUPE,96,1
N26-094-01937-NUPE,97,1
N26-057-01938-IKEA,49,1
N26-057-01938-IKEA,52,1
N26-057-01938-IKEA,57,1
N26-057-01938-IKEA,96,1
N26-057-01938-IKEA,100,1
N26-068-01939-GRIS,60,1
N26-068-01939-GRIS,62,1
N26-068-01939-GRIS,68,1
N26-068-01939-GRIS,96,1
N26-068-01939-GRIS,97,1
N26-009-01940-BABY,1,1
N26-009-01940-BABY,4,1
N26-009-01940-BABY,9,1
N26-009-01940-BABY,96,1
N26-009-01940-BABY,100,1
N26-050-01941-VASC,49,1
N26-050-01941-VASC,50,1
N26-023-01942-PANA,19,1
N26-023-01942-PANA,20,1
N26-023-01942-PANA,23,1
N26-023-01942-PANA,96,1
N26-023-01942-PANA,100,1
N26-024-01943-HUSH,19,1
N26-024-01943-HUSH,20,1
N26-024-01943-HUSH,24,1
N26-083-01944-RAVE,77,1
N26-083-01944-RAVE,83,1
N26-083-01944-RAVE,96,1
N26-083-01944-RAVE,97,1
N26-065-01945-MACX,60,1
N26-065-01945-MACX,61,1
N26-065-01945-MACX,65,1
N26-048-01946-SONY,36,1
N26-048-01946-SONY,40,1
N26-048-01946-SONY,48,1
N26-048-01946-SONY,96,1
N26-048-01946-SONY,97,1
N26-031-01947-FOSS,28,1
N26-031-01947-FOSS,31,1
N26-014-01948-DOCK,1,1
N26-014-01948-DOCK,2,1
N26-014-01948-DOCK,14,1
N26-033-01949-PUMA,28,1
N26-033-01949-PUMA,33,1
N26-025-01950-NINE,19,1
N26-025-01950-NINE,21,1
N26-025-01950-NINE,25,1
N26-017-01951-CUID,1,1
N26-017-01951-CUID,4,1
N26-017-01951-CUID,17,1
N26-088-01952-SCRI,84,1
N26-088-01952-SCRI,86,1
N26-088-01952-SCRI,88,1
N26-010-01953-CAXX,1,1
N26-010-01953-CAXX,4,1
N26-010-01953-CAXX,10,1
N26-055-01954-HAMI,49,1
N26-055-01954-HAMI,51,1
N26-055-01954-HAMI,55,1
N26-043-01955-PERF,36,1
N26-043-01955-PERF,37,1
N26-043-01955-PERF,43,1
N26-088-01956-SCRI,84,1
N26-088-01956-SCRI,86,1
N26-088-01956-SCRI,88,1
N26-088-01956-SCRI,96,1
N26-088-01956-SCRI,97,1
N26-034-01957-TOMM,28,1
N26-034-01957-TOMM,34,1
N26-013-01958-CUID,1,1
N26-013-01958-CUID,2,1
N26-013-01958-CUID,13,1
N26-017-01959-HMXX,1,1
N26-017-01959-HMXX,4,1
N26-017-01959-HMXX,17,1
N26-016-01960-MASS,1,1
N26-016-01960-MASS,3,1
N26-016-01960-MASS,16,1
N26-075-01961-VOIT,69,1
N26-075-01961-VOIT,70,1
N26-075-01961-VOIT,75,1
N26-008-01962-CUID,1,1
N26-008-01962-CUID,3,1
N26-008-01962-CUID,8,1
N26-072-01963-ADID,69,1
N26-072-01963-ADID,72,1
N26-072-01963-ADID,96,1
N26-072-01963-ADID,97,1
N26-025-01964-FLEX,19,1
N26-025-01964-FLEX,21,1
N26-025-01964-FLEX,25,1
N26-078-01965-MIAL,77,1
N26-078-01965-MIAL,78,1
N26-012-01966-BERS,1,1
N26-012-01966-BERS,4,1
N26-012-01966-BERS,12,1
N26-043-01967-RAZE,36,1
N26-043-01967-RAZE,37,1
N26-043-01967-RAZE,43,1
N26-056-01968-DELO,49,1
N26-056-01968-DELO,51,1
N26-056-01968-DELO,56,1
N26-058-01969-PHIL,49,1
N26-058-01969-PHIL,53,1
N26-058-01969-PHIL,58,1
N26-015-01970-MASS,1,1
N26-015-01970-MASS,3,1
N26-015-01970-MASS,15,1
N26-015-01970-MASS,96,1
N26-015-01970-MASS,100,1
N26-066-01971-MAYB,60,1
N26-066-01971-MAYB,61,1
N26-066-01971-MAYB,66,1
N26-088-01972-BICX,84,1
N26-088-01972-BICX,86,1
N26-088-01972-BICX,88,1
N26-095-01973-HILL,93,1
N26-095-01973-HILL,95,1
N26-018-01974-ADID,1,1
N26-018-01974-ADID,4,1
N26-018-01974-ADID,18,1
N26-043-01975-RAZE,36,1
N26-043-01975-RAZE,37,1
N26-043-01975-RAZE,43,1
N26-081-01976-NINT,77,1
N26-081-01976-NINT,80,1
N26-081-01976-NINT,81,1
N26-024-01977-ROCK,19,1
N26-024-01977-ROCK,20,1
N26-024-01977-ROCK,24,1
N26-030-01978-TOUS,28,1
N26-030-01978-TOUS,30,1
N26-030-01978-TOUS,96,1
N26-030-01978-TOUS,98,1
N26-012-01979-CUID,1,1
N26-012-01979-CUID,4,1
N26-012-01979-CUID,12,1
N26-012-01979-CUID,96,1
N26-012-01979-CUID,98,1
N26-041-01980-LANI,36,1
N26-041-01980-LANI,37,1
N26-041-01980-LANI,41,1
N26-011-01981-CAXX,1,1
N26-011-01981-CAXX,4,1
N26-011-01981-CAXX,11,1
N26-013-01982-CUID,1,1
N26-013-01982-CUID,2,1
N26-013-01982-CUID,13,1
N26-066-01983-BISS,60,1
N26-066-01983-BISS,61,1
N26-066-01983-BISS,66,1
N26-066-01983-BISS,96,1
N26-066-01983-BISS,100,1
N26-010-01984-HMXX,1,1
N26-010-01984-HMXX,4,1
N26-010-01984-HMXX,10,1
N26-010-01984-HMXX,96,1
N26-010-01984-HMXX,98,1
N26-079-01985-LEGO,77,1
N26-079-01985-LEGO,79,1
N26-013-01986-CUID,1,1
N26-013-01986-CUID,2,1
N26-013-01986-CUID,13,1
N26-058-01987-TECN,49,1
N26-058-01987-TECN,53,1
N26-058-01987-TECN,58,1
N26-009-01988-BABY,1,1
N26-009-01988-BABY,4,1
N26-009-01988-BABY,9,1
N26-006-01989-ZARA,1,1
N26-006-01989-ZARA,2,1
N26-006-01989-ZARA,6,1
N26-027-01990-ADID,19,1
N26-027-01990-ADID,22,1
N26-027-01990-ADID,27,1
N26-010-01991-CART,1,1
N26-010-01991-CART,4,1
N26-010-01991-CART,10,1
N26-088-01992-SCRI,84,1
N26-088-01992-SCRI,86,1
N26-088-01992-SCRI,88,1
N26-005-01993-CUID,1,1
N26-005-01993-CUID,2,1
N26-005-01993-CUID,5,1
N26-006-01994-PULL,1,1
N26-006-01994-PULL,2,1
N26-006-01994-PULL,6,1
N26-094-01995-PURI,93,1
N26-094-01995-PURI,94,1
N26-068-01996-EUCE,60,1
N26-068-01996-EUCE,62,1
N26-068-01996-EUCE,68,1
N26-078-01997-CLEM,77,1
N26-078-01997-CLEM,78,1
N26-043-01998-LOGI,36,1
N26-043-01998-LOGI,37,1
N26-043-01998-LOGI,43,1
N26-043-01998-LOGI,96,1
N26-043-01998-LOGI,97,1
N26-068-01999-EUCE,60,1
N26-068-01999-EUCE,62,1
N26-068-01999-EUCE,68,1
N26-075-02000-NIKE,69,1
N26-075-02000-NIKE,70,1
N26-075-02000-NIKE,75,1
N26-075-02000-NIKE,96,1
N26-075-02000-NIKE,97,1
N26-012-02001-BERS,1,1
N26-012-02001-BERS,4,1
N26-012-02001-BERS,12,1
N26-092-02002-BOSC,89,1
N26-092-02002-BOSC,92,1
N26-092-02002-BOSC,96,1
N26-092-02002-BOSC,100,1
N26-075-02003-ADID,69,1
N26-075-02003-ADID,70,1
N26-075-02003-ADID,75,1
N26-007-02004-CUID,1,1
N26-007-02004-CUID,3,1
N26-007-02004-CUID,7,1
N26-024-02005-FLEX,19,1
N26-024-02005-FLEX,20,1
N26-024-02005-FLEX,24,1
N26-081-02006-PLAY,77,1
N26-081-02006-PLAY,80,1
N26-081-02006-PLAY,81,1
N26-081-02006-PLAY,96,1
N26-081-02006-PLAY,98,1
N26-047-02007-MARS,36,1
N26-047-02007-MARS,39,1
N26-047-02007-MARS,47,1
N26-066-02008-MAYB,60,1
N26-066-02008-MAYB,61,1
N26-066-02008-MAYB,66,1
N26-066-02008-MAYB,96,1
N26-066-02008-MAYB,99,1
N26-064-02009-CARO,60,1
N26-064-02009-CARO,64,1
N26-064-02009-CARO,96,1
N26-064-02009-CARO,99,1
N26-005-02010-HUGO,1,1
N26-005-02010-HUGO,2,1
N26-005-02010-HUGO,5,1
N26-005-02010-HUGO,96,1
N26-005-02010-HUGO,98,1
N26-005-02011-CUID,1,1
N26-005-02011-CUID,2,1
N26-005-02011-CUID,5,1
N26-090-02012-MICH,89,1
N26-090-02012-MICH,90,1
N26-087-02013-PORR,84,1
N26-087-02013-PORR,85,1
N26-087-02013-PORR,87,1
N26-046-02014-BOSE,36,1
N26-046-02014-BOSE,39,1
N26-046-02014-BOSE,46,1
N26-025-02015-FLEX,19,1
N26-025-02015-FLEX,21,1
N26-025-02015-FLEX,25,1
N26-025-02015-FLEX,96,1
N26-025-02015-FLEX,100,1
N26-082-02016-HYPE,77,1
N26-082-02016-HYPE,80,1
N26-082-02016-HYPE,82,1
N26-082-02016-HYPE,96,1
N26-082-02016-HYPE,97,1
N26-029-02017-HERS,28,1
N26-029-02017-HERS,29,1
N26-029-02017-HERS,96,1
N26-029-02017-HERS,98,1
N26-082-02018-RAZE,77,1
N26-082-02018-RAZE,80,1
N26-082-02018-RAZE,82,1
N26-094-02019-NUPE,93,1
N26-094-02019-NUPE,94,1
N26-094-02019-NUPE,96,1
N26-094-02019-NUPE,98,1
N26-095-02020-NUPE,93,1
N26-095-02020-NUPE,95,1
N26-031-02021-CASI,28,1
N26-031-02021-CASI,31,1
N26-065-02022-BISS,60,1
N26-065-02022-BISS,61,1
N26-065-02022-BISS,65,1
N26-094-02023-GANA,93,1
N26-094-02023-GANA,94,1
N26-042-02024-VORA,36,1
N26-042-02024-VORA,37,1
N26-042-02024-VORA,42,1
N26-007-02025-CUID,1,1
N26-007-02025-CUID,3,1
N26-007-02025-CUID,7,1
N26-090-02026-MIKE,89,1
N26-090-02026-MIKE,90,1
N26-048-02027-SAMS,36,1
N26-048-02027-SAMS,40,1
N26-048-02027-SAMS,48,1
N26-017-02028-ADID,1,1
N26-017-02028-ADID,4,1
N26-017-02028-ADID,17,1
N26-017-02028-ADID,96,1
N26-017-02028-ADID,97,1
N26-029-02029-SAMS,28,1
N26-029-02029-SAMS,29,1
N26-029-02029-SAMS,96,1
N26-029-02029-SAMS,99,1
N26-009-02030-HMXX,1,1
N26-009-02030-HMXX,4,1
N26-009-02030-HMXX,9,1
N26-008-02031-CUID,1,1
N26-008-02031-CUID,3,1
N26-008-02031-CUID,8,1
N26-018-02032-PIRM,1,1
N26-018-02032-PIRM,4,1
N26-018-02032-PIRM,18,1
N26-074-02033-DECA,69,1
N26-074-02033-DECA,70,1
N26-074-02033-DECA,74,1
N26-067-02034-LARO,60,1
N26-067-02034-LARO,62,1
N26-067-02034-LARO,67,1
N26-067-02034-LARO,96,1
N26-067-02034-LARO,97,1
N26-043-02035-STER,36,1
N26-043-02035-STER,37,1
N26-043-02035-STER,43,1
N26-011-02036-CAXX,1,1
N26-011-02036-CAXX,4,1
N26-011-02036-CAXX,11,1
N26-011-02036-CAXX,96,1
N26-011-02036-CAXX,97,1
N26-009-02037-BABY,1,1
N26-009-02037-BABY,4,1
N26-009-02037-BABY,9,1
N26-068-02038-GRIS,60,1
N26-068-02038-GRIS,62,1
N26-068-02038-GRIS,68,1
N26-059-02039-LUUN,49,1
N26-059-02039-LUUN,54,1
N26-059-02039-LUUN,59,1
N26-090-02040-3MXX,89,1
N26-090-02040-3MXX,90,1
N26-044-02041-LANI,36,1
N26-044-02041-LANI,38,1
N26-044-02041-LANI,44,1
N26-066-02042-REVL,60,1
N26-066-02042-REVL,61,1
N26-066-02042-REVL,66,1
N26-083-02043-RAVE,77,1
N26-083-02043-RAVE,83,1
N26-091-02044-MIKE,89,1
N26-091-02044-MIKE,91,1
N26-075-02045-NIKE,69,1
N26-075-02045-NIKE,70,1
N26-075-02045-NIKE,75,1
N26-016-02046-ZARA,1,1
N26-016-02046-ZARA,3,1
N26-016-02046-ZARA,16,1
N26-016-02046-ZARA,96,1
N26-016-02046-ZARA,100,1
N26-031-02047-HUAW,28,1
N26-031-02047-HUAW,31,1
N26-031-02047-HUAW,96,1
N26-031-02047-HUAW,97,1
N26-075-02048-NIKE,69,1
N26-075-02048-NIKE,70,1
N26-075-02048-NIKE,75,1
N26-075-02048-NIKE,96,1
N26-075-02048-NIKE,97,1
N26-050-02049-VASC,49,1
N26-050-02049-VASC,50,1
N26-050-02049-VASC,96,1
N26-050-02049-VASC,98,1
N26-033-02050-UNDE,28,1
N26-033-02050-UNDE,33,1
N26-043-02051-LOGI,36,1
N26-043-02051-LOGI,37,1
N26-043-02051-LOGI,43,1
N26-043-02051-LOGI,96,1
N26-043-02051-LOGI,97,1
N26-013-02052-ADID,1,1
N26-013-02052-ADID,2,1
N26-013-02052-ADID,13,1
N26-013-02052-ADID,96,1
N26-013-02052-ADID,98,1
N26-072-02053-CHAR,69,1
N26-072-02053-CHAR,72,1
N26-081-02054-PLAY,77,1
N26-081-02054-PLAY,80,1
N26-081-02054-PLAY,81,1
N26-081-02054-PLAY,96,1
N26-081-02054-PLAY,100,1
N26-009-02055-BABY,1,1
N26-009-02055-BABY,4,1
N26-009-02055-BABY,9,1
N26-074-02056-CAPB,69,1
N26-074-02056-CAPB,70,1
N26-074-02056-CAPB,74,1
N26-018-02057-UNDE,1,1
N26-018-02057-UNDE,4,1
N26-018-02057-UNDE,18,1
N26-079-02058-DIST,77,1
N26-079-02058-DIST,79,1
N26-079-02058-DIST,96,1
N26-079-02058-DIST,97,1
N26-029-02059-KIPL,28,1
N26-029-02059-KIPL,29,1
N26-078-02060-NATI,77,1
N26-078-02060-NATI,78,1
N26-025-02061-FLEX,19,1
N26-025-02061-FLEX,21,1
N26-025-02061-FLEX,25,1
N26-011-02062-CART,1,1
N26-011-02062-CART,4,1
N26-011-02062-CART,11,1
N26-011-02062-CART,96,1
N26-011-02062-CART,100,1
N26-087-02063-PORR,84,1
N26-087-02063-PORR,85,1
N26-087-02063-PORR,87,1
N26-087-02063-PORR,96,1
N26-087-02063-PORR,97,1
N26-015-02064-MANG,1,1
N26-015-02064-MANG,3,1
N26-015-02064-MANG,15,1
N26-015-02064-MANG,96,1
N26-015-02064-MANG,99,1
N26-011-02065-CART,1,1
N26-011-02065-CART,4,1
N26-011-02065-CART,11,1
N26-023-02066-PUMA,19,1
N26-023-02066-PUMA,20,1
N26-023-02066-PUMA,23,1
N26-035-02067-SAMS,28,1
N26-035-02067-SAMS,35,1
N26-094-02068-PURI,93,1
N26-094-02068-PURI,94,1
N26-035-02069-SAMS,28,1
N26-035-02069-SAMS,35,1
N26-035-02069-SAMS,96,1
N26-035-02069-SAMS,97,1
N26-046-02070-STER,36,1
N26-046-02070-STER,39,1
N26-046-02070-STER,46,1
N26-031-02071-SEIK,28,1
N26-031-02071-SEIK,31,1
N26-031-02071-SEIK,96,1
N26-031-02071-SEIK,99,1
N26-010-02072-CART,1,1
N26-010-02072-CART,4,1
N26-010-02072-CART,10,1
N26-010-02072-CART,96,1
N26-010-02072-CART,98,1
N26-048-02073-PHIL,36,1
N26-048-02073-PHIL,40,1
N26-048-02073-PHIL,48,1
N26-048-02073-PHIL,96,1
N26-048-02073-PHIL,100,1
N26-005-02074-MASS,1,1
N26-005-02074-MASS,2,1
N26-005-02074-MASS,5,1
N26-030-02075-SWAR,28,1
N26-030-02075-SWAR,30,1
N26-091-02076-TURT,89,1
N26-091-02076-TURT,91,1
N26-091-02076-TURT,96,1
N26-091-02076-TURT,100,1
N26-032-02077-RAYB,28,1
N26-032-02077-RAYB,32,1
N26-044-02078-HONO,36,1
N26-044-02078-HONO,38,1
N26-044-02078-HONO,44,1
N26-064-02079-PAIP,60,1
N26-064-02079-PAIP,64,1
N26-025-02080-FLEX,19,1
N26-025-02080-FLEX,21,1
N26-025-02080-FLEX,25,1
N26-075-02081-VOIT,69,1
N26-075-02081-VOIT,70,1
N26-075-02081-VOIT,75,1
N26-075-02081-VOIT,96,1
N26-075-02081-VOIT,99,1
N26-032-02082-VOGU,28,1
N26-032-02082-VOGU,32,1
N26-032-02082-VOGU,96,1
N26-032-02082-VOGU,98,1
N26-048-02083-HISE,36,1
N26-048-02083-HISE,40,1
N26-048-02083-HISE,48,1
N26-015-02084-MANG,1,1
N26-015-02084-MANG,3,1
N26-015-02084-MANG,15,1
N26-015-02084-MANG,96,1
N26-015-02084-MANG,98,1
N26-026-02085-FLEX,19,1
N26-026-02085-FLEX,21,1
N26-026-02085-FLEX,26,1
N26-026-02085-FLEX,96,1
N26-026-02085-FLEX,100,1
N26-072-02086-CHAR,69,1
N26-072-02086-CHAR,72,1
N26-083-02087-ASMO,77,1
N26-083-02087-ASMO,83,1
N26-094-02088-HILL,93,1
N26-094-02088-HILL,94,1
N26-074-02089-CAPB,69,1
N26-074-02089-CAPB,70,1
N26-074-02089-CAPB,74,1
N26-074-02089-CAPB,96,1
N26-074-02089-CAPB,97,1
N26-026-02090-SKEC,19,1
N26-026-02090-SKEC,21,1
N26-026-02090-SKEC,26,1
N26-026-02090-SKEC,96,1
N26-026-02090-SKEC,98,1
N26-035-02091-TOMM,28,1
N26-035-02091-TOMM,35,1
N26-035-02091-TOMM,96,1
N26-035-02091-TOMM,98,1
N26-075-02092-GAIA,69,1
N26-075-02092-GAIA,70,1
N26-075-02092-GAIA,75,1
N26-031-02093-SEIK,28,1
N26-031-02093-SEIK,31,1
N26-076-02094-QUEC,69,1
N26-076-02094-QUEC,76,1
N26-081-02095-VALV,77,1
N26-081-02095-VALV,80,1
N26-081-02095-VALV,81,1
N26-014-02096-CUID,1,1
N26-014-02096-CUID,2,1
N26-014-02096-CUID,14,1
N26-079-02097-LEGO,77,1
N26-079-02097-LEGO,79,1
N26-079-02097-LEGO,96,1
N26-079-02097-LEGO,97,1
N26-041-02098-LANI,36,1
N26-041-02098-LANI,37,1
N26-041-02098-LANI,41,1
N26-095-02099-NUPE,93,1
N26-095-02099-NUPE,95,1
N26-059-02100-LUUN,49,1
N26-059-02100-LUUN,54,1
N26-059-02100-LUUN,59,1
N26-076-02101-COLE,69,1
N26-076-02101-COLE,76,1
N26-076-02101-COLE,96,1
N26-076-02101-COLE,99,1
N26-058-02102-PHIL,49,1
N26-058-02102-PHIL,53,1
N26-058-02102-PHIL,58,1
N26-059-02103-SPRI,49,1
N26-059-02103-SPRI,54,1
N26-059-02103-SPRI,59,1
N26-027-02104-CART,19,1
N26-027-02104-CART,22,1
N26-027-02104-CART,27,1
N26-071-02105-PIRM,69,1
N26-071-02105-PIRM,71,1
N26-066-02106-BISS,60,1
N26-066-02106-BISS,61,1
N26-066-02106-BISS,66,1
N26-012-02107-ZARA,1,1
N26-012-02107-ZARA,4,1
N26-012-02107-ZARA,12,1
N26-012-02107-ZARA,96,1
N26-012-02107-ZARA,99,1
N26-029-02108-KIPL,28,1
N26-029-02108-KIPL,29,1
N26-095-02109-NUPE,93,1
N26-095-02109-NUPE,95,1
N26-067-02110-GRIS,60,1
N26-067-02110-GRIS,62,1
N26-067-02110-GRIS,67,1
N26-016-02111-ZARA,1,1
N26-016-02111-ZARA,3,1
N26-016-02111-ZARA,16,1
N26-030-02112-PAND,28,1
N26-030-02112-PAND,30,1
N26-048-02113-PHIL,36,1
N26-048-02113-PHIL,40,1
N26-048-02113-PHIL,48,1
N26-048-02113-PHIL,96,1
N26-048-02113-PHIL,97,1
N26-075-02114-VOIT,69,1
N26-075-02114-VOIT,70,1
N26-075-02114-VOIT,75,1
N26-035-02115-PINE,28,1
N26-035-02115-PINE,35,1
N26-029-02116-HERS,28,1
N26-029-02116-HERS,29,1
N26-026-02117-DRMA,19,1
N26-026-02117-DRMA,21,1
N26-026-02117-DRMA,26,1
N26-026-02117-DRMA,96,1
N26-026-02117-DRMA,98,1
N26-072-02118-NIKE,69,1
N26-072-02118-NIKE,72,1
N26-072-02118-NIKE,96,1
N26-072-02118-NIKE,97,1
N26-010-02119-CHAR,1,1
N26-010-02119-CHAR,4,1
N26-010-02119-CHAR,10,1
N26-010-02119-CHAR,96,1
N26-010-02119-CHAR,99,1
N26-075-02120-VOIT,69,1
N26-075-02120-VOIT,70,1
N26-075-02120-VOIT,75,1
N26-078-02121-MIAL,77,1
N26-078-02121-MIAL,78,1
N26-047-02122-STER,36,1
N26-047-02122-STER,39,1
N26-047-02122-STER,47,1
N26-032-02123-VOGU,28,1
N26-032-02123-VOGU,32,1
N26-032-02123-VOGU,96,1
N26-032-02123-VOGU,98,1
N26-065-02124-MACX,60,1
N26-065-02124-MACX,61,1
N26-065-02124-MACX,65,1
N26-057-02125-DICO,49,1
N26-057-02125-DICO,52,1
N26-057-02125-DICO,57,1
N26-057-02125-DICO,96,1
N26-057-02125-DICO,99,1
N26-043-02126-LOGI,36,1
N26-043-02126-LOGI,37,1
N26-043-02126-LOGI,43,1
N26-073-02127-TREK,69,1
N26-073-02127-TREK,73,1
N26-018-02128-PIRM,1,1
N26-018-02128-PIRM,4,1
N26-018-02128-PIRM,18,1
N26-035-02129-COAC,28,1
N26-035-02129-COAC,35,1
N26-050-02130-PYRE,49,1
N26-050-02130-PYRE,50,1
N26-005-02131-HUGO,1,1
N26-005-02131-HUGO,2,1
N26-005-02131-HUGO,5,1
N26-005-02131-HUGO,96,1
N26-005-02131-HUGO,100,1
N26-073-02132-BENO,69,1
N26-073-02132-BENO,73,1
N26-016-02133-ZARA,1,1
N26-016-02133-ZARA,3,1
N26-016-02133-ZARA,16,1
N26-025-02134-FLEX,19,1
N26-025-02134-FLEX,21,1
N26-025-02134-FLEX,25,1
N26-043-02135-LOGI,36,1
N26-043-02135-LOGI,37,1
N26-043-02135-LOGI,43,1
N26-078-02136-LEGO,77,1
N26-078-02136-LEGO,78,1
N26-078-02136-LEGO,96,1
N26-078-02136-LEGO,98,1
N26-015-02137-CAXX,1,1
N26-015-02137-CAXX,3,1
N26-015-02137-CAXX,15,1
N26-015-02137-CAXX,96,1
N26-015-02137-CAXX,98,1
N26-041-02138-LANI,36,1
N26-041-02138-LANI,37,1
N26-041-02138-LANI,41,1
N26-065-02139-NYXX,60,1
N26-065-02139-NYXX,61,1
N26-065-02139-NYXX,65,1
N26-025-02140-FLEX,19,1
N26-025-02140-FLEX,21,1
N26-025-02140-FLEX,25,1
N26-012-02141-BERS,1,1
N26-012-02141-BERS,4,1
N26-012-02141-BERS,12,1
N26-058-02142-TAPO,49,1
N26-058-02142-TAPO,53,1
N26-058-02142-TAPO,58,1
N26-058-02142-TAPO,96,1
N26-058-02142-TAPO,98,1
N26-024-02143-FLEX,19,1
N26-024-02143-FLEX,20,1
N26-024-02143-FLEX,24,1
N26-082-02144-STER,77,1
N26-082-02144-STER,80,1
N26-082-02144-STER,82,1
N26-071-02145-PIRM,69,1
N26-071-02145-PIRM,71,1
N26-072-02146-CHAR,69,1
N26-072-02146-CHAR,72,1
N26-076-02147-OZAR,69,1
N26-076-02147-OZAR,76,1
N26-076-02147-OZAR,96,1
N26-076-02147-OZAR,100,1
N26-016-02148-MASS,1,1
N26-016-02148-MASS,3,1
N26-016-02148-MASS,16,1
N26-013-02149-CUID,1,1
N26-013-02149-CUID,2,1
N26-013-02149-CUID,13,1
N26-029-02150-PINE,28,1
N26-029-02150-PINE,29,1
N26-029-02150-PINE,96,1
N26-029-02150-PINE,98,1
N26-025-02151-FLEX,19,1
N26-025-02151-FLEX,21,1
N26-025-02151-FLEX,25,1
N26-083-02152-ASMO,77,1
N26-083-02152-ASMO,83,1
N26-083-02152-ASMO,96,1
N26-083-02152-ASMO,98,1
N26-078-02153-MIAL,77,1
N26-078-02153-MIAL,78,1
N26-078-02153-MIAL,96,1
N26-078-02153-MIAL,98,1
N26-082-02154-STER,77,1
N26-082-02154-STER,80,1
N26-082-02154-STER,82,1
N26-033-02155-PUMA,28,1
N26-033-02155-PUMA,33,1
N26-018-02156-CHAR,1,1
N26-018-02156-CHAR,4,1
N26-018-02156-CHAR,18,1
N26-015-02157-MANG,1,1
N26-015-02157-MANG,3,1
N26-015-02157-MANG,15,1
N26-015-02157-MANG,96,1
N26-015-02157-MANG,99,1
N26-042-02158-VORA,36,1
N26-042-02158-VORA,37,1
N26-042-02158-VORA,42,1
N26-008-02159-CUID,1,1
N26-008-02159-CUID,3,1
N26-008-02159-CUID,8,1
N26-073-02160-BENO,69,1
N26-073-02160-BENO,73,1
N26-073-02160-BENO,96,1
N26-073-02160-BENO,97,1
N26-064-02161-PAIP,60,1
N26-064-02161-PAIP,64,1
N26-078-02162-FISH,77,1
N26-078-02162-FISH,78,1
N26-044-02163-XIAO,36,1
N26-044-02163-XIAO,38,1
N26-044-02163-XIAO,44,1
N26-007-02164-CUID,1,1
N26-007-02164-CUID,3,1
N26-007-02164-CUID,7,1
N26-007-02165-CUID,1,1
N26-007-02165-CUID,3,1
N26-007-02165-CUID,7,1
N26-043-02166-LOGI,36,1
N26-043-02166-LOGI,37,1
N26-043-02166-LOGI,43,1
N26-009-02167-BABY,1,1
N26-009-02167-BABY,4,1
N26-009-02167-BABY,9,1
N26-047-02168-BOSE,36,1
N26-047-02168-BOSE,39,1
N26-047-02168-BOSE,47,1
N26-047-02168-BOSE,96,1
N26-047-02168-BOSE,97,1
N26-057-02169-GAIA,49,1
N26-057-02169-GAIA,52,1
N26-057-02169-GAIA,57,1
N26-018-02170-PIRM,1,1
N26-018-02170-PIRM,4,1
N26-018-02170-PIRM,18,1
N26-067-02171-GRIS,60,1
N26-067-02171-GRIS,62,1
N26-067-02171-GRIS,67,1
N26-067-02171-GRIS,96,1
N26-067-02171-GRIS,99,1
N26-045-02172-STER,36,1
N26-045-02172-STER,38,1
N26-045-02172-STER,45,1
N26-066-02173-BISS,60,1
N26-066-02173-BISS,61,1
N26-066-02173-BISS,66,1
N26-066-02173-BISS,96,1
N26-066-02173-BISS,100,1
N26-023-02174-PUMA,19,1
N26-023-02174-PUMA,20,1
N26-023-02174-PUMA,23,1
N26-088-02175-SCRI,84,1
N26-088-02175-SCRI,86,1
N26-088-02175-SCRI,88,1
N26-088-02175-SCRI,96,1
N26-088-02175-SCRI,98,1
N26-035-02176-PINE,28,1
N26-035-02176-PINE,35,1
N26-087-02177-PACK,84,1
N26-087-02177-PACK,85,1
N26-087-02177-PACK,87,1
N26-064-02178-PAIP,60,1
N26-064-02178-PAIP,64,1
N26-064-02178-PAIP,96,1
N26-064-02178-PAIP,98,1
N26-034-02179-TOMM,28,1
N26-034-02179-TOMM,34,1
N26-034-02179-TOMM,96,1
N26-034-02179-TOMM,100,1
N26-076-02180-QUEC,69,1
N26-076-02180-QUEC,76,1
N26-075-02181-VOIT,69,1
N26-075-02181-VOIT,70,1
N26-075-02181-VOIT,75,1
N26-059-02182-IKEA,49,1
N26-059-02182-IKEA,54,1
N26-059-02182-IKEA,59,1
N26-081-02183-VALV,77,1
N26-081-02183-VALV,80,1
N26-081-02183-VALV,81,1
N26-059-02184-IKEA,49,1
N26-059-02184-IKEA,54,1
N26-059-02184-IKEA,59,1
N26-016-02185-HMXX,1,1
N26-016-02185-HMXX,3,1
N26-016-02185-HMXX,16,1
N26-016-02185-HMXX,96,1
N26-016-02185-HMXX,99,1
N26-017-02186-ADID,1,1
N26-017-02186-ADID,4,1
N26-017-02186-ADID,17,1
N26-035-02187-COAC,28,1
N26-035-02187-COAC,35,1
N26-035-02187-COAC,96,1
N26-035-02187-COAC,98,1
N26-050-02188-VASC,49,1
N26-050-02188-VASC,50,1
N26-041-02189-LANI,36,1
N26-041-02189-LANI,37,1
N26-041-02189-LANI,41,1
N26-041-02189-LANI,96,1
N26-041-02189-LANI,100,1
N26-046-02190-APPL,36,1
N26-046-02190-APPL,39,1
N26-046-02190-APPL,46,1
N26-078-02191-MIAL,77,1
N26-078-02191-MIAL,78,1
N26-015-02192-MANG,1,1
N26-015-02192-MANG,3,1
N26-015-02192-MANG,15,1
N26-056-02193-HAMI,49,1
N26-056-02193-HAMI,51,1
N26-056-02193-HAMI,56,1
N26-088-02194-SCRI,84,1
N26-088-02194-SCRI,86,1
N26-088-02194-SCRI,88,1
N26-012-02195-CUID,1,1
N26-012-02195-CUID,4,1
N26-012-02195-CUID,12,1
N26-043-02196-STER,36,1
N26-043-02196-STER,37,1
N26-043-02196-STER,43,1
N26-043-02196-STER,96,1
N26-043-02196-STER,99,1
N26-046-02197-APPL,36,1
N26-046-02197-APPL,39,1
N26-046-02197-APPL,46,1
N26-026-02198-CATE,19,1
N26-026-02198-CATE,21,1
N26-026-02198-CATE,26,1
N26-014-02199-DOCK,1,1
N26-014-02199-DOCK,2,1
N26-014-02199-DOCK,14,1
N26-087-02200-MCGR,84,1
N26-087-02200-MCGR,85,1
N26-087-02200-MCGR,87,1
N26-081-02201-VALV,77,1
N26-081-02201-VALV,80,1
N26-081-02201-VALV,81,1
N26-067-02202-LARO,60,1
N26-067-02202-LARO,62,1
N26-067-02202-LARO,67,1
N26-026-02203-TIMB,19,1
N26-026-02203-TIMB,21,1
N26-026-02203-TIMB,26,1
N26-029-02204-KIPL,28,1
N26-029-02204-KIPL,29,1
N26-072-02205-CHAR,69,1
N26-072-02205-CHAR,72,1
N26-008-02206-BERS,1,1
N26-008-02206-BERS,3,1
N26-008-02206-BERS,8,1
N26-008-02206-BERS,96,1
N26-008-02206-BERS,97,1
N26-056-02207-KOBL,49,1
N26-056-02207-KOBL,51,1
N26-056-02207-KOBL,56,1
N26-041-02208-HPXX,36,1
N26-041-02208-HPXX,37,1
N26-041-02208-HPXX,41,1
N26-013-02209-ADID,1,1
N26-013-02209-ADID,2,1
N26-013-02209-ADID,13,1
N26-055-02210-HAMI,49,1
N26-055-02210-HAMI,51,1
N26-055-02210-HAMI,55,1
N26-055-02210-HAMI,96,1
N26-055-02210-HAMI,100,1
N26-017-02211-PUMA,1,1
N26-017-02211-PUMA,4,1
N26-017-02211-PUMA,17,1
N26-047-02212-STER,36,1
N26-047-02212-STER,39,1
N26-047-02212-STER,47,1
N26-017-02213-CUID,1,1
N26-017-02213-CUID,4,1
N26-017-02213-CUID,17,1
N26-081-02214-XBOX,77,1
N26-081-02214-XBOX,80,1
N26-081-02214-XBOX,81,1
N26-081-02214-XBOX,96,1
N26-081-02214-XBOX,98,1
N26-055-02215-MABE,49,1
N26-055-02215-MABE,51,1
N26-055-02215-MABE,55,1
N26-095-02216-NUPE,93,1
N26-095-02216-NUPE,95,1
N26-088-02217-SCRI,84,1
N26-088-02217-SCRI,86,1
N26-088-02217-SCRI,88,1
N26-047-02218-MARS,36,1
N26-047-02218-MARS,39,1
N26-047-02218-MARS,47,1
N26-014-02219-CUID,1,1
N26-014-02219-CUID,2,1
N26-014-02219-CUID,14,1
N26-034-02220-LEVI,28,1
N26-034-02220-LEVI,34,1
N26-092-02221-MONR,89,1
N26-092-02221-MONR,92,1
N26-048-02222-SAMS,36,1
N26-048-02222-SAMS,40,1
N26-048-02222-SAMS,48,1
N26-017-02223-CUID,1,1
N26-017-02223-CUID,4,1
N26-017-02223-CUID,17,1
N26-076-02224-QUEC,69,1
N26-076-02224-QUEC,76,1
N26-032-02225-VOGU,28,1
N26-032-02225-VOGU,32,1
N26-032-02225-VOGU,96,1
N26-032-02225-VOGU,97,1
N26-067-02226-CERA,60,1
N26-067-02226-CERA,62,1
N26-067-02226-CERA,67,1
N26-057-02227-GAIA,49,1
N26-057-02227-GAIA,52,1
N26-057-02227-GAIA,57,1
N26-006-02228-CUID,1,1
N26-006-02228-CUID,2,1
N26-006-02228-CUID,6,1
N26-068-02229-NIVE,60,1
N26-068-02229-NIVE,62,1
N26-068-02229-NIVE,68,1
N26-073-02230-BENO,69,1
N26-073-02230-BENO,73,1
N26-006-02231-BERS,1,1
N26-006-02231-BERS,2,1
N26-006-02231-BERS,6,1
N26-034-02232-PINE,28,1
N26-034-02232-PINE,34,1
N26-034-02232-PINE,96,1
N26-034-02232-PINE,98,1
N26-079-02233-DIST,77,1
N26-079-02233-DIST,79,1
N26-079-02233-DIST,96,1
N26-079-02233-DIST,99,1
N26-007-02234-MANG,1,1
N26-007-02234-MANG,3,1
N26-007-02234-MANG,7,1
N26-066-02235-BISS,60,1
N26-066-02235-BISS,61,1
N26-066-02235-BISS,66,1
N26-066-02235-BISS,96,1
N26-066-02235-BISS,100,1
N26-030-02236-TOUS,28,1
N26-030-02236-TOUS,30,1
N26-056-02237-DELO,49,1
N26-056-02237-DELO,51,1
N26-056-02237-DELO,56,1
N26-043-02238-LOGI,36,1
N26-043-02238-LOGI,37,1
N26-043-02238-LOGI,43,1
N26-014-02239-CUID,1,1
N26-014-02239-CUID,2,1
N26-014-02239-CUID,14,1
N26-059-02240-LUUN,49,1
N26-059-02240-LUUN,54,1
N26-059-02240-LUUN,59,1
N26-066-02241-BISS,60,1
N26-066-02241-BISS,61,1
N26-066-02241-BISS,66,1
N26-045-02242-STER,36,1
N26-045-02242-STER,38,1
N26-045-02242-STER,45,1
N26-087-02243-OREI,84,1
N26-087-02243-OREI,85,1
N26-087-02243-OREI,87,1
N26-024-02244-FLEX,19,1
N26-024-02244-FLEX,20,1
N26-024-02244-FLEX,24,1
N26-024-02244-FLEX,96,1
N26-024-02244-FLEX,99,1
N26-045-02245-OTTE,36,1
N26-045-02245-OTTE,38,1
N26-045-02245-OTTE,45,1
N26-044-02246-LANI,36,1
N26-044-02246-LANI,38,1
N26-044-02246-LANI,44,1
N26-044-02247-LANI,36,1
N26-044-02247-LANI,38,1
N26-044-02247-LANI,44,1
N26-044-02247-LANI,96,1
N26-044-02247-LANI,98,1
N26-013-02248-CUID,1,1
N26-013-02248-CUID,2,1
N26-013-02248-CUID,13,1
N26-013-02248-CUID,96,1
N26-013-02248-CUID,97,1
N26-035-02249-TOMM,28,1
N26-035-02249-TOMM,35,1
N26-047-02250-JBLX,36,1
N26-047-02250-JBLX,39,1
N26-047-02250-JBLX,47,1
N26-092-02251-GONH,89,1
N26-092-02251-GONH,92,1
N26-005-02252-LEVI,1,1
N26-005-02252-LEVI,2,1
N26-005-02252-LEVI,5,1
N26-006-02253-CUID,1,1
N26-006-02253-CUID,2,1
N26-006-02253-CUID,6,1
N26-072-02254-ADID,69,1
N26-072-02254-ADID,72,1
N26-046-02255-SONY,36,1
N26-046-02255-SONY,39,1
N26-046-02255-SONY,46,1
N26-030-02256-PAND,28,1
N26-030-02256-PAND,30,1
N26-024-02257-HUSH,19,1
N26-024-02257-HUSH,20,1
N26-024-02257-HUSH,24,1
N26-024-02257-HUSH,96,1
N26-024-02257-HUSH,97,1
N26-013-02258-ADID,1,1
N26-013-02258-ADID,2,1
N26-013-02258-ADID,13,1
N26-030-02259-TOUS,28,1
N26-030-02259-TOUS,30,1
N26-092-02260-GONH,89,1
N26-092-02260-GONH,92,1
N26-092-02260-GONH,96,1
N26-092-02260-GONH,99,1
N26-034-02261-LEVI,28,1
N26-034-02261-LEVI,34,1
N26-048-02262-HISE,36,1
N26-048-02262-HISE,40,1
N26-048-02262-HISE,48,1
N26-012-02263-BERS,1,1
N26-012-02263-BERS,4,1
N26-012-02263-BERS,12,1
N26-056-02264-DELO,49,1
N26-056-02264-DELO,51,1
N26-056-02264-DELO,56,1
N26-056-02264-DELO,96,1
N26-056-02264-DELO,97,1
N26-026-02265-CATE,19,1
N26-026-02265-CATE,21,1
N26-026-02265-CATE,26,1
N26-058-02266-TAPO,49,1
N26-058-02266-TAPO,53,1
N26-058-02266-TAPO,58,1
N26-050-02267-TRAM,49,1
N26-050-02267-TRAM,50,1
N26-050-02267-TRAM,96,1
N26-050-02267-TRAM,97,1
N26-027-02268-CART,19,1
N26-027-02268-CART,22,1
N26-027-02268-CART,27,1
N26-095-02269-NUPE,93,1
N26-095-02269-NUPE,95,1
N26-057-02270-IKEA,49,1
N26-057-02270-IKEA,52,1
N26-057-02270-IKEA,57,1
N26-057-02270-IKEA,96,1
N26-057-02270-IKEA,97,1
N26-016-02271-MANG,1,1
N26-016-02271-MANG,3,1
N26-016-02271-MANG,16,1
N26-016-02271-MANG,96,1
N26-016-02271-MANG,98,1
N26-082-02272-STER,77,1
N26-082-02272-STER,80,1
N26-082-02272-STER,82,1
N26-014-02273-ZARA,1,1
N26-014-02273-ZARA,2,1
N26-014-02273-ZARA,14,1
N26-014-02273-ZARA,96,1
N26-014-02273-ZARA,97,1
N26-044-02274-XIAO,36,1
N26-044-02274-XIAO,38,1
N26-044-02274-XIAO,44,1
N26-044-02274-XIAO,96,1
N26-044-02274-XIAO,98,1
N26-071-02275-ADID,69,1
N26-071-02275-ADID,71,1
N26-071-02275-ADID,96,1
N26-071-02275-ADID,99,1
N26-055-02276-HAMI,49,1
N26-055-02276-HAMI,51,1
N26-055-02276-HAMI,55,1
N26-055-02276-HAMI,96,1
N26-055-02276-HAMI,100,1
N26-076-02277-NATU,69,1
N26-076-02277-NATU,76,1
N26-041-02278-LANI,36,1
N26-041-02278-LANI,37,1
N26-041-02278-LANI,41,1
N26-041-02278-LANI,96,1
N26-041-02278-LANI,100,1
N26-029-02279-PINE,28,1
N26-029-02279-PINE,29,1
N26-076-02280-NATU,69,1
N26-076-02280-NATU,76,1
N26-012-02281-CUID,1,1
N26-012-02281-CUID,4,1
N26-012-02281-CUID,12,1
N26-083-02282-MATT,77,1
N26-083-02282-MATT,83,1
N26-074-02283-CAPB,69,1
N26-074-02283-CAPB,70,1
N26-074-02283-CAPB,74,1
N26-079-02284-LEGO,77,1
N26-079-02284-LEGO,79,1
N26-044-02285-GOOG,36,1
N26-044-02285-GOOG,38,1
N26-044-02285-GOOG,44,1
N26-044-02285-GOOG,96,1
N26-044-02285-GOOG,97,1
N26-095-02286-NUPE,93,1
N26-095-02286-NUPE,95,1
N26-095-02286-NUPE,96,1
N26-095-02286-NUPE,99,1
N26-081-02287-PLAY,77,1
N26-081-02287-PLAY,80,1
N26-081-02287-PLAY,81,1
N26-012-02288-CUID,1,1
N26-012-02288-CUID,4,1
N26-012-02288-CUID,12,1
N26-083-02289-MATT,77,1
N26-083-02289-MATT,83,1
N26-026-02290-FLEX,19,1
N26-026-02290-FLEX,21,1
N26-026-02290-FLEX,26,1
N26-095-02291-PURI,93,1
N26-095-02291-PURI,95,1
N26-095-02291-PURI,96,1
N26-095-02291-PURI,98,1
N26-045-02292-STER,36,1
N26-045-02292-STER,38,1
N26-045-02292-STER,45,1
N26-075-02293-MAND,69,1
N26-075-02293-MAND,70,1
N26-075-02293-MAND,75,1
N26-090-02294-MIKE,89,1
N26-090-02294-MIKE,90,1
N26-092-02295-GONH,89,1
N26-092-02295-GONH,92,1
N26-088-02296-ZEBR,84,1
N26-088-02296-ZEBR,86,1
N26-088-02296-ZEBR,88,1
N26-088-02296-ZEBR,96,1
N26-088-02296-ZEBR,98,1
N26-012-02297-ZARA,1,1
N26-012-02297-ZARA,4,1
N26-012-02297-ZARA,12,1
N26-012-02297-ZARA,96,1
N26-012-02297-ZARA,99,1
N26-075-02298-VOIT,69,1
N26-075-02298-VOIT,70,1
N26-075-02298-VOIT,75,1
N26-075-02298-VOIT,96,1
N26-075-02298-VOIT,100,1
N26-079-02299-FUNK,77,1
N26-079-02299-FUNK,79,1
N26-079-02299-FUNK,96,1
N26-079-02299-FUNK,97,1
N26-090-02300-MIKE,89,1
N26-090-02300-MIKE,90,1
N26-007-02301-MANG,1,1
N26-007-02301-MANG,3,1
N26-007-02301-MANG,7,1
N26-018-02302-UNDE,1,1
N26-018-02302-UNDE,4,1
N26-018-02302-UNDE,18,1
N26-078-02303-MIAL,77,1
N26-078-02303-MIAL,78,1
N26-078-02303-MIAL,96,1
N26-078-02303-MIAL,100,1
N26-008-02304-BERS,1,1
N26-008-02304-BERS,3,1
N26-008-02304-BERS,8,1
N26-057-02305-GAIA,49,1
N26-057-02305-GAIA,52,1
N26-057-02305-GAIA,57,1
N26-094-02306-NUPE,93,1
N26-094-02306-NUPE,94,1
N26-083-02307-ASMO,77,1
N26-083-02307-ASMO,83,1
N26-083-02307-ASMO,96,1
N26-083-02307-ASMO,97,1
N26-027-02308-ADID,19,1
N26-027-02308-ADID,22,1
N26-027-02308-ADID,27,1
N26-027-02308-ADID,96,1
N26-027-02308-ADID,97,1
N26-078-02309-CLEM,77,1
N26-078-02309-CLEM,78,1
N26-044-02310-XIAO,36,1
N26-044-02310-XIAO,38,1
N26-044-02310-XIAO,44,1
N26-071-02311-CHAR,69,1
N26-071-02311-CHAR,71,1
N26-018-02312-ADID,1,1
N26-018-02312-ADID,4,1
N26-018-02312-ADID,18,1
N26-055-02313-MABE,49,1
N26-055-02313-MABE,51,1
N26-055-02313-MABE,55,1
N26-055-02313-MABE,96,1
N26-055-02313-MABE,99,1
N26-005-02314-LEVI,1,1
N26-005-02314-LEVI,2,1
N26-005-02314-LEVI,5,1
N26-005-02314-LEVI,96,1
N26-005-02314-LEVI,98,1
N26-025-02315-NINE,19,1
N26-025-02315-NINE,21,1
N26-025-02315-NINE,25,1
N26-025-02315-NINE,96,1
N26-025-02315-NINE,97,1
N26-083-02316-MATT,77,1
N26-083-02316-MATT,83,1
N26-058-02317-PHIL,49,1
N26-058-02317-PHIL,53,1
N26-058-02317-PHIL,58,1
N26-058-02317-PHIL,96,1
N26-058-02317-PHIL,99,1
N26-075-02318-VOIT,69,1
N26-075-02318-VOIT,70,1
N26-075-02318-VOIT,75,1
N26-091-02319-MEGU,89,1
N26-091-02319-MEGU,91,1
N26-010-02320-CHAR,1,1
N26-010-02320-CHAR,4,1
N26-010-02320-CHAR,10,1
N26-057-02321-ASHL,49,1
N26-057-02321-ASHL,52,1
N26-057-02321-ASHL,57,1
N26-043-02322-PERF,36,1
N26-043-02322-PERF,37,1
N26-043-02322-PERF,43,1
N26-012-02323-BERS,1,1
N26-012-02323-BERS,4,1
N26-012-02323-BERS,12,1
N26-024-02324-FLEX,19,1
N26-024-02324-FLEX,20,1
N26-024-02324-FLEX,24,1
N26-012-02325-CUID,1,1
N26-012-02325-CUID,4,1
N26-012-02325-CUID,12,1
N26-057-02326-BOCO,49,1
N26-057-02326-BOCO,52,1
N26-057-02326-BOCO,57,1
N26-068-02327-EUCE,60,1
N26-068-02327-EUCE,62,1
N26-068-02327-EUCE,68,1
N26-079-02328-MATT,77,1
N26-079-02328-MATT,79,1
N26-025-02329-FLEX,19,1
N26-025-02329-FLEX,21,1
N26-025-02329-FLEX,25,1
N26-016-02330-MANG,1,1
N26-016-02330-MANG,3,1
N26-016-02330-MANG,16,1
N26-016-02330-MANG,96,1
N26-016-02330-MANG,99,1
N26-064-02331-NATU,60,1
N26-064-02331-NATU,64,1
N26-064-02331-NATU,96,1
N26-064-02331-NATU,99,1
N26-011-02332-CHAR,1,1
N26-011-02332-CHAR,4,1
N26-011-02332-CHAR,11,1
N26-024-02333-FLEX,19,1
N26-024-02333-FLEX,20,1
N26-024-02333-FLEX,24,1
N26-005-02334-CUID,1,1
N26-005-02334-CUID,2,1
N26-005-02334-CUID,5,1
N26-018-02335-NIKE,1,1
N26-018-02335-NIKE,4,1
N26-018-02335-NIKE,18,1
N26-018-02335-NIKE,96,1
N26-018-02335-NIKE,97,1
N26-023-02336-PANA,19,1
N26-023-02336-PANA,20,1
N26-023-02336-PANA,23,1
N26-023-02336-PANA,96,1
N26-023-02336-PANA,98,1
N26-023-02337-ADID,19,1
N26-023-02337-ADID,20,1
N26-023-02337-ADID,23,1
N26-008-02338-PULL,1,1
N26-008-02338-PULL,3,1
N26-008-02338-PULL,8,1
N26-008-02338-PULL,96,1
N26-008-02338-PULL,97,1
N26-048-02339-LGXX,36,1
N26-048-02339-LGXX,40,1
N26-048-02339-LGXX,48,1
N26-091-02340-MIKE,89,1
N26-091-02340-MIKE,91,1
N26-047-02341-MARS,36,1
N26-047-02341-MARS,39,1
N26-047-02341-MARS,47,1
N26-015-02342-CAXX,1,1
N26-015-02342-CAXX,3,1
N26-015-02342-CAXX,15,1
N26-091-02343-MIKE,89,1
N26-091-02343-MIKE,91,1
N26-065-02344-MACX,60,1
N26-065-02344-MACX,61,1
N26-065-02344-MACX,65,1
N26-034-02345-PINE,28,1
N26-034-02345-PINE,34,1
N26-088-02346-FELL,84,1
N26-088-02346-FELL,86,1
N26-088-02346-FELL,88,1
N26-010-02347-HMXX,1,1
N26-010-02347-HMXX,4,1
N26-010-02347-HMXX,10,1
N26-018-02348-ADID,1,1
N26-018-02348-ADID,4,1
N26-018-02348-ADID,18,1
N26-018-02348-ADID,96,1
N26-018-02348-ADID,98,1
N26-011-02349-CAXX,1,1
N26-011-02349-CAXX,4,1
N26-011-02349-CAXX,11,1
N26-011-02349-CAXX,96,1
N26-011-02349-CAXX,98,1
N26-078-02350-LEGO,77,1
N26-078-02350-LEGO,78,1
N26-063-02351-GRIS,60,1
N26-063-02351-GRIS,63,1
N26-088-02352-SCRI,84,1
N26-088-02352-SCRI,86,1
N26-088-02352-SCRI,88,1
N26-088-02352-SCRI,96,1
N26-088-02352-SCRI,99,1
N26-076-02353-THEN,69,1
N26-076-02353-THEN,76,1
N26-076-02353-THEN,96,1
N26-076-02353-THEN,97,1
N26-034-02354-DOCK,28,1
N26-034-02354-DOCK,34,1
N26-074-02355-EVER,69,1
N26-074-02355-EVER,70,1
N26-074-02355-EVER,74,1
N26-074-02355-EVER,96,1
N26-074-02355-EVER,99,1
N26-072-02356-CHAR,69,1
N26-072-02356-CHAR,72,1
N26-072-02356-CHAR,96,1
N26-072-02356-CHAR,100,1
N26-059-02357-HOME,49,1
N26-059-02357-HOME,54,1
N26-059-02357-HOME,59,1
N26-087-02358-MCGR,84,1
N26-087-02358-MCGR,85,1
N26-087-02358-MCGR,87,1
N26-087-02358-MCGR,96,1
N26-087-02358-MCGR,98,1
N26-031-02359-CASI,28,1
N26-031-02359-CASI,31,1
N26-005-02360-LEVI,1,1
N26-005-02360-LEVI,2,1
N26-005-02360-LEVI,5,1
N26-005-02360-LEVI,96,1
N26-005-02360-LEVI,97,1
N26-073-02361-BENO,69,1
N26-073-02361-BENO,73,1
N26-082-02362-STER,77,1
N26-082-02362-STER,80,1
N26-082-02362-STER,82,1
N26-009-02363-CART,1,1
N26-009-02363-CART,4,1
N26-009-02363-CART,9,1
N26-094-02364-HILL,93,1
N26-094-02364-HILL,94,1
N26-095-02365-PURI,93,1
N26-095-02365-PURI,95,1
N26-008-02366-CUID,1,1
N26-008-02366-CUID,3,1
N26-008-02366-CUID,8,1
N26-082-02367-RAZE,77,1
N26-082-02367-RAZE,80,1
N26-082-02367-RAZE,82,1
N26-091-02368-ARMO,89,1
N26-091-02368-ARMO,91,1
N26-066-02369-LORA,60,1
N26-066-02369-LORA,61,1
N26-066-02369-LORA,66,1
N26-066-02369-LORA,96,1
N26-066-02369-LORA,98,1
N26-064-02370-DIOR,60,1
N26-064-02370-DIOR,64,1
N26-087-02371-TRIL,84,1
N26-087-02371-TRIL,85,1
N26-087-02371-TRIL,87,1
N26-073-02372-SPEC,69,1
N26-073-02372-SPEC,73,1
N26-023-02373-PUMA,19,1
N26-023-02373-PUMA,20,1
N26-023-02373-PUMA,23,1
N26-090-02374-MICH,89,1
N26-090-02374-MICH,90,1
N26-090-02374-MICH,96,1
N26-090-02374-MICH,100,1
N26-094-02375-NUPE,93,1
N26-094-02375-NUPE,94,1
N26-094-02375-NUPE,96,1
N26-094-02375-NUPE,98,1
N26-065-02376-PAIP,60,1
N26-065-02376-PAIP,61,1
N26-065-02376-PAIP,65,1
N26-050-02377-KITC,49,1
N26-050-02377-KITC,50,1
N26-044-02378-MOTO,36,1
N26-044-02378-MOTO,38,1
N26-044-02378-MOTO,44,1
N26-071-02379-CHAR,69,1
N26-071-02379-CHAR,71,1
N26-068-02380-GRIS,60,1
N26-068-02380-GRIS,62,1
N26-068-02380-GRIS,68,1
N26-056-02381-NESP,49,1
N26-056-02381-NESP,51,1
N26-056-02381-NESP,56,1
N26-018-02382-PIRM,1,1
N26-018-02382-PIRM,4,1
N26-018-02382-PIRM,18,1
N26-068-02383-ISDI,60,1
N26-068-02383-ISDI,62,1
N26-068-02383-ISDI,68,1
N26-023-02384-ADID,19,1
N26-023-02384-ADID,20,1
N26-023-02384-ADID,23,1
N26-063-02385-PANT,60,1
N26-063-02385-PANT,63,1
N26-013-02386-CUID,1,1
N26-013-02386-CUID,2,1
N26-013-02386-CUID,13,1
N26-013-02386-CUID,96,1
N26-013-02386-CUID,97,1
N26-013-02387-CUID,1,1
N26-013-02387-CUID,2,1
N26-013-02387-CUID,13,1
N26-067-02388-GRIS,60,1
N26-067-02388-GRIS,62,1
N26-067-02388-GRIS,67,1
N26-072-02389-NIKE,69,1
N26-072-02389-NIKE,72,1
N26-046-02390-STER,36,1
N26-046-02390-STER,39,1
N26-046-02390-STER,46,1
N26-046-02390-STER,96,1
N26-046-02390-STER,99,1
N26-012-02391-CUID,1,1
N26-012-02391-CUID,4,1
N26-012-02391-CUID,12,1
N26-088-02392-PILO,84,1
N26-088-02392-PILO,86,1
N26-088-02392-PILO,88,1
N26-072-02393-ASIC,69,1
N26-072-02393-ASIC,72,1
N26-023-02394-CHAR,19,1
N26-023-02394-CHAR,20,1
N26-023-02394-CHAR,23,1
N26-016-02395-HMXX,1,1
N26-016-02395-HMXX,3,1
N26-016-02395-HMXX,16,1
N26-045-02396-STER,36,1
N26-045-02396-STER,38,1
N26-045-02396-STER,45,1
N26-045-02396-STER,96,1
N26-045-02396-STER,97,1
N26-068-02397-GRIS,60,1
N26-068-02397-GRIS,62,1
N26-068-02397-GRIS,68,1
N26-071-02398-CHAR,69,1
N26-071-02398-CHAR,71,1
N26-071-02399-CHAR,69,1
N26-071-02399-CHAR,71,1
N26-014-02400-CUID,1,1
N26-014-02400-CUID,2,1
N26-014-02400-CUID,14,1
N26-058-02401-PHIL,49,1
N26-058-02401-PHIL,53,1
N26-058-02401-PHIL,58,1
N26-058-02401-PHIL,96,1
N26-058-02401-PHIL,98,1
N26-026-02402-SKEC,19,1
N26-026-02402-SKEC,21,1
N26-026-02402-SKEC,26,1
N26-026-02402-SKEC,96,1
N26-026-02402-SKEC,100,1
N26-087-02403-PACK,84,1
N26-087-02403-PACK,85,1
N26-087-02403-PACK,87,1
N26-087-02403-PACK,96,1
N26-087-02403-PACK,98,1
N26-078-02404-LEGO,77,1
N26-078-02404-LEGO,78,1
N26-078-02404-LEGO,96,1
N26-078-02404-LEGO,99,1
N26-075-02405-VOIT,69,1
N26-075-02405-VOIT,70,1
N26-075-02405-VOIT,75,1
N26-025-02406-STEV,19,1
N26-025-02406-STEV,21,1
N26-025-02406-STEV,25,1
N26-010-02407-HMXX,1,1
N26-010-02407-HMXX,4,1
N26-010-02407-HMXX,10,1
N26-010-02407-HMXX,96,1
N26-010-02407-HMXX,98,1
N26-094-02408-ROYA,93,1
N26-094-02408-ROYA,94,1
N26-023-02409-NIKE,19,1
N26-023-02409-NIKE,20,1
N26-023-02409-NIKE,23,1
N26-023-02409-NIKE,96,1
N26-023-02409-NIKE,99,1
N26-065-02410-MACX,60,1
N26-065-02410-MACX,61,1
N26-065-02410-MACX,65,1
N26-065-02410-MACX,96,1
N26-065-02410-MACX,98,1
N26-018-02411-ADID,1,1
N26-018-02411-ADID,4,1
N26-018-02411-ADID,18,1
N26-045-02412-SPIG,36,1
N26-045-02412-SPIG,38,1
N26-045-02412-SPIG,45,1
N26-047-02413-STER,36,1
N26-047-02413-STER,39,1
N26-047-02413-STER,47,1
N26-007-02414-HMXX,1,1
N26-007-02414-HMXX,3,1
N26-007-02414-HMXX,7,1
N26-007-02415-MASS,1,1
N26-007-02415-MASS,3,1
N26-007-02415-MASS,7,1
N26-011-02416-CHAR,1,1
N26-011-02416-CHAR,4,1
N26-011-02416-CHAR,11,1
N26-011-02416-CHAR,96,1
N26-011-02416-CHAR,100,1
N26-033-02417-NIKE,28,1
N26-033-02417-NIKE,33,1
N26-068-02418-GRIS,60,1
N26-068-02418-GRIS,62,1
N26-068-02418-GRIS,68,1
N26-055-02419-KOBL,49,1
N26-055-02419-KOBL,51,1
N26-055-02419-KOBL,55,1
N26-055-02419-KOBL,96,1
N26-055-02419-KOBL,99,1
N26-074-02420-DECA,69,1
N26-074-02420-DECA,70,1
N26-074-02420-DECA,74,1
N26-033-02421-UNDE,28,1
N26-033-02421-UNDE,33,1
N26-033-02421-UNDE,96,1
N26-033-02421-UNDE,99,1
N26-087-02422-MCGR,84,1
N26-087-02422-MCGR,85,1
N26-087-02422-MCGR,87,1
N26-090-02423-MIKE,89,1
N26-090-02423-MIKE,90,1
N26-066-02424-BISS,60,1
N26-066-02424-BISS,61,1
N26-066-02424-BISS,66,1
N26-012-02425-CUID,1,1
N26-012-02425-CUID,4,1
N26-012-02425-CUID,12,1
N26-055-02426-NINJ,49,1
N26-055-02426-NINJ,51,1
N26-055-02426-NINJ,55,1
N26-050-02427-TRAM,49,1
N26-050-02427-TRAM,50,1
N26-091-02428-MIKE,89,1
N26-091-02428-MIKE,91,1
N26-091-02428-MIKE,96,1
N26-091-02428-MIKE,98,1
N26-035-02429-TOMM,28,1
N26-035-02429-TOMM,35,1
N26-059-02430-LUUN,49,1
N26-059-02430-LUUN,54,1
N26-059-02430-LUUN,59,1
N26-059-02431-SPRI,49,1
N26-059-02431-SPRI,54,1
N26-059-02431-SPRI,59,1
N26-059-02431-SPRI,96,1
N26-059-02431-SPRI,97,1
N26-023-02432-PUMA,19,1
N26-023-02432-PUMA,20,1
N26-023-02432-PUMA,23,1
N26-023-02432-PUMA,96,1
N26-023-02432-PUMA,99,1
N26-090-02433-3MXX,89,1
N26-090-02433-3MXX,90,1
N26-018-02434-CHAR,1,1
N26-018-02434-CHAR,4,1
N26-018-02434-CHAR,18,1
N26-017-02435-NIKE,1,1
N26-017-02435-NIKE,4,1
N26-017-02435-NIKE,17,1
N26-017-02436-CUID,1,1
N26-017-02436-CUID,4,1
N26-017-02436-CUID,17,1
N26-035-02437-FOSS,28,1
N26-035-02437-FOSS,35,1
N26-035-02437-FOSS,96,1
N26-035-02437-FOSS,99,1
N26-018-02438-UNDE,1,1
N26-018-02438-UNDE,4,1
N26-018-02438-UNDE,18,1
N26-024-02439-ROCK,19,1
N26-024-02439-ROCK,20,1
N26-024-02439-ROCK,24,1
N26-068-02440-GRIS,60,1
N26-068-02440-GRIS,62,1
N26-068-02440-GRIS,68,1
N26-088-02441-SCRI,84,1
N26-088-02441-SCRI,86,1
N26-088-02441-SCRI,88,1
N26-088-02441-SCRI,96,1
N26-088-02441-SCRI,100,1
N26-047-02442-STER,36,1
N26-047-02442-STER,39,1
N26-047-02442-STER,47,1
N26-047-02442-STER,96,1
N26-047-02442-STER,97,1
N26-068-02443-GRIS,60,1
N26-068-02443-GRIS,62,1
N26-068-02443-GRIS,68,1
N26-030-02444-PAND,28,1
N26-030-02444-PAND,30,1
N26-044-02445-XIAO,36,1
N26-044-02445-XIAO,38,1
N26-044-02445-XIAO,44,1
N26-047-02446-STER,36,1
N26-047-02446-STER,39,1
N26-047-02446-STER,47,1
N26-087-02447-PORR,84,1
N26-087-02447-PORR,85,1
N26-087-02447-PORR,87,1
N26-087-02447-PORR,96,1
N26-087-02447-PORR,97,1
N26-091-02448-MEGU,89,1
N26-091-02448-MEGU,91,1
N26-058-02449-PHIL,49,1
N26-058-02449-PHIL,53,1
N26-058-02449-PHIL,58,1
N26-013-02450-ADID,1,1
N26-013-02450-ADID,2,1
N26-013-02450-ADID,13,1
N26-064-02451-PAIP,60,1
N26-064-02451-PAIP,64,1
N26-064-02451-PAIP,96,1
N26-064-02451-PAIP,99,1
N26-047-02452-STER,36,1
N26-047-02452-STER,39,1
N26-047-02452-STER,47,1
N26-029-02453-KIPL,28,1
N26-029-02453-KIPL,29,1
N26-032-02454-HAWK,28,1
N26-032-02454-HAWK,32,1
N26-073-02455-SPEC,69,1
N26-073-02455-SPEC,73,1
N26-073-02455-SPEC,96,1
N26-073-02455-SPEC,97,1
N26-007-02456-CUID,1,1
N26-007-02456-CUID,3,1
N26-007-02456-CUID,7,1
N26-075-02457-VOIT,69,1
N26-075-02457-VOIT,70,1
N26-075-02457-VOIT,75,1
N26-017-02458-NIKE,1,1
N26-017-02458-NIKE,4,1
N26-017-02458-NIKE,17,1
N26-048-02459-HISE,36,1
N26-048-02459-HISE,40,1
N26-048-02459-HISE,48,1
N26-064-02460-PAIP,60,1
N26-064-02460-PAIP,64,1
N26-075-02461-VOIT,69,1
N26-075-02461-VOIT,70,1
N26-075-02461-VOIT,75,1
N26-072-02462-CHAR,69,1
N26-072-02462-CHAR,72,1
N26-008-02463-CUID,1,1
N26-008-02463-CUID,3,1
N26-008-02463-CUID,8,1
N26-008-02463-CUID,96,1
N26-008-02463-CUID,98,1
N26-066-02464-BISS,60,1
N26-066-02464-BISS,61,1
N26-066-02464-BISS,66,1
N26-066-02464-BISS,96,1
N26-066-02464-BISS,99,1
N26-035-02465-COAC,28,1
N26-035-02465-COAC,35,1
N26-035-02465-COAC,96,1
N26-035-02465-COAC,97,1
N26-088-02466-SCRI,84,1
N26-088-02466-SCRI,86,1
N26-088-02466-SCRI,88,1
N26-043-02467-RAZE,36,1
N26-043-02467-RAZE,37,1
N26-043-02467-RAZE,43,1
N26-034-02468-TOMM,28,1
N26-034-02468-TOMM,34,1
N26-034-02468-TOMM,96,1
N26-034-02468-TOMM,97,1
N26-030-02469-TOUS,28,1
N26-030-02469-TOUS,30,1
N26-044-02470-LANI,36,1
N26-044-02470-LANI,38,1
N26-044-02470-LANI,44,1
N26-006-02471-ZARA,1,1
N26-006-02471-ZARA,2,1
N26-006-02471-ZARA,6,1
N26-018-02472-CHAR,1,1
N26-018-02472-CHAR,4,1
N26-018-02472-CHAR,18,1
N26-056-02473-KOBL,49,1
N26-056-02473-KOBL,51,1
N26-056-02473-KOBL,56,1
N26-066-02474-BISS,60,1
N26-066-02474-BISS,61,1
N26-066-02474-BISS,66,1
N26-057-02475-GAIA,49,1
N26-057-02475-GAIA,52,1
N26-057-02475-GAIA,57,1
N26-057-02475-GAIA,96,1
N26-057-02475-GAIA,97,1
N26-012-02476-CUID,1,1
N26-012-02476-CUID,4,1
N26-012-02476-CUID,12,1
N26-012-02476-CUID,96,1
N26-012-02476-CUID,100,1
N26-095-02477-HILL,93,1
N26-095-02477-HILL,95,1
N26-035-02478-PINE,28,1
N26-035-02478-PINE,35,1
N26-023-02479-PIRM,19,1
N26-023-02479-PIRM,20,1
N26-023-02479-PIRM,23,1
N26-035-02480-TOMM,28,1
N26-035-02480-TOMM,35,1
N26-017-02481-HMXX,1,1
N26-017-02481-HMXX,4,1
N26-017-02481-HMXX,17,1
N26-091-02482-3MXX,89,1
N26-091-02482-3MXX,91,1
N26-066-02483-BISS,60,1
N26-066-02483-BISS,61,1
N26-066-02483-BISS,66,1
N26-076-02484-THEN,69,1
N26-076-02484-THEN,76,1
N26-035-02485-PINE,28,1
N26-035-02485-PINE,35,1
N26-023-02486-NIKE,19,1
N26-023-02486-NIKE,20,1
N26-023-02486-NIKE,23,1
N26-041-02487-LANI,36,1
N26-041-02487-LANI,37,1
N26-041-02487-LANI,41,1
N26-057-02488-GAIA,49,1
N26-057-02488-GAIA,52,1
N26-057-02488-GAIA,57,1
N26-057-02488-GAIA,96,1
N26-057-02488-GAIA,98,1
N26-006-02489-HMXX,1,1
N26-006-02489-HMXX,2,1
N26-006-02489-HMXX,6,1
N26-047-02490-SONY,36,1
N26-047-02490-SONY,39,1
N26-047-02490-SONY,47,1
N26-081-02491-XBOX,77,1
N26-081-02491-XBOX,80,1
N26-081-02491-XBOX,81,1
N26-091-02492-MIKE,89,1
N26-091-02492-MIKE,91,1
N26-091-02492-MIKE,96,1
N26-091-02492-MIKE,100,1
N26-047-02493-SONY,36,1
N26-047-02493-SONY,39,1
N26-047-02493-SONY,47,1
N26-047-02493-SONY,96,1
N26-047-02493-SONY,97,1
N26-014-02494-ZARA,1,1
N26-014-02494-ZARA,2,1
N26-014-02494-ZARA,14,1
N26-014-02494-ZARA,96,1
N26-014-02494-ZARA,99,1
N26-092-02495-GONH,89,1
N26-092-02495-GONH,92,1
N26-074-02496-VOIT,69,1
N26-074-02496-VOIT,70,1
N26-074-02496-VOIT,74,1
N26-033-02497-ADID,28,1
N26-033-02497-ADID,33,1
N26-033-02497-ADID,96,1
N26-033-02497-ADID,97,1
N26-041-02498-HPXX,36,1
N26-041-02498-HPXX,37,1
N26-041-02498-HPXX,41,1
N26-041-02498-HPXX,96,1
N26-041-02498-HPXX,100,1
N26-026-02499-SKEC,19,1
N26-026-02499-SKEC,21,1
N26-026-02499-SKEC,26,1
N26-044-02500-SAMS,36,1
N26-044-02500-SAMS,38,1
N26-044-02500-SAMS,44,1
N26-050-02501-EKCO,49,1
N26-050-02501-EKCO,50,1
N26-058-02502-TECN,49,1
N26-058-02502-TECN,53,1
N26-058-02502-TECN,58,1
N26-068-02503-GRIS,60,1
N26-068-02503-GRIS,62,1
N26-068-02503-GRIS,68,1
N26-094-02504-GANA,93,1
N26-094-02504-GANA,94,1
N26-045-02505-BELK,36,1
N26-045-02505-BELK,38,1
N26-045-02505-BELK,45,1
N26-050-02506-KITC,49,1
N26-050-02506-KITC,50,1
N26-008-02507-BERS,1,1
N26-008-02507-BERS,3,1
N26-008-02507-BERS,8,1
N26-033-02508-NIKE,28,1
N26-033-02508-NIKE,33,1
N26-011-02509-HMXX,1,1
N26-011-02509-HMXX,4,1
N26-011-02509-HMXX,11,1
N26-011-02509-HMXX,96,1
N26-011-02509-HMXX,100,1
N26-050-02510-EKCO,49,1
N26-050-02510-EKCO,50,1
N26-073-02511-BENO,69,1
N26-073-02511-BENO,73,1
N26-073-02511-BENO,96,1
N26-073-02511-BENO,97,1
N26-066-02512-MAYB,60,1
N26-066-02512-MAYB,61,1
N26-066-02512-MAYB,66,1
N26-066-02512-MAYB,96,1
N26-066-02512-MAYB,99,1
N26-043-02513-MICR,36,1
N26-043-02513-MICR,37,1
N26-043-02513-MICR,43,1
N26-071-02514-ADID,69,1
N26-071-02514-ADID,71,1
N26-081-02515-PLAY,77,1
N26-081-02515-PLAY,80,1
N26-081-02515-PLAY,81,1
N26-005-02516-CUID,1,1
N26-005-02516-CUID,2,1
N26-005-02516-CUID,5,1
N26-046-02517-SONY,36,1
N26-046-02517-SONY,39,1
N26-046-02517-SONY,46,1
N26-046-02517-SONY,96,1
N26-046-02517-SONY,100,1
N26-029-02518-KIPL,28,1
N26-029-02518-KIPL,29,1
N26-065-02519-BISS,60,1
N26-065-02519-BISS,61,1
N26-065-02519-BISS,65,1
N26-063-02520-LORA,60,1
N26-063-02520-LORA,63,1
N26-063-02520-LORA,96,1
N26-063-02520-LORA,98,1
N26-066-02521-BISS,60,1
N26-066-02521-BISS,61,1
N26-066-02521-BISS,66,1
N26-024-02522-FLEX,19,1
N26-024-02522-FLEX,20,1
N26-024-02522-FLEX,24,1
N26-043-02523-MICR,36,1
N26-043-02523-MICR,37,1
N26-043-02523-MICR,43,1
N26-076-02524-OZAR,69,1
N26-076-02524-OZAR,76,1
N26-075-02525-GAIA,69,1
N26-075-02525-GAIA,70,1
N26-075-02525-GAIA,75,1
N26-059-02526-VIAN,49,1
N26-059-02526-VIAN,54,1
N26-059-02526-VIAN,59,1
N26-045-02527-BELK,36,1
N26-045-02527-BELK,38,1
N26-045-02527-BELK,45,1
N26-092-02528-BOSC,89,1
N26-092-02528-BOSC,92,1
N26-005-02529-HUGO,1,1
N26-005-02529-HUGO,2,1
N26-005-02529-HUGO,5,1
N26-088-02530-ZEBR,84,1
N26-088-02530-ZEBR,86,1
N26-088-02530-ZEBR,88,1
N26-029-02531-ADID,28,1
N26-029-02531-ADID,29,1
N26-029-02531-ADID,96,1
N26-029-02531-ADID,99,1
N26-081-02532-PLAY,77,1
N26-081-02532-PLAY,80,1
N26-081-02532-PLAY,81,1
N26-041-02533-LANI,36,1
N26-041-02533-LANI,37,1
N26-041-02533-LANI,41,1
N26-041-02533-LANI,96,1
N26-041-02533-LANI,100,1
N26-058-02534-TAPO,49,1
N26-058-02534-TAPO,53,1
N26-058-02534-TAPO,58,1
N26-079-02535-LEGO,77,1
N26-079-02535-LEGO,79,1
N26-079-02535-LEGO,96,1
N26-079-02535-LEGO,97,1
N26-026-02536-FLEX,19,1
N26-026-02536-FLEX,21,1
N26-026-02536-FLEX,26,1
N26-007-02537-CUID,1,1
N26-007-02537-CUID,3,1
N26-007-02537-CUID,7,1
N26-007-02537-CUID,96,1
N26-007-02537-CUID,99,1
N26-048-02538-LGXX,36,1
N26-048-02538-LGXX,40,1
N26-048-02538-LGXX,48,1
N26-048-02538-LGXX,96,1
N26-048-02538-LGXX,98,1
N26-027-02539-HAVA,19,1
N26-027-02539-HAVA,22,1
N26-027-02539-HAVA,27,1
N26-068-02540-GRIS,60,1
N26-068-02540-GRIS,62,1
N26-068-02540-GRIS,68,1
N26-048-02541-HISE,36,1
N26-048-02541-HISE,40,1
N26-048-02541-HISE,48,1
N26-091-02542-3MXX,89,1
N26-091-02542-3MXX,91,1
N26-017-02543-NIKE,1,1
N26-017-02543-NIKE,4,1
N26-017-02543-NIKE,17,1
N26-076-02544-NATU,69,1
N26-076-02544-NATU,76,1
N26-076-02544-NATU,96,1
N26-076-02544-NATU,100,1
N26-059-02545-SPRI,49,1
N26-059-02545-SPRI,54,1
N26-059-02545-SPRI,59,1
N26-010-02546-CAXX,1,1
N26-010-02546-CAXX,4,1
N26-010-02546-CAXX,10,1
N26-074-02547-EVER,69,1
N26-074-02547-EVER,70,1
N26-074-02547-EVER,74,1
N26-095-02548-ROYA,93,1
N26-095-02548-ROYA,95,1
N26-050-02549-EKCO,49,1
N26-050-02549-EKCO,50,1
N26-050-02549-EKCO,96,1
N26-050-02549-EKCO,100,1
N26-034-02550-DOCK,28,1
N26-034-02550-DOCK,34,1
N26-050-02551-VASC,49,1
N26-050-02551-VASC,50,1
N26-050-02551-VASC,96,1
N26-050-02551-VASC,100,1
N26-063-02552-HEAD,60,1
N26-063-02552-HEAD,63,1
N26-063-02552-HEAD,96,1
N26-063-02552-HEAD,97,1
N26-090-02553-MIKE,89,1
N26-090-02553-MIKE,90,1
N26-090-02553-MIKE,96,1
N26-090-02553-MIKE,100,1
N26-044-02554-LANI,36,1
N26-044-02554-LANI,38,1
N26-044-02554-LANI,44,1
N26-044-02554-LANI,96,1
N26-044-02554-LANI,97,1
N26-045-02555-STER,36,1
N26-045-02555-STER,38,1
N26-045-02555-STER,45,1
N26-057-02556-GAIA,49,1
N26-057-02556-GAIA,52,1
N26-057-02556-GAIA,57,1
N26-018-02557-UNDE,1,1
N26-018-02557-UNDE,4,1
N26-018-02557-UNDE,18,1
N26-018-02557-UNDE,96,1
N26-018-02557-UNDE,99,1
N26-005-02558-CUID,1,1
N26-005-02558-CUID,2,1
N26-005-02558-CUID,5,1
N26-025-02559-ALDO,19,1
N26-025-02559-ALDO,21,1
N26-025-02559-ALDO,25,1
N26-033-02560-NIKE,28,1
N26-033-02560-NIKE,33,1
N26-041-02561-LANI,36,1
N26-041-02561-LANI,37,1
N26-041-02561-LANI,41,1
N26-041-02561-LANI,96,1
N26-041-02561-LANI,100,1
N26-032-02562-RAYB,28,1
N26-032-02562-RAYB,32,1
N26-011-02563-CHAR,1,1
N26-011-02563-CHAR,4,1
N26-011-02563-CHAR,11,1
N26-045-02564-STER,36,1
N26-045-02564-STER,38,1
N26-045-02564-STER,45,1
N26-045-02564-STER,96,1
N26-045-02564-STER,97,1
N26-071-02565-PIRM,69,1
N26-071-02565-PIRM,71,1
N26-067-02566-GRIS,60,1
N26-067-02566-GRIS,62,1
N26-067-02566-GRIS,67,1
N26-083-02567-RAVE,77,1
N26-083-02567-RAVE,83,1
N26-043-02568-RAZE,36,1
N26-043-02568-RAZE,37,1
N26-043-02568-RAZE,43,1
N26-005-02569-LEVI,1,1
N26-005-02569-LEVI,2,1
N26-005-02569-LEVI,5,1
N26-056-02570-KOBL,49,1
N26-056-02570-KOBL,51,1
N26-056-02570-KOBL,56,1
N26-056-02570-KOBL,96,1
N26-056-02570-KOBL,98,1
N26-050-02571-TRAM,49,1
N26-050-02571-TRAM,50,1
N26-066-02572-MAYB,60,1
N26-066-02572-MAYB,61,1
N26-066-02572-MAYB,66,1
N26-078-02573-MIAL,77,1
N26-078-02573-MIAL,78,1
N26-078-02573-MIAL,96,1
N26-078-02573-MIAL,99,1
N26-059-02574-VIAN,49,1
N26-059-02574-VIAN,54,1
N26-059-02574-VIAN,59,1
N26-068-02575-GRIS,60,1
N26-068-02575-GRIS,62,1
N26-068-02575-GRIS,68,1
N26-068-02575-GRIS,96,1
N26-068-02575-GRIS,97,1
N26-014-02576-WRAN,1,1
N26-014-02576-WRAN,2,1
N26-014-02576-WRAN,14,1
N26-074-02577-DECA,69,1
N26-074-02577-DECA,70,1
N26-074-02577-DECA,74,1
N26-074-02578-CAPB,69,1
N26-074-02578-CAPB,70,1
N26-074-02578-CAPB,74,1
N26-018-02579-CHAR,1,1
N26-018-02579-CHAR,4,1
N26-018-02579-CHAR,18,1
N26-016-02580-MASS,1,1
N26-016-02580-MASS,3,1
N26-016-02580-MASS,16,1
N26-081-02581-VALV,77,1
N26-081-02581-VALV,80,1
N26-081-02581-VALV,81,1
N26-018-02582-UNDE,1,1
N26-018-02582-UNDE,4,1
N26-018-02582-UNDE,18,1
N26-014-02583-CUID,1,1
N26-014-02583-CUID,2,1
N26-014-02583-CUID,14,1
N26-050-02584-EKCO,49,1
N26-050-02584-EKCO,50,1
N26-041-02585-DELL,36,1
N26-041-02585-DELL,37,1
N26-041-02585-DELL,41,1
N26-092-02586-DENS,89,1
N26-092-02586-DENS,92,1
N26-087-02587-PACK,84,1
N26-087-02587-PACK,85,1
N26-087-02587-PACK,87,1
N26-076-02588-COLE,69,1
N26-076-02588-COLE,76,1
N26-074-02589-EVER,69,1
N26-074-02589-EVER,70,1
N26-074-02589-EVER,74,1
N26-056-02590-KOBL,49,1
N26-056-02590-KOBL,51,1
N26-056-02590-KOBL,56,1
N26-055-02591-KOBL,49,1
N26-055-02591-KOBL,51,1
N26-055-02591-KOBL,55,1
N26-033-02592-NEWE,28,1
N26-033-02592-NEWE,33,1
N26-083-02593-HASB,77,1
N26-083-02593-HASB,83,1
N26-083-02593-HASB,96,1
N26-083-02593-HASB,97,1
N26-009-02594-CART,1,1
N26-009-02594-CART,4,1
N26-009-02594-CART,9,1
N26-013-02595-NIKE,1,1
N26-013-02595-NIKE,2,1
N26-013-02595-NIKE,13,1
N26-073-02596-BENO,69,1
N26-073-02596-BENO,73,1
N26-073-02596-BENO,96,1
N26-073-02596-BENO,100,1
N26-066-02597-MAYB,60,1
N26-066-02597-MAYB,61,1
N26-066-02597-MAYB,66,1
N26-066-02597-MAYB,96,1
N26-066-02597-MAYB,97,1
N26-011-02598-CHAR,1,1
N26-011-02598-CHAR,4,1
N26-011-02598-CHAR,11,1
N26-079-02599-DIST,77,1
N26-079-02599-DIST,79,1
N26-079-02599-DIST,96,1
N26-079-02599-DIST,99,1
N26-044-02600-MOTO,36,1
N26-044-02600-MOTO,38,1
N26-044-02600-MOTO,44,1
N26-029-02601-PINE,28,1
N26-029-02601-PINE,29,1
N26-032-02602-HAWK,28,1
N26-032-02602-HAWK,32,1
N26-045-02603-BELK,36,1
N26-045-02603-BELK,38,1
N26-045-02603-BELK,45,1
N26-032-02604-HAWK,28,1
N26-032-02604-HAWK,32,1
N26-011-02605-CHAR,1,1
N26-011-02605-CHAR,4,1
N26-011-02605-CHAR,11,1
N26-048-02606-HISE,36,1
N26-048-02606-HISE,40,1
N26-048-02606-HISE,48,1
N26-074-02607-BOWF,69,1
N26-074-02607-BOWF,70,1
N26-074-02607-BOWF,74,1
N26-094-02608-NUPE,93,1
N26-094-02608-NUPE,94,1
N26-094-02608-NUPE,96,1
N26-094-02608-NUPE,99,1
N26-074-02609-BOWF,69,1
N26-074-02609-BOWF,70,1
N26-074-02609-BOWF,74,1
N26-076-02610-THEN,69,1
N26-076-02610-THEN,76,1
N26-090-02611-MIKE,89,1
N26-090-02611-MIKE,90,1
N26-017-02612-CUID,1,1
N26-017-02612-CUID,4,1
N26-017-02612-CUID,17,1
N26-024-02613-FLEX,19,1
N26-024-02613-FLEX,20,1
N26-024-02613-FLEX,24,1
N26-090-02614-ARMO,89,1
N26-090-02614-ARMO,90,1
N26-092-02615-DENS,89,1
N26-092-02615-DENS,92,1
N26-091-02616-MEGU,89,1
N26-091-02616-MEGU,91,1
N26-041-02617-ASUS,36,1
N26-041-02617-ASUS,37,1
N26-041-02617-ASUS,41,1
N26-017-02618-HMXX,1,1
N26-017-02618-HMXX,4,1
N26-017-02618-HMXX,17,1
N26-033-02619-NIKE,28,1
N26-033-02619-NIKE,33,1
N26-025-02620-FLEX,19,1
N26-025-02620-FLEX,21,1
N26-025-02620-FLEX,25,1
N26-025-02620-FLEX,96,1
N26-025-02620-FLEX,99,1
N26-083-02621-RAVE,77,1
N26-083-02621-RAVE,83,1
N26-067-02622-LARO,60,1
N26-067-02622-LARO,62,1
N26-067-02622-LARO,67,1
N26-067-02622-LARO,96,1
N26-067-02622-LARO,99,1
N26-067-02623-GRIS,60,1
N26-067-02623-GRIS,62,1
N26-067-02623-GRIS,67,1
N26-012-02624-BERS,1,1
N26-012-02624-BERS,4,1
N26-012-02624-BERS,12,1
N26-011-02625-HMXX,1,1
N26-011-02625-HMXX,4,1
N26-011-02625-HMXX,11,1
N26-011-02625-HMXX,96,1
N26-011-02625-HMXX,100,1
N26-092-02626-GATE,89,1
N26-092-02626-GATE,92,1
N26-046-02627-APPL,36,1
N26-046-02627-APPL,39,1
N26-046-02627-APPL,46,1
N26-034-02628-LEVI,28,1
N26-034-02628-LEVI,34,1
N26-029-02629-KIPL,28,1
N26-029-02629-KIPL,29,1
N26-029-02629-KIPL,96,1
N26-029-02629-KIPL,98,1
N26-083-02630-MATT,77,1
N26-083-02630-MATT,83,1
N26-065-02631-BISS,60,1
N26-065-02631-BISS,61,1
N26-065-02631-BISS,65,1
N26-065-02631-BISS,96,1
N26-065-02631-BISS,97,1
N26-007-02632-CUID,1,1
N26-007-02632-CUID,3,1
N26-007-02632-CUID,7,1
N26-073-02633-BENO,69,1
N26-073-02633-BENO,73,1
N26-073-02633-BENO,96,1
N26-073-02633-BENO,98,1
N26-074-02634-DECA,69,1
N26-074-02634-DECA,70,1
N26-074-02634-DECA,74,1
N26-074-02634-DECA,96,1
N26-074-02634-DECA,97,1
N26-008-02635-CUID,1,1
N26-008-02635-CUID,3,1
N26-008-02635-CUID,8,1
N26-045-02636-BELK,36,1
N26-045-02636-BELK,38,1
N26-045-02636-BELK,45,1
N26-074-02637-VOIT,69,1
N26-074-02637-VOIT,70,1
N26-074-02637-VOIT,74,1
N26-074-02637-VOIT,96,1
N26-074-02637-VOIT,100,1
N26-026-02638-FLEX,19,1
N26-026-02638-FLEX,21,1
N26-026-02638-FLEX,26,1
N26-079-02639-MATT,77,1
N26-079-02639-MATT,79,1
N26-027-02640-ADID,19,1
N26-027-02640-ADID,22,1
N26-027-02640-ADID,27,1
N26-072-02641-NIKE,69,1
N26-072-02641-NIKE,72,1
N26-075-02642-ADID,69,1
N26-075-02642-ADID,70,1
N26-075-02642-ADID,75,1
N26-056-02643-OSTE,49,1
N26-056-02643-OSTE,51,1
N26-056-02643-OSTE,56,1
N26-010-02644-PIRM,1,1
N26-010-02644-PIRM,4,1
N26-010-02644-PIRM,10,1
N26-006-02645-CUID,1,1
N26-006-02645-CUID,2,1
N26-006-02645-CUID,6,1
N26-006-02645-CUID,96,1
N26-006-02645-CUID,99,1
N26-073-02646-BENO,69,1
N26-073-02646-BENO,73,1
N26-064-02647-CALV,60,1
N26-064-02647-CALV,64,1
N26-031-02648-CASI,28,1
N26-031-02648-CASI,31,1
N26-031-02648-CASI,96,1
N26-031-02648-CASI,98,1
N26-092-02649-GATE,89,1
N26-092-02649-GATE,92,1
N26-071-02650-ADID,69,1
N26-071-02650-ADID,71,1
N26-071-02650-ADID,96,1
N26-071-02650-ADID,97,1
N26-027-02651-CART,19,1
N26-027-02651-CART,22,1
N26-027-02651-CART,27,1
N26-048-02652-SONY,36,1
N26-048-02652-SONY,40,1
N26-048-02652-SONY,48,1
N26-026-02653-CATE,19,1
N26-026-02653-CATE,21,1
N26-026-02653-CATE,26,1
N26-026-02653-CATE,96,1
N26-026-02653-CATE,98,1
N26-083-02654-MATT,77,1
N26-083-02654-MATT,83,1
N26-031-02655-SEIK,28,1
N26-031-02655-SEIK,31,1
N26-058-02656-IKEA,49,1
N26-058-02656-IKEA,53,1
N26-058-02656-IKEA,58,1
N26-058-02656-IKEA,96,1
N26-058-02656-IKEA,99,1
N26-083-02657-ASMO,77,1
N26-083-02657-ASMO,83,1
N26-068-02658-GRIS,60,1
N26-068-02658-GRIS,62,1
N26-068-02658-GRIS,68,1
N26-058-02659-IKEA,49,1
N26-058-02659-IKEA,53,1
N26-058-02659-IKEA,58,1
N26-068-02660-GRIS,60,1
N26-068-02660-GRIS,62,1
N26-068-02660-GRIS,68,1
N26-075-02661-VOIT,69,1
N26-075-02661-VOIT,70,1
N26-075-02661-VOIT,75,1
N26-075-02661-VOIT,96,1
N26-075-02661-VOIT,100,1
N26-006-02662-BERS,1,1
N26-006-02662-BERS,2,1
N26-006-02662-BERS,6,1
N26-015-02663-MASS,1,1
N26-015-02663-MASS,3,1
N26-015-02663-MASS,15,1
N26-082-02664-STER,77,1
N26-082-02664-STER,80,1
N26-082-02664-STER,82,1
N26-007-02665-CUID,1,1
N26-007-02665-CUID,3,1
N26-007-02665-CUID,7,1
N26-046-02666-BOSE,36,1
N26-046-02666-BOSE,39,1
N26-046-02666-BOSE,46,1
N26-064-02667-PAIP,60,1
N26-064-02667-PAIP,64,1
N26-072-02668-CHAR,69,1
N26-072-02668-CHAR,72,1
N26-006-02669-HMXX,1,1
N26-006-02669-HMXX,2,1
N26-006-02669-HMXX,6,1
N26-024-02670-FLEX,19,1
N26-024-02670-FLEX,20,1
N26-024-02670-FLEX,24,1
N26-032-02671-VOGU,28,1
N26-032-02671-VOGU,32,1
N26-013-02672-CUID,1,1
N26-013-02672-CUID,2,1
N26-013-02672-CUID,13,1
N26-024-02673-FLEX,19,1
N26-024-02673-FLEX,20,1
N26-024-02673-FLEX,24,1
N26-057-02674-BOCO,49,1
N26-057-02674-BOCO,52,1
N26-057-02674-BOCO,57,1
N26-025-02675-ALDO,19,1
N26-025-02675-ALDO,21,1
N26-025-02675-ALDO,25,1
N26-047-02676-STER,36,1
N26-047-02676-STER,39,1
N26-047-02676-STER,47,1
N26-063-02677-PANT,60,1
N26-063-02677-PANT,63,1
N26-010-02678-CHAR,1,1
N26-010-02678-CHAR,4,1
N26-010-02678-CHAR,10,1
N26-048-02679-HISE,36,1
N26-048-02679-HISE,40,1
N26-048-02679-HISE,48,1
N26-058-02680-PHIL,49,1
N26-058-02680-PHIL,53,1
N26-058-02680-PHIL,58,1
N26-074-02681-CAPB,69,1
N26-074-02681-CAPB,70,1
N26-074-02681-CAPB,74,1
N26-074-02681-CAPB,96,1
N26-074-02681-CAPB,98,1
N26-066-02682-MACX,60,1
N26-066-02682-MACX,61,1
N26-066-02682-MACX,66,1
N26-014-02683-WRAN,1,1
N26-014-02683-WRAN,2,1
N26-014-02683-WRAN,14,1
N26-048-02684-SAMS,36,1
N26-048-02684-SAMS,40,1
N26-048-02684-SAMS,48,1
N26-048-02684-SAMS,96,1
N26-048-02684-SAMS,99,1
N26-032-02685-VOGU,28,1
N26-032-02685-VOGU,32,1
N26-012-02686-CUID,1,1
N26-012-02686-CUID,4,1
N26-012-02686-CUID,12,1
N26-078-02687-MIAL,77,1
N26-078-02687-MIAL,78,1
N26-009-02688-BABY,1,1
N26-009-02688-BABY,4,1
N26-009-02688-BABY,9,1
N26-012-02689-HMXX,1,1
N26-012-02689-HMXX,4,1
N26-012-02689-HMXX,12,1
N26-012-02689-HMXX,96,1
N26-012-02689-HMXX,97,1
N26-050-02690-PYRE,49,1
N26-050-02690-PYRE,50,1
N26-009-02691-GERB,1,1
N26-009-02691-GERB,4,1
N26-009-02691-GERB,9,1
N26-009-02691-GERB,96,1
N26-009-02691-GERB,99,1
N26-082-02692-PLAY,77,1
N26-082-02692-PLAY,80,1
N26-082-02692-PLAY,82,1
N26-071-02693-CHAR,69,1
N26-071-02693-CHAR,71,1
N26-029-02694-ADID,28,1
N26-029-02694-ADID,29,1
N26-073-02695-TREK,69,1
N26-073-02695-TREK,73,1
N26-056-02696-KOBL,49,1
N26-056-02696-KOBL,51,1
N26-056-02696-KOBL,56,1
N26-055-02697-KOBL,49,1
N26-055-02697-KOBL,51,1
N26-055-02697-KOBL,55,1
N26-055-02697-KOBL,96,1
N26-055-02697-KOBL,99,1
N26-079-02698-HASB,77,1
N26-079-02698-HASB,79,1
N26-048-02699-HISE,36,1
N26-048-02699-HISE,40,1
N26-048-02699-HISE,48,1
N26-042-02700-VORA,36,1
N26-042-02700-VORA,37,1
N26-042-02700-VORA,42,1
N26-016-02701-MANG,1,1
N26-016-02701-MANG,3,1
N26-016-02701-MANG,16,1
N26-014-02702-DOCK,1,1
N26-014-02702-DOCK,2,1
N26-014-02702-DOCK,14,1
N26-014-02702-DOCK,96,1
N26-014-02702-DOCK,99,1
N26-035-02703-SAMS,28,1
N26-035-02703-SAMS,35,1
N26-072-02704-ASIC,69,1
N26-072-02704-ASIC,72,1
N26-072-02704-ASIC,96,1
N26-072-02704-ASIC,97,1
N26-094-02705-NUPE,93,1
N26-094-02705-NUPE,94,1
N26-079-02706-LEGO,77,1
N26-079-02706-LEGO,79,1
N26-088-02707-BARR,84,1
N26-088-02707-BARR,86,1
N26-088-02707-BARR,88,1
N26-030-02708-PINE,28,1
N26-030-02708-PINE,30,1
N26-078-02709-MIAL,77,1
N26-078-02709-MIAL,78,1
N26-047-02710-SONY,36,1
N26-047-02710-SONY,39,1
N26-047-02710-SONY,47,1
N26-047-02710-SONY,96,1
N26-047-02710-SONY,100,1
N26-067-02711-GRIS,60,1
N26-067-02711-GRIS,62,1
N26-067-02711-GRIS,67,1
N26-075-02712-VOIT,69,1
N26-075-02712-VOIT,70,1
N26-075-02712-VOIT,75,1
N26-013-02713-CUID,1,1
N26-013-02713-CUID,2,1
N26-013-02713-CUID,13,1
N26-035-02714-COAC,28,1
N26-035-02714-COAC,35,1
N26-035-02714-COAC,96,1
N26-035-02714-COAC,100,1
N26-055-02715-OSTE,49,1
N26-055-02715-OSTE,51,1
N26-055-02715-OSTE,55,1
N26-072-02716-CHAR,69,1
N26-072-02716-CHAR,72,1
N26-033-02717-UNDE,28,1
N26-033-02717-UNDE,33,1
N26-011-02718-CHAR,1,1
N26-011-02718-CHAR,4,1
N26-011-02718-CHAR,11,1
N26-013-02719-NIKE,1,1
N26-013-02719-NIKE,2,1
N26-013-02719-NIKE,13,1
N26-031-02720-CITI,28,1
N26-031-02720-CITI,31,1
N26-031-02720-CITI,96,1
N26-031-02720-CITI,99,1
N26-023-02721-ADID,19,1
N26-023-02721-ADID,20,1
N26-023-02721-ADID,23,1
N26-048-02722-TCLX,36,1
N26-048-02722-TCLX,40,1
N26-048-02722-TCLX,48,1
N26-048-02722-TCLX,96,1
N26-048-02722-TCLX,100,1
N26-033-02723-NIKE,28,1
N26-033-02723-NIKE,33,1
N26-033-02723-NIKE,96,1
N26-033-02723-NIKE,100,1
N26-050-02724-EKCO,49,1
N26-050-02724-EKCO,50,1
N26-091-02725-TURT,89,1
N26-091-02725-TURT,91,1
N26-091-02725-TURT,96,1
N26-091-02725-TURT,97,1
N26-012-02726-BERS,1,1
N26-012-02726-BERS,4,1
N26-012-02726-BERS,12,1
N26-078-02727-MIAL,77,1
N26-078-02727-MIAL,78,1
N26-065-02728-MACX,60,1
N26-065-02728-MACX,61,1
N26-065-02728-MACX,65,1
N26-065-02728-MACX,96,1
N26-065-02728-MACX,97,1
N26-095-02729-NUPE,93,1
N26-095-02729-NUPE,95,1
N26-035-02730-SAMS,28,1
N26-035-02730-SAMS,35,1
N26-012-02731-HMXX,1,1
N26-012-02731-HMXX,4,1
N26-012-02731-HMXX,12,1
N26-012-02731-HMXX,96,1
N26-012-02731-HMXX,99,1
N26-055-02732-MABE,49,1
N26-055-02732-MABE,51,1
N26-055-02732-MABE,55,1
N26-090-02733-MIKE,89,1
N26-090-02733-MIKE,90,1
N26-007-02734-ZARA,1,1
N26-007-02734-ZARA,3,1
N26-007-02734-ZARA,7,1
N26-066-02735-BISS,60,1
N26-066-02735-BISS,61,1
N26-066-02735-BISS,66,1
N26-087-02736-PORR,84,1
N26-087-02736-PORR,85,1
N26-087-02736-PORR,87,1
N26-081-02737-PLAY,77,1
N26-081-02737-PLAY,80,1
N26-081-02737-PLAY,81,1
N26-010-02738-PIRM,1,1
N26-010-02738-PIRM,4,1
N26-010-02738-PIRM,10,1
N26-010-02738-PIRM,96,1
N26-010-02738-PIRM,98,1
N26-027-02739-HAVA,19,1
N26-027-02739-HAVA,22,1
N26-027-02739-HAVA,27,1
N26-068-02740-LARO,60,1
N26-068-02740-LARO,62,1
N26-068-02740-LARO,68,1
N26-073-02741-BENO,69,1
N26-073-02741-BENO,73,1
N26-073-02741-BENO,96,1
N26-073-02741-BENO,98,1
N26-065-02742-PAIP,60,1
N26-065-02742-PAIP,61,1
N26-065-02742-PAIP,65,1
N26-065-02742-PAIP,96,1
N26-065-02742-PAIP,98,1
N26-067-02743-GRIS,60,1
N26-067-02743-GRIS,62,1
N26-067-02743-GRIS,67,1
N26-067-02743-GRIS,96,1
N26-067-02743-GRIS,100,1
N26-031-02744-HUAW,28,1
N26-031-02744-HUAW,31,1
N26-031-02744-HUAW,96,1
N26-031-02744-HUAW,97,1
N26-048-02745-PHIL,36,1
N26-048-02745-PHIL,40,1
N26-048-02745-PHIL,48,1
N26-048-02745-PHIL,96,1
N26-048-02745-PHIL,100,1
N26-017-02746-PUMA,1,1
N26-017-02746-PUMA,4,1
N26-017-02746-PUMA,17,1
N26-083-02747-ASMO,77,1
N26-083-02747-ASMO,83,1
N26-083-02747-ASMO,96,1
N26-083-02747-ASMO,97,1
N26-032-02748-POLA,28,1
N26-032-02748-POLA,32,1
N26-016-02749-CAXX,1,1
N26-016-02749-CAXX,3,1
N26-016-02749-CAXX,16,1
N26-016-02749-CAXX,96,1
N26-016-02749-CAXX,97,1
N26-015-02750-MANG,1,1
N26-015-02750-MANG,3,1
N26-015-02750-MANG,15,1
N26-024-02751-FLEX,19,1
N26-024-02751-FLEX,20,1
N26-024-02751-FLEX,24,1
N26-035-02752-COAC,28,1
N26-035-02752-COAC,35,1
N26-018-02753-UNDE,1,1
N26-018-02753-UNDE,4,1
N26-018-02753-UNDE,18,1
N26-087-02754-OREI,84,1
N26-087-02754-OREI,85,1
N26-087-02754-OREI,87,1
N26-082-02755-XBOX,77,1
N26-082-02755-XBOX,80,1
N26-082-02755-XBOX,82,1
N26-082-02755-XBOX,96,1
N26-082-02755-XBOX,100,1
N26-078-02756-MIAL,77,1
N26-078-02756-MIAL,78,1
N26-048-02757-SONY,36,1
N26-048-02757-SONY,40,1
N26-048-02757-SONY,48,1
N26-027-02758-CROC,19,1
N26-027-02758-CROC,22,1
N26-027-02758-CROC,27,1
N26-027-02758-CROC,96,1
N26-027-02758-CROC,100,1
N26-068-02759-GRIS,60,1
N26-068-02759-GRIS,62,1
N26-068-02759-GRIS,68,1
N26-058-02760-TAPO,49,1
N26-058-02760-TAPO,53,1
N26-058-02760-TAPO,58,1
N26-009-02761-CART,1,1
N26-009-02761-CART,4,1
N26-009-02761-CART,9,1
N26-009-02761-CART,96,1
N26-009-02761-CART,98,1
N26-030-02762-PINE,28,1
N26-030-02762-PINE,30,1
N26-006-02763-CUID,1,1
N26-006-02763-CUID,2,1
N26-006-02763-CUID,6,1
N26-083-02764-ASMO,77,1
N26-083-02764-ASMO,83,1
N26-074-02765-VOIT,69,1
N26-074-02765-VOIT,70,1
N26-074-02765-VOIT,74,1
N26-034-02766-DOCK,28,1
N26-034-02766-DOCK,34,1
N26-066-02767-BISS,60,1
N26-066-02767-BISS,61,1
N26-066-02767-BISS,66,1
N26-056-02768-KOBL,49,1
N26-056-02768-KOBL,51,1
N26-056-02768-KOBL,56,1
N26-043-02769-VORA,36,1
N26-043-02769-VORA,37,1
N26-043-02769-VORA,43,1
N26-034-02770-LEVI,28,1
N26-034-02770-LEVI,34,1
N26-034-02770-LEVI,96,1
N26-034-02770-LEVI,100,1
N26-030-02771-PINE,28,1
N26-030-02771-PINE,30,1
N26-079-02772-DIST,77,1
N26-079-02772-DIST,79,1
N26-095-02773-HILL,93,1
N26-095-02773-HILL,95,1
N26-048-02774-SONY,36,1
N26-048-02774-SONY,40,1
N26-048-02774-SONY,48,1
N26-048-02774-SONY,96,1
N26-048-02774-SONY,97,1
N26-026-02775-FLEX,19,1
N26-026-02775-FLEX,21,1
N26-026-02775-FLEX,26,1
N26-091-02776-TURT,89,1
N26-091-02776-TURT,91,1
N26-091-02776-TURT,96,1
N26-091-02776-TURT,98,1
N26-072-02777-NEWB,69,1
N26-072-02777-NEWB,72,1
N26-072-02777-NEWB,96,1
N26-072-02777-NEWB,98,1
N26-027-02778-CART,19,1
N26-027-02778-CART,22,1
N26-027-02778-CART,27,1
N26-082-02779-HYPE,77,1
N26-082-02779-HYPE,80,1
N26-082-02779-HYPE,82,1
N26-082-02779-HYPE,96,1
N26-082-02779-HYPE,99,1
N26-068-02780-LARO,60,1
N26-068-02780-LARO,62,1
N26-068-02780-LARO,68,1
N26-082-02781-STER,77,1
N26-082-02781-STER,80,1
N26-082-02781-STER,82,1
N26-065-02782-PAIP,60,1
N26-065-02782-PAIP,61,1
N26-065-02782-PAIP,65,1
N26-013-02783-NIKE,1,1
N26-013-02783-NIKE,2,1
N26-013-02783-NIKE,13,1
N26-013-02783-NIKE,96,1
N26-013-02783-NIKE,99,1
N26-007-02784-MASS,1,1
N26-007-02784-MASS,3,1
N26-007-02784-MASS,7,1
N26-007-02784-MASS,96,1
N26-007-02784-MASS,100,1
N26-008-02785-HMXX,1,1
N26-008-02785-HMXX,3,1
N26-008-02785-HMXX,8,1
N26-009-02786-CAXX,1,1
N26-009-02786-CAXX,4,1
N26-009-02786-CAXX,9,1
N26-063-02787-GARN,60,1
N26-063-02787-GARN,63,1
N26-018-02788-CHAR,1,1
N26-018-02788-CHAR,4,1
N26-018-02788-CHAR,18,1
N26-018-02788-CHAR,96,1
N26-018-02788-CHAR,98,1
N26-012-02789-HMXX,1,1
N26-012-02789-HMXX,4,1
N26-012-02789-HMXX,12,1
N26-042-02790-GIGA,36,1
N26-042-02790-GIGA,37,1
N26-042-02790-GIGA,42,1
N26-041-02791-ACER,36,1
N26-041-02791-ACER,37,1
N26-041-02791-ACER,41,1
N26-072-02792-NIKE,69,1
N26-072-02792-NIKE,72,1
N26-072-02792-NIKE,96,1
N26-072-02792-NIKE,98,1
N26-006-02793-HMXX,1,1
N26-006-02793-HMXX,2,1
N26-006-02793-HMXX,6,1
N26-044-02794-SAMS,36,1
N26-044-02794-SAMS,38,1
N26-044-02794-SAMS,44,1
N26-005-02795-LEVI,1,1
N26-005-02795-LEVI,2,1
N26-005-02795-LEVI,5,1
N26-018-02796-CHAR,1,1
N26-018-02796-CHAR,4,1
N26-018-02796-CHAR,18,1
N26-078-02797-FISH,77,1
N26-078-02797-FISH,78,1
N26-032-02798-VOGU,28,1
N26-032-02798-VOGU,32,1
N26-032-02798-VOGU,96,1
N26-032-02798-VOGU,97,1
N26-033-02799-NEWE,28,1
N26-033-02799-NEWE,33,1
N26-094-02800-PURI,93,1
N26-094-02800-PURI,94,1
N26-032-02801-RAYB,28,1
N26-032-02801-RAYB,32,1
N26-065-02802-MAYB,60,1
N26-065-02802-MAYB,61,1
N26-065-02802-MAYB,65,1
N26-042-02803-GIGA,36,1
N26-042-02803-GIGA,37,1
N26-042-02803-GIGA,42,1
N26-073-02804-SPEC,69,1
N26-073-02804-SPEC,73,1
N26-044-02805-SAMS,36,1
N26-044-02805-SAMS,38,1
N26-044-02805-SAMS,44,1
N26-035-02806-FOSS,28,1
N26-035-02806-FOSS,35,1
N26-035-02806-FOSS,96,1
N26-035-02806-FOSS,98,1
N26-047-02807-MARS,36,1
N26-047-02807-MARS,39,1
N26-047-02807-MARS,47,1
N26-067-02808-CERA,60,1
N26-067-02808-CERA,62,1
N26-067-02808-CERA,67,1
N26-027-02809-CROC,19,1
N26-027-02809-CROC,22,1
N26-027-02809-CROC,27,1
N26-026-02810-SKEC,19,1
N26-026-02810-SKEC,21,1
N26-026-02810-SKEC,26,1
N26-026-02810-SKEC,96,1
N26-026-02810-SKEC,97,1
N26-046-02811-STER,36,1
N26-046-02811-STER,39,1
N26-046-02811-STER,46,1
N26-046-02811-STER,96,1
N26-046-02811-STER,98,1
N26-065-02812-PAIP,60,1
N26-065-02812-PAIP,61,1
N26-065-02812-PAIP,65,1
N26-014-02813-ZARA,1,1
N26-014-02813-ZARA,2,1
N26-014-02813-ZARA,14,1
N26-013-02814-CUID,1,1
N26-013-02814-CUID,2,1
N26-013-02814-CUID,13,1
N26-010-02815-PIRM,1,1
N26-010-02815-PIRM,4,1
N26-010-02815-PIRM,10,1
N26-005-02816-CUID,1,1
N26-005-02816-CUID,2,1
N26-005-02816-CUID,5,1
N26-005-02816-CUID,96,1
N26-005-02816-CUID,99,1
N26-064-02817-CARO,60,1
N26-064-02817-CARO,64,1
N26-041-02818-ASUS,36,1
N26-041-02818-ASUS,37,1
N26-041-02818-ASUS,41,1
N26-025-02819-FLEX,19,1
N26-025-02819-FLEX,21,1
N26-025-02819-FLEX,25,1
N26-025-02819-FLEX,96,1
N26-025-02819-FLEX,98,1
N26-072-02820-NEWB,69,1
N26-072-02820-NEWB,72,1
N26-027-02821-CART,19,1
N26-027-02821-CART,22,1
N26-027-02821-CART,27,1
N26-058-02822-STER,49,1
N26-058-02822-STER,53,1
N26-058-02822-STER,58,1
N26-058-02822-STER,96,1
N26-058-02822-STER,98,1
N26-074-02823-VOIT,69,1
N26-074-02823-VOIT,70,1
N26-074-02823-VOIT,74,1
N26-007-02824-MASS,1,1
N26-007-02824-MASS,3,1
N26-007-02824-MASS,7,1
N26-083-02825-MATT,77,1
N26-083-02825-MATT,83,1
N26-045-02826-STER,36,1
N26-045-02826-STER,38,1
N26-045-02826-STER,45,1
N26-079-02827-DIST,77,1
N26-079-02827-DIST,79,1
N26-079-02827-DIST,96,1
N26-079-02827-DIST,99,1
N26-025-02828-FLEX,19,1
N26-025-02828-FLEX,21,1
N26-025-02828-FLEX,25,1
N26-075-02829-NIKE,69,1
N26-075-02829-NIKE,70,1
N26-075-02829-NIKE,75,1
N26-075-02829-NIKE,96,1
N26-075-02829-NIKE,98,1
N26-010-02830-HMXX,1,1
N26-010-02830-HMXX,4,1
N26-010-02830-HMXX,10,1
N26-007-02831-CUID,1,1
N26-007-02831-CUID,3,1
N26-007-02831-CUID,7,1
N26-046-02832-STER,36,1
N26-046-02832-STER,39,1
N26-046-02832-STER,46,1
N26-046-02832-STER,96,1
N26-046-02832-STER,99,1
N26-030-02833-SWAR,28,1
N26-030-02833-SWAR,30,1
N26-071-02834-VOIT,69,1
N26-071-02834-VOIT,71,1
N26-066-02835-BISS,60,1
N26-066-02835-BISS,61,1
N26-066-02835-BISS,66,1
N26-066-02836-MAYB,60,1
N26-066-02836-MAYB,61,1
N26-066-02836-MAYB,66,1
N26-066-02836-MAYB,96,1
N26-066-02836-MAYB,97,1
N26-075-02837-ADID,69,1
N26-075-02837-ADID,70,1
N26-075-02837-ADID,75,1
N26-058-02838-PHIL,49,1
N26-058-02838-PHIL,53,1
N26-058-02838-PHIL,58,1
N26-072-02839-CHAR,69,1
N26-072-02839-CHAR,72,1
N26-072-02839-CHAR,96,1
N26-072-02839-CHAR,99,1
N26-071-02840-PIRM,69,1
N26-071-02840-PIRM,71,1
N26-088-02841-BICX,84,1
N26-088-02841-BICX,86,1
N26-088-02841-BICX,88,1
N26-088-02841-BICX,96,1
N26-088-02841-BICX,97,1
N26-017-02842-HMXX,1,1
N26-017-02842-HMXX,4,1
N26-017-02842-HMXX,17,1
N26-076-02843-QUEC,69,1
N26-076-02843-QUEC,76,1
N26-027-02844-ADID,19,1
N26-027-02844-ADID,22,1
N26-027-02844-ADID,27,1
N26-091-02845-ARMO,89,1
N26-091-02845-ARMO,91,1
N26-041-02846-LANI,36,1
N26-041-02846-LANI,37,1
N26-041-02846-LANI,41,1
N26-088-02847-PILO,84,1
N26-088-02847-PILO,86,1
N26-088-02847-PILO,88,1
N26-058-02848-TAPO,49,1
N26-058-02848-TAPO,53,1
N26-058-02848-TAPO,58,1
N26-058-02848-TAPO,96,1
N26-058-02848-TAPO,100,1
N26-025-02849-FLEX,19,1
N26-025-02849-FLEX,21,1
N26-025-02849-FLEX,25,1
N26-094-02850-HILL,93,1
N26-094-02850-HILL,94,1
N26-068-02851-EUCE,60,1
N26-068-02851-EUCE,62,1
N26-068-02851-EUCE,68,1
N26-068-02851-EUCE,96,1
N26-068-02851-EUCE,99,1
N26-090-02852-BOSC,89,1
N26-090-02852-BOSC,90,1
N26-090-02852-BOSC,96,1
N26-090-02852-BOSC,99,1
N26-025-02853-ALDO,19,1
N26-025-02853-ALDO,21,1
N26-025-02853-ALDO,25,1
N26-041-02854-DELL,36,1
N26-041-02854-DELL,37,1
N26-041-02854-DELL,41,1
N26-041-02854-DELL,96,1
N26-041-02854-DELL,98,1
N26-059-02855-VIAN,49,1
N26-059-02855-VIAN,54,1
N26-059-02855-VIAN,59,1
N26-083-02856-ASMO,77,1
N26-083-02856-ASMO,83,1
N26-057-02857-DICO,49,1
N26-057-02857-DICO,52,1
N26-057-02857-DICO,57,1
N26-072-02858-NEWB,69,1
N26-072-02858-NEWB,72,1
N26-044-02859-LANI,36,1
N26-044-02859-LANI,38,1
N26-044-02859-LANI,44,1
N26-044-02859-LANI,96,1
N26-044-02859-LANI,97,1
N26-010-02860-CAXX,1,1
N26-010-02860-CAXX,4,1
N26-010-02860-CAXX,10,1
N26-010-02860-CAXX,96,1
N26-010-02860-CAXX,99,1
N26-027-02861-CART,19,1
N26-027-02861-CART,22,1
N26-027-02861-CART,27,1
N26-026-02862-FLEX,19,1
N26-026-02862-FLEX,21,1
N26-026-02862-FLEX,26,1
N26-026-02862-FLEX,96,1
N26-026-02862-FLEX,99,1
N26-024-02863-HUSH,19,1
N26-024-02863-HUSH,20,1
N26-024-02863-HUSH,24,1
N26-032-02864-RAYB,28,1
N26-032-02864-RAYB,32,1
N26-083-02865-ASMO,77,1
N26-083-02865-ASMO,83,1
N26-023-02866-CHAR,19,1
N26-023-02866-CHAR,20,1
N26-023-02866-CHAR,23,1
N26-026-02867-FLEX,19,1
N26-026-02867-FLEX,21,1
N26-026-02867-FLEX,26,1
N26-018-02868-NIKE,1,1
N26-018-02868-NIKE,4,1
N26-018-02868-NIKE,18,1
N26-091-02869-ARMO,89,1
N26-091-02869-ARMO,91,1
N26-006-02870-BERS,1,1
N26-006-02870-BERS,2,1
N26-006-02870-BERS,6,1
N26-095-02871-NUPE,93,1
N26-095-02871-NUPE,95,1
N26-058-02872-PHIL,49,1
N26-058-02872-PHIL,53,1
N26-058-02872-PHIL,58,1
N26-017-02873-NIKE,1,1
N26-017-02873-NIKE,4,1
N26-017-02873-NIKE,17,1
N26-026-02874-FLEX,19,1
N26-026-02874-FLEX,21,1
N26-026-02874-FLEX,26,1
N26-026-02874-FLEX,96,1
N26-026-02874-FLEX,99,1
N26-067-02875-GRIS,60,1
N26-067-02875-GRIS,62,1
N26-067-02875-GRIS,67,1
N26-024-02876-FLEX,19,1
N26-024-02876-FLEX,20,1
N26-024-02876-FLEX,24,1
N26-034-02877-TOMM,28,1
N26-034-02877-TOMM,34,1
N26-034-02877-TOMM,96,1
N26-034-02877-TOMM,100,1
N26-064-02878-DIOR,60,1
N26-064-02878-DIOR,64,1
N26-046-02879-SAMS,36,1
N26-046-02879-SAMS,39,1
N26-046-02879-SAMS,46,1
N26-081-02880-PLAY,77,1
N26-081-02880-PLAY,80,1
N26-081-02880-PLAY,81,1
N26-081-02880-PLAY,96,1
N26-081-02880-PLAY,100,1
N26-012-02881-BERS,1,1
N26-012-02881-BERS,4,1
N26-012-02881-BERS,12,1
N26-091-02882-MIKE,89,1
N26-091-02882-MIKE,91,1
N26-083-02883-MATT,77,1
N26-083-02883-MATT,83,1
N26-083-02883-MATT,96,1
N26-083-02883-MATT,98,1
N26-074-02884-VOIT,69,1
N26-074-02884-VOIT,70,1
N26-074-02884-VOIT,74,1
N26-074-02884-VOIT,96,1
N26-074-02884-VOIT,97,1
N26-068-02885-EUCE,60,1
N26-068-02885-EUCE,62,1
N26-068-02885-EUCE,68,1
N26-071-02886-NIKE,69,1
N26-071-02886-NIKE,71,1
N26-071-02887-CHAR,69,1
N26-071-02887-CHAR,71,1
N26-024-02888-ROCK,19,1
N26-024-02888-ROCK,20,1
N26-024-02888-ROCK,24,1
N26-016-02889-HMXX,1,1
N26-016-02889-HMXX,3,1
N26-016-02889-HMXX,16,1
N26-016-02889-HMXX,96,1
N26-016-02889-HMXX,97,1
N26-042-02890-VORA,36,1
N26-042-02890-VORA,37,1
N26-042-02890-VORA,42,1
N26-032-02891-VOGU,28,1
N26-032-02891-VOGU,32,1
N26-045-02892-STER,36,1
N26-045-02892-STER,38,1
N26-045-02892-STER,45,1
N26-045-02892-STER,96,1
N26-045-02892-STER,98,1
N26-091-02893-3MXX,89,1
N26-091-02893-3MXX,91,1
N26-027-02894-HAVA,19,1
N26-027-02894-HAVA,22,1
N26-027-02894-HAVA,27,1
N26-027-02894-HAVA,96,1
N26-027-02894-HAVA,100,1
N26-079-02895-DIST,77,1
N26-079-02895-DIST,79,1
N26-033-02896-NEWE,28,1
N26-033-02896-NEWE,33,1
N26-055-02897-NINJ,49,1
N26-055-02897-NINJ,51,1
N26-055-02897-NINJ,55,1
N26-055-02897-NINJ,96,1
N26-055-02897-NINJ,99,1
N26-072-02898-CHAR,69,1
N26-072-02898-CHAR,72,1
N26-055-02899-NINJ,49,1
N26-055-02899-NINJ,51,1
N26-055-02899-NINJ,55,1
N26-087-02900-TRIL,84,1
N26-087-02900-TRIL,85,1
N26-087-02900-TRIL,87,1
N26-087-02900-TRIL,96,1
N26-087-02900-TRIL,98,1
N26-016-02901-ZARA,1,1
N26-016-02901-ZARA,3,1
N26-016-02901-ZARA,16,1
N26-066-02902-MACX,60,1
N26-066-02902-MACX,61,1
N26-066-02902-MACX,66,1
N26-009-02903-BABY,1,1
N26-009-02903-BABY,4,1
N26-009-02903-BABY,9,1
N26-009-02903-BABY,96,1
N26-009-02903-BABY,99,1
N26-042-02904-VORA,36,1
N26-042-02904-VORA,37,1
N26-042-02904-VORA,42,1
N26-043-02905-VORA,36,1
N26-043-02905-VORA,37,1
N26-043-02905-VORA,43,1
N26-046-02906-STER,36,1
N26-046-02906-STER,39,1
N26-046-02906-STER,46,1
N26-034-02907-DOCK,28,1
N26-034-02907-DOCK,34,1
N26-095-02908-NUPE,93,1
N26-095-02908-NUPE,95,1
N26-045-02909-STER,36,1
N26-045-02909-STER,38,1
N26-045-02909-STER,45,1
N26-076-02910-NATU,69,1
N26-076-02910-NATU,76,1
N26-016-02911-CAXX,1,1
N26-016-02911-CAXX,3,1
N26-016-02911-CAXX,16,1
N26-044-02912-XIAO,36,1
N26-044-02912-XIAO,38,1
N26-044-02912-XIAO,44,1
N26-044-02913-GOOG,36,1
N26-044-02913-GOOG,38,1
N26-044-02913-GOOG,44,1
N26-025-02914-FLEX,19,1
N26-025-02914-FLEX,21,1
N26-025-02914-FLEX,25,1
N26-031-02915-HUAW,28,1
N26-031-02915-HUAW,31,1
N26-025-02916-ALDO,19,1
N26-025-02916-ALDO,21,1
N26-025-02916-ALDO,25,1
N26-091-02917-MEGU,89,1
N26-091-02917-MEGU,91,1
N26-091-02917-MEGU,96,1
N26-091-02917-MEGU,98,1
N26-007-02918-ZARA,1,1
N26-007-02918-ZARA,3,1
N26-007-02918-ZARA,7,1
N26-007-02918-ZARA,96,1
N26-007-02918-ZARA,97,1
N26-092-02919-DENS,89,1
N26-092-02919-DENS,92,1
N26-092-02919-DENS,96,1
N26-092-02919-DENS,99,1
N26-010-02920-CHAR,1,1
N26-010-02920-CHAR,4,1
N26-010-02920-CHAR,10,1
N26-029-02921-ADID,28,1
N26-029-02921-ADID,29,1
N26-029-02921-ADID,96,1
N26-029-02921-ADID,98,1
N26-047-02922-BOSE,36,1
N26-047-02922-BOSE,39,1
N26-047-02922-BOSE,47,1
N26-073-02923-BENO,69,1
N26-073-02923-BENO,73,1
N26-043-02924-STER,36,1
N26-043-02924-STER,37,1
N26-043-02924-STER,43,1
N26-043-02924-STER,96,1
N26-043-02924-STER,97,1
N26-057-02925-ASHL,49,1
N26-057-02925-ASHL,52,1
N26-057-02925-ASHL,57,1
N26-041-02926-ACER,36,1
N26-041-02926-ACER,37,1
N26-041-02926-ACER,41,1
N26-076-02927-NATU,69,1
N26-076-02927-NATU,76,1
N26-029-02928-ADID,28,1
N26-029-02928-ADID,29,1
N26-081-02929-VALV,77,1
N26-081-02929-VALV,80,1
N26-081-02929-VALV,81,1
N26-081-02929-VALV,96,1
N26-081-02929-VALV,99,1
N26-071-02930-PUMA,69,1
N26-071-02930-PUMA,71,1
N26-055-02931-MABE,49,1
N26-055-02931-MABE,51,1
N26-055-02931-MABE,55,1
N26-076-02932-THEN,69,1
N26-076-02932-THEN,76,1
N26-076-02932-THEN,96,1
N26-076-02932-THEN,98,1
N26-066-02933-REVL,60,1
N26-066-02933-REVL,61,1
N26-066-02933-REVL,66,1
N26-066-02933-REVL,96,1
N26-066-02933-REVL,97,1
N26-046-02934-APPL,36,1
N26-046-02934-APPL,39,1
N26-046-02934-APPL,46,1
N26-046-02934-APPL,96,1
N26-046-02934-APPL,98,1
N26-031-02935-SEIK,28,1
N26-031-02935-SEIK,31,1
N26-031-02935-SEIK,96,1
N26-031-02935-SEIK,99,1
N26-075-02936-ADID,69,1
N26-075-02936-ADID,70,1
N26-075-02936-ADID,75,1
N26-065-02937-PAIP,60,1
N26-065-02937-PAIP,61,1
N26-065-02937-PAIP,65,1
N26-092-02938-NGKX,89,1
N26-092-02938-NGKX,92,1
N26-023-02939-NIKE,19,1
N26-023-02939-NIKE,20,1
N26-023-02939-NIKE,23,1
N26-035-02940-TOMM,28,1
N26-035-02940-TOMM,35,1
N26-035-02940-TOMM,96,1
N26-035-02940-TOMM,99,1
N26-050-02941-EKCO,49,1
N26-050-02941-EKCO,50,1
N26-026-02942-CATE,19,1
N26-026-02942-CATE,21,1
N26-026-02942-CATE,26,1
N26-026-02942-CATE,96,1
N26-026-02942-CATE,98,1
N26-013-02943-CUID,1,1
N26-013-02943-CUID,2,1
N26-013-02943-CUID,13,1
N26-068-02944-ISDI,60,1
N26-068-02944-ISDI,62,1
N26-068-02944-ISDI,68,1
N26-047-02945-SONY,36,1
N26-047-02945-SONY,39,1
N26-047-02945-SONY,47,1
N26-045-02946-UAGX,36,1
N26-045-02946-UAGX,38,1
N26-045-02946-UAGX,45,1
N26-095-02947-HILL,93,1
N26-095-02947-HILL,95,1
N26-095-02947-HILL,96,1
N26-095-02947-HILL,97,1
N26-033-02948-NIKE,28,1
N26-033-02948-NIKE,33,1
N26-050-02949-VASC,49,1
N26-050-02949-VASC,50,1
N26-055-02950-MABE,49,1
N26-055-02950-MABE,51,1
N26-055-02950-MABE,55,1
N26-078-02951-CLEM,77,1
N26-078-02951-CLEM,78,1
N26-078-02951-CLEM,96,1
N26-078-02951-CLEM,98,1
N26-091-02952-MEGU,89,1
N26-091-02952-MEGU,91,1
N26-027-02953-CROC,19,1
N26-027-02953-CROC,22,1
N26-027-02953-CROC,27,1
N26-055-02954-MABE,49,1
N26-055-02954-MABE,51,1
N26-055-02954-MABE,55,1
N26-066-02955-MAYB,60,1
N26-066-02955-MAYB,61,1
N26-066-02955-MAYB,66,1
N26-066-02955-MAYB,96,1
N26-066-02955-MAYB,97,1
N26-029-02956-HERS,28,1
N26-029-02956-HERS,29,1
N26-029-02956-HERS,96,1
N26-029-02956-HERS,99,1
N26-026-02957-FLEX,19,1
N26-026-02957-FLEX,21,1
N26-026-02957-FLEX,26,1
N26-066-02958-BISS,60,1
N26-066-02958-BISS,61,1
N26-066-02958-BISS,66,1
N26-033-02959-UNDE,28,1
N26-033-02959-UNDE,33,1
N26-025-02960-FLEX,19,1
N26-025-02960-FLEX,21,1
N26-025-02960-FLEX,25,1
N26-017-02961-ADID,1,1
N26-017-02961-ADID,4,1
N26-017-02961-ADID,17,1
N26-007-02962-MASS,1,1
N26-007-02962-MASS,3,1
N26-007-02962-MASS,7,1
N26-023-02963-SKEC,19,1
N26-023-02963-SKEC,20,1
N26-023-02963-SKEC,23,1
N26-076-02964-QUEC,69,1
N26-076-02964-QUEC,76,1
N26-076-02965-COLE,69,1
N26-076-02965-COLE,76,1
N26-030-02966-THOM,28,1
N26-030-02966-THOM,30,1
N26-046-02967-SONY,36,1
N26-046-02967-SONY,39,1
N26-046-02967-SONY,46,1
N26-048-02968-LGXX,36,1
N26-048-02968-LGXX,40,1
N26-048-02968-LGXX,48,1
N26-072-02969-ASIC,69,1
N26-072-02969-ASIC,72,1
N26-063-02970-GRIS,60,1
N26-063-02970-GRIS,63,1
N26-013-02971-CUID,1,1
N26-013-02971-CUID,2,1
N26-013-02971-CUID,13,1
N26-005-02972-MASS,1,1
N26-005-02972-MASS,2,1
N26-005-02972-MASS,5,1
N26-011-02973-CAXX,1,1
N26-011-02973-CAXX,4,1
N26-011-02973-CAXX,11,1
N26-005-02974-LEVI,1,1
N26-005-02974-LEVI,2,1
N26-005-02974-LEVI,5,1
N26-005-02974-LEVI,96,1
N26-005-02974-LEVI,98,1
N26-007-02975-HMXX,1,1
N26-007-02975-HMXX,3,1
N26-007-02975-HMXX,7,1
N26-018-02976-UNDE,1,1
N26-018-02976-UNDE,4,1
N26-018-02976-UNDE,18,1
N26-033-02977-PUMA,28,1
N26-033-02977-PUMA,33,1
N26-092-02978-GONH,89,1
N26-092-02978-GONH,92,1
N26-092-02978-GONH,96,1
N26-092-02978-GONH,99,1
N26-044-02979-SAMS,36,1
N26-044-02979-SAMS,38,1
N26-044-02979-SAMS,44,1
N26-044-02979-SAMS,96,1
N26-044-02979-SAMS,97,1
N26-010-02980-HMXX,1,1
N26-010-02980-HMXX,4,1
N26-010-02980-HMXX,10,1
N26-042-02981-VORA,36,1
N26-042-02981-VORA,37,1
N26-042-02981-VORA,42,1
N26-031-02982-FOSS,28,1
N26-031-02982-FOSS,31,1
N26-017-02983-CUID,1,1
N26-017-02983-CUID,4,1
N26-017-02983-CUID,17,1
N26-095-02984-NUPE,93,1
N26-095-02984-NUPE,95,1
N26-087-02985-PEAR,84,1
N26-087-02985-PEAR,85,1
N26-087-02985-PEAR,87,1
N26-034-02986-DOCK,28,1
N26-034-02986-DOCK,34,1
N26-024-02987-CLAR,19,1
N26-024-02987-CLAR,20,1
N26-024-02987-CLAR,24,1
N26-064-02988-VERS,60,1
N26-064-02988-VERS,64,1
N26-087-02989-PORR,84,1
N26-087-02989-PORR,85,1
N26-087-02989-PORR,87,1
N26-087-02989-PORR,96,1
N26-087-02989-PORR,98,1
N26-010-02990-CHAR,1,1
N26-010-02990-CHAR,4,1
N26-010-02990-CHAR,10,1
N26-009-02991-HMXX,1,1
N26-009-02991-HMXX,4,1
N26-009-02991-HMXX,9,1
N26-064-02992-CALV,60,1
N26-064-02992-CALV,64,1
N26-090-02993-ARMO,89,1
N26-090-02993-ARMO,90,1
N26-090-02993-ARMO,96,1
N26-090-02993-ARMO,99,1
N26-042-02994-ASUS,36,1
N26-042-02994-ASUS,37,1
N26-042-02994-ASUS,42,1
N26-081-02995-XBOX,77,1
N26-081-02995-XBOX,80,1
N26-081-02995-XBOX,81,1
N26-029-02996-HERS,28,1
N26-029-02996-HERS,29,1
N26-006-02997-CUID,1,1
N26-006-02997-CUID,2,1
N26-006-02997-CUID,6,1
N26-013-02998-CUID,1,1
N26-013-02998-CUID,2,1
N26-013-02998-CUID,13,1
N26-009-02999-BABY,1,1
N26-009-02999-BABY,4,1
N26-009-02999-BABY,9,1
N26-045-03000-SPIG,36,1
N26-045-03000-SPIG,38,1
N26-045-03000-SPIG,45,1
N26-029-03001-PINE,28,1
N26-029-03001-PINE,29,1
N26-005-03002-CUID,1,1
N26-005-03002-CUID,2,1
N26-005-03002-CUID,5,1
N26-005-03002-CUID,96,1
N26-005-03002-CUID,99,1
N26-012-03003-CUID,1,1
N26-012-03003-CUID,4,1
N26-012-03003-CUID,12,1
N26-056-03004-KOBL,49,1
N26-056-03004-KOBL,51,1
N26-056-03004-KOBL,56,1
N26-092-03005-GONH,89,1
N26-092-03005-GONH,92,1
N26-092-03005-GONH,96,1
N26-092-03005-GONH,100,1
N26-050-03006-KITC,49,1
N26-050-03006-KITC,50,1
N26-035-03007-PINE,28,1
N26-035-03007-PINE,35,1
N26-027-03008-HAVA,19,1
N26-027-03008-HAVA,22,1
N26-027-03008-HAVA,27,1
N26-030-03009-SWAR,28,1
N26-030-03009-SWAR,30,1
N26-013-03010-ADID,1,1
N26-013-03010-ADID,2,1
N26-013-03010-ADID,13,1
N26-065-03011-BISS,60,1
N26-065-03011-BISS,61,1
N26-065-03011-BISS,65,1
N26-031-03012-HUAW,28,1
N26-031-03012-HUAW,31,1
N26-065-03013-BISS,60,1
N26-065-03013-BISS,61,1
N26-065-03013-BISS,65,1
N26-050-03014-EKCO,49,1
N26-050-03014-EKCO,50,1
N26-050-03014-EKCO,96,1
N26-050-03014-EKCO,99,1
N26-071-03015-CHAR,69,1
N26-071-03015-CHAR,71,1
N26-030-03016-SWAR,28,1
N26-030-03016-SWAR,30,1
N26-057-03017-IKEA,49,1
N26-057-03017-IKEA,52,1
N26-057-03017-IKEA,57,1
N26-057-03017-IKEA,96,1
N26-057-03017-IKEA,97,1
N26-081-03018-NINT,77,1
N26-081-03018-NINT,80,1
N26-081-03018-NINT,81,1
N26-007-03019-MASS,1,1
N26-007-03019-MASS,3,1
N26-007-03019-MASS,7,1
N26-075-03020-ADID,69,1
N26-075-03020-ADID,70,1
N26-075-03020-ADID,75,1
N26-075-03021-MAND,69,1
N26-075-03021-MAND,70,1
N26-075-03021-MAND,75,1
N26-027-03022-CROC,19,1
N26-027-03022-CROC,22,1
N26-027-03022-CROC,27,1
N26-050-03023-VASC,49,1
N26-050-03023-VASC,50,1
N26-059-03024-IKEA,49,1
N26-059-03024-IKEA,54,1
N26-059-03024-IKEA,59,1
N26-031-03025-HUAW,28,1
N26-031-03025-HUAW,31,1
N26-055-03026-OSTE,49,1
N26-055-03026-OSTE,51,1
N26-055-03026-OSTE,55,1
N26-090-03027-MICH,89,1
N26-090-03027-MICH,90,1
N26-094-03028-NUPE,93,1
N26-094-03028-NUPE,94,1
N26-094-03028-NUPE,96,1
N26-094-03028-NUPE,99,1
N26-094-03029-PURI,93,1
N26-094-03029-PURI,94,1
N26-094-03029-PURI,96,1
N26-094-03029-PURI,100,1
N26-081-03030-XBOX,77,1
N26-081-03030-XBOX,80,1
N26-081-03030-XBOX,81,1
N26-074-03031-BOWF,69,1
N26-074-03031-BOWF,70,1
N26-074-03031-BOWF,74,1
N26-074-03031-BOWF,96,1
N26-074-03031-BOWF,100,1
N26-029-03032-KIPL,28,1
N26-029-03032-KIPL,29,1
N26-030-03033-THOM,28,1
N26-030-03033-THOM,30,1
N26-027-03034-CART,19,1
N26-027-03034-CART,22,1
N26-027-03034-CART,27,1
N26-056-03035-DELO,49,1
N26-056-03035-DELO,51,1
N26-056-03035-DELO,56,1
N26-029-03036-ADID,28,1
N26-029-03036-ADID,29,1
N26-029-03036-ADID,96,1
N26-029-03036-ADID,100,1
N26-029-03037-HERS,28,1
N26-029-03037-HERS,29,1
N26-068-03038-GRIS,60,1
N26-068-03038-GRIS,62,1
N26-068-03038-GRIS,68,1
N26-025-03039-NINE,19,1
N26-025-03039-NINE,21,1
N26-025-03039-NINE,25,1
N26-025-03039-NINE,96,1
N26-025-03039-NINE,99,1
N26-033-03040-PUMA,28,1
N26-033-03040-PUMA,33,1
N26-033-03040-PUMA,96,1
N26-033-03040-PUMA,100,1
N26-035-03041-SAMS,28,1
N26-035-03041-SAMS,35,1
N26-074-03042-DECA,69,1
N26-074-03042-DECA,70,1
N26-074-03042-DECA,74,1
N26-074-03042-DECA,96,1
N26-074-03042-DECA,100,1
N26-026-03043-FLEX,19,1
N26-026-03043-FLEX,21,1
N26-026-03043-FLEX,26,1
N26-079-03044-DIST,77,1
N26-079-03044-DIST,79,1
N26-079-03044-DIST,96,1
N26-079-03044-DIST,97,1
N26-025-03045-NINE,19,1
N26-025-03045-NINE,21,1
N26-025-03045-NINE,25,1
N26-025-03045-NINE,96,1
N26-025-03045-NINE,98,1
N26-033-03046-ADID,28,1
N26-033-03046-ADID,33,1
N26-095-03047-ROYA,93,1
N26-095-03047-ROYA,95,1
N26-048-03048-PHIL,36,1
N26-048-03048-PHIL,40,1
N26-048-03048-PHIL,48,1
N26-074-03049-VOIT,69,1
N26-074-03049-VOIT,70,1
N26-074-03049-VOIT,74,1
N26-074-03049-VOIT,96,1
N26-074-03049-VOIT,98,1
N26-092-03050-GATE,89,1
N26-092-03050-GATE,92,1
N26-044-03051-MOTO,36,1
N26-044-03051-MOTO,38,1
N26-044-03051-MOTO,44,1
N26-044-03051-MOTO,96,1
N26-044-03051-MOTO,100,1
N26-015-03052-HMXX,1,1
N26-015-03052-HMXX,3,1
N26-015-03052-HMXX,15,1
N26-056-03053-KOBL,49,1
N26-056-03053-KOBL,51,1
N26-056-03053-KOBL,56,1
N26-072-03054-CHAR,69,1
N26-072-03054-CHAR,72,1
N26-068-03055-GRIS,60,1
N26-068-03055-GRIS,62,1
N26-068-03055-GRIS,68,1
N26-007-03056-CUID,1,1
N26-007-03056-CUID,3,1
N26-007-03056-CUID,7,1
N26-007-03056-CUID,96,1
N26-007-03056-CUID,97,1
N26-081-03057-XBOX,77,1
N26-081-03057-XBOX,80,1
N26-081-03057-XBOX,81,1
N26-066-03058-LORA,60,1
N26-066-03058-LORA,61,1
N26-066-03058-LORA,66,1
N26-079-03059-HASB,77,1
N26-079-03059-HASB,79,1
N26-005-03060-DOCK,1,1
N26-005-03060-DOCK,2,1
N26-005-03060-DOCK,5,1
N26-018-03061-NIKE,1,1
N26-018-03061-NIKE,4,1
N26-018-03061-NIKE,18,1
N26-018-03061-NIKE,96,1
N26-018-03061-NIKE,97,1
N26-031-03062-FOSS,28,1
N26-031-03062-FOSS,31,1
N26-045-03063-ESRX,36,1
N26-045-03063-ESRX,38,1
N26-045-03063-ESRX,45,1
N26-024-03064-FLEX,19,1
N26-024-03064-FLEX,20,1
N26-024-03064-FLEX,24,1
N26-088-03065-SCRI,84,1
N26-088-03065-SCRI,86,1
N26-088-03065-SCRI,88,1
N26-092-03066-MONR,89,1
N26-092-03066-MONR,92,1
N26-092-03066-MONR,96,1
N26-092-03066-MONR,98,1
N26-013-03067-CUID,1,1
N26-013-03067-CUID,2,1
N26-013-03067-CUID,13,1
N26-013-03067-CUID,96,1
N26-013-03067-CUID,97,1
N26-088-03068-BARR,84,1
N26-088-03068-BARR,86,1
N26-088-03068-BARR,88,1
N26-088-03068-BARR,96,1
N26-088-03068-BARR,100,1
N26-010-03069-CART,1,1
N26-010-03069-CART,4,1
N26-010-03069-CART,10,1
N26-094-03070-GANA,93,1
N26-094-03070-GANA,94,1
N26-032-03071-HAWK,28,1
N26-032-03071-HAWK,32,1
N26-031-03072-FOSS,28,1
N26-031-03072-FOSS,31,1
N26-031-03072-FOSS,96,1
N26-031-03072-FOSS,99,1
N26-013-03073-NIKE,1,1
N26-013-03073-NIKE,2,1
N26-013-03073-NIKE,13,1
N26-034-03074-DOCK,28,1
N26-034-03074-DOCK,34,1
N26-012-03075-HMXX,1,1
N26-012-03075-HMXX,4,1
N26-012-03075-HMXX,12,1
N26-013-03076-LEVI,1,1
N26-013-03076-LEVI,2,1
N26-013-03076-LEVI,13,1
N26-091-03077-MEGU,89,1
N26-091-03077-MEGU,91,1
N26-016-03078-CAXX,1,1
N26-016-03078-CAXX,3,1
N26-016-03078-CAXX,16,1
N26-035-03079-PINE,28,1
N26-035-03079-PINE,35,1
N26-064-03080-CALV,60,1
N26-064-03080-CALV,64,1
N26-027-03081-HAVA,19,1
N26-027-03081-HAVA,22,1
N26-027-03081-HAVA,27,1
N26-042-03082-VORA,36,1
N26-042-03082-VORA,37,1
N26-042-03082-VORA,42,1
N26-056-03083-OSTE,49,1
N26-056-03083-OSTE,51,1
N26-056-03083-OSTE,56,1
N26-075-03084-ADID,69,1
N26-075-03084-ADID,70,1
N26-075-03084-ADID,75,1
N26-044-03085-LANI,36,1
N26-044-03085-LANI,38,1
N26-044-03085-LANI,44,1
N26-090-03086-BOSC,89,1
N26-090-03086-BOSC,90,1
N26-025-03087-STEV,19,1
N26-025-03087-STEV,21,1
N26-025-03087-STEV,25,1
N26-074-03088-CAPB,69,1
N26-074-03088-CAPB,70,1
N26-074-03088-CAPB,74,1
N26-018-03089-CHAR,1,1
N26-018-03089-CHAR,4,1
N26-018-03089-CHAR,18,1
N26-018-03089-CHAR,96,1
N26-018-03089-CHAR,97,1
N26-083-03090-ASMO,77,1
N26-083-03090-ASMO,83,1
N26-014-03091-ZARA,1,1
N26-014-03091-ZARA,2,1
N26-014-03091-ZARA,14,1
N26-014-03091-ZARA,96,1
N26-014-03091-ZARA,99,1
N26-050-03092-VASC,49,1
N26-050-03092-VASC,50,1
N26-012-03093-PULL,1,1
N26-012-03093-PULL,4,1
N26-012-03093-PULL,12,1
N26-012-03093-PULL,96,1
N26-012-03093-PULL,100,1
N26-066-03094-LORA,60,1
N26-066-03094-LORA,61,1
N26-066-03094-LORA,66,1
N26-041-03095-LENO,36,1
N26-041-03095-LENO,37,1
N26-041-03095-LENO,41,1
N26-071-03096-ADID,69,1
N26-071-03096-ADID,71,1
N26-010-03097-CART,1,1
N26-010-03097-CART,4,1
N26-010-03097-CART,10,1
N26-071-03098-PUMA,69,1
N26-071-03098-PUMA,71,1
N26-050-03099-KITC,49,1
N26-050-03099-KITC,50,1
N26-050-03100-TRAM,49,1
N26-050-03100-TRAM,50,1
N26-018-03101-NIKE,1,1
N26-018-03101-NIKE,4,1
N26-018-03101-NIKE,18,1
N26-034-03102-TOMM,28,1
N26-034-03102-TOMM,34,1
N26-048-03103-HISE,36,1
N26-048-03103-HISE,40,1
N26-048-03103-HISE,48,1
N26-056-03104-HAMI,49,1
N26-056-03104-HAMI,51,1
N26-056-03104-HAMI,56,1
N26-056-03104-HAMI,96,1
N26-056-03104-HAMI,99,1
N26-050-03105-PYRE,49,1
N26-050-03105-PYRE,50,1
N26-034-03106-DOCK,28,1
N26-034-03106-DOCK,34,1
N26-034-03106-DOCK,96,1
N26-034-03106-DOCK,99,1
N26-059-03107-LUUN,49,1
N26-059-03107-LUUN,54,1
N26-059-03107-LUUN,59,1
N26-014-03108-WRAN,1,1
N26-014-03108-WRAN,2,1
N26-014-03108-WRAN,14,1
N26-076-03109-THEN,69,1
N26-076-03109-THEN,76,1
N26-010-03110-HMXX,1,1
N26-010-03110-HMXX,4,1
N26-010-03110-HMXX,10,1
N26-059-03111-LUUN,49,1
N26-059-03111-LUUN,54,1
N26-059-03111-LUUN,59,1
N26-059-03111-LUUN,96,1
N26-059-03111-LUUN,99,1
N26-047-03112-STER,36,1
N26-047-03112-STER,39,1
N26-047-03112-STER,47,1
N26-091-03113-TURT,89,1
N26-091-03113-TURT,91,1
N26-075-03114-ADID,69,1
N26-075-03114-ADID,70,1
N26-075-03114-ADID,75,1
N26-007-03115-CUID,1,1
N26-007-03115-CUID,3,1
N26-007-03115-CUID,7,1
N26-024-03116-FLEX,19,1
N26-024-03116-FLEX,20,1
N26-024-03116-FLEX,24,1
N26-056-03117-KOBL,49,1
N26-056-03117-KOBL,51,1
N26-056-03117-KOBL,56,1
N26-056-03117-KOBL,96,1
N26-056-03117-KOBL,99,1
N26-025-03118-FLEX,19,1
N26-025-03118-FLEX,21,1
N26-025-03118-FLEX,25,1
N26-067-03119-NEUT,60,1
N26-067-03119-NEUT,62,1
N26-067-03119-NEUT,67,1
N26-023-03120-NIKE,19,1
N26-023-03120-NIKE,20,1
N26-023-03120-NIKE,23,1
N26-066-03121-BISS,60,1
N26-066-03121-BISS,61,1
N26-066-03121-BISS,66,1
N26-066-03121-BISS,96,1
N26-066-03121-BISS,98,1
N26-044-03122-MOTO,36,1
N26-044-03122-MOTO,38,1
N26-044-03122-MOTO,44,1
N26-073-03123-TREK,69,1
N26-073-03123-TREK,73,1
N26-082-03124-STER,77,1
N26-082-03124-STER,80,1
N26-082-03124-STER,82,1
N26-076-03125-OZAR,69,1
N26-076-03125-OZAR,76,1
N26-073-03126-SPEC,69,1
N26-073-03126-SPEC,73,1
N26-095-03127-WHIS,93,1
N26-095-03127-WHIS,95,1
N26-095-03127-WHIS,96,1
N26-095-03127-WHIS,97,1
N26-079-03128-FUNK,77,1
N26-079-03128-FUNK,79,1
N26-005-03129-CUID,1,1
N26-005-03129-CUID,2,1
N26-005-03129-CUID,5,1
N26-008-03130-CUID,1,1
N26-008-03130-CUID,3,1
N26-008-03130-CUID,8,1
N26-072-03131-NEWB,69,1
N26-072-03131-NEWB,72,1
N26-047-03132-JBLX,36,1
N26-047-03132-JBLX,39,1
N26-047-03132-JBLX,47,1
N26-082-03133-STER,77,1
N26-082-03133-STER,80,1
N26-082-03133-STER,82,1
N26-083-03134-HASB,77,1
N26-083-03134-HASB,83,1
N26-083-03134-HASB,96,1
N26-083-03134-HASB,97,1
N26-048-03135-TCLX,36,1
N26-048-03135-TCLX,40,1
N26-048-03135-TCLX,48,1
N26-048-03135-TCLX,96,1
N26-048-03135-TCLX,99,1
N26-071-03136-PIRM,69,1
N26-071-03136-PIRM,71,1
N26-063-03137-GRIS,60,1
N26-063-03137-GRIS,63,1
N26-068-03138-GRIS,60,1
N26-068-03138-GRIS,62,1
N26-068-03138-GRIS,68,1
N26-074-03139-DECA,69,1
N26-074-03139-DECA,70,1
N26-074-03139-DECA,74,1
N26-046-03140-BOSE,36,1
N26-046-03140-BOSE,39,1
N26-046-03140-BOSE,46,1
N26-063-03141-LORA,60,1
N26-063-03141-LORA,63,1
N26-063-03141-LORA,96,1
N26-063-03141-LORA,97,1
N26-023-03142-CHAR,19,1
N26-023-03142-CHAR,20,1
N26-023-03142-CHAR,23,1
N26-042-03143-VORA,36,1
N26-042-03143-VORA,37,1
N26-042-03143-VORA,42,1
N26-046-03144-APPL,36,1
N26-046-03144-APPL,39,1
N26-046-03144-APPL,46,1
N26-050-03145-TRAM,49,1
N26-050-03145-TRAM,50,1
N26-082-03146-XBOX,77,1
N26-082-03146-XBOX,80,1
N26-082-03146-XBOX,82,1
N26-082-03146-XBOX,96,1
N26-082-03146-XBOX,100,1
N26-043-03147-STER,36,1
N26-043-03147-STER,37,1
N26-043-03147-STER,43,1
N26-063-03148-GRIS,60,1
N26-063-03148-GRIS,63,1
N26-042-03149-VORA,36,1
N26-042-03149-VORA,37,1
N26-042-03149-VORA,42,1
N26-034-03150-HUGO,28,1
N26-034-03150-HUGO,34,1
N26-079-03151-FUNK,77,1
N26-079-03151-FUNK,79,1
N26-079-03151-FUNK,96,1
N26-079-03151-FUNK,100,1
N26-071-03152-PIRM,69,1
N26-071-03152-PIRM,71,1
N26-071-03153-PIRM,69,1
N26-071-03153-PIRM,71,1
N26-071-03153-PIRM,96,1
N26-071-03153-PIRM,100,1
N26-072-03154-CHAR,69,1
N26-072-03154-CHAR,72,1
N26-063-03155-GRIS,60,1
N26-063-03155-GRIS,63,1
N26-071-03156-NIKE,69,1
N26-071-03156-NIKE,71,1
N26-073-03157-SPEC,69,1
N26-073-03157-SPEC,73,1
N26-088-03158-SCRI,84,1
N26-088-03158-SCRI,86,1
N26-088-03158-SCRI,88,1
N26-088-03158-SCRI,96,1
N26-088-03158-SCRI,97,1
N26-073-03159-BENO,69,1
N26-073-03159-BENO,73,1
N26-064-03160-PAIP,60,1
N26-064-03160-PAIP,64,1
N26-013-03161-ADID,1,1
N26-013-03161-ADID,2,1
N26-013-03161-ADID,13,1
N26-013-03161-ADID,96,1
N26-013-03161-ADID,97,1
N26-058-03162-PHIL,49,1
N26-058-03162-PHIL,53,1
N26-058-03162-PHIL,58,1
N26-058-03162-PHIL,96,1
N26-058-03162-PHIL,98,1
N26-048-03163-SAMS,36,1
N26-048-03163-SAMS,40,1
N26-048-03163-SAMS,48,1
N26-034-03164-HUGO,28,1
N26-034-03164-HUGO,34,1
N26-041-03165-LANI,36,1
N26-041-03165-LANI,37,1
N26-041-03165-LANI,41,1
N26-030-03166-PINE,28,1
N26-030-03166-PINE,30,1
N26-025-03167-ZARA,19,1
N26-025-03167-ZARA,21,1
N26-025-03167-ZARA,25,1
N26-042-03168-VORA,36,1
N26-042-03168-VORA,37,1
N26-042-03168-VORA,42,1
N26-042-03168-VORA,96,1
N26-042-03168-VORA,98,1
N26-018-03169-ADID,1,1
N26-018-03169-ADID,4,1
N26-018-03169-ADID,18,1
N26-068-03170-ISDI,60,1
N26-068-03170-ISDI,62,1
N26-068-03170-ISDI,68,1
N26-068-03170-ISDI,96,1
N26-068-03170-ISDI,99,1
N26-088-03171-SCRI,84,1
N26-088-03171-SCRI,86,1
N26-088-03171-SCRI,88,1
N26-030-03172-PAND,28,1
N26-030-03172-PAND,30,1
N26-087-03173-TRIL,84,1
N26-087-03173-TRIL,85,1
N26-087-03173-TRIL,87,1
N26-030-03174-TOUS,28,1
N26-030-03174-TOUS,30,1
N26-030-03174-TOUS,96,1
N26-030-03174-TOUS,97,1
N26-078-03175-MIAL,77,1
N26-078-03175-MIAL,78,1
N26-091-03176-MIKE,89,1
N26-091-03176-MIKE,91,1
N26-091-03177-ARMO,89,1
N26-091-03177-ARMO,91,1
N26-027-03178-ADID,19,1
N26-027-03178-ADID,22,1
N26-027-03178-ADID,27,1
N26-027-03178-ADID,96,1
N26-027-03178-ADID,100,1
N26-043-03179-VORA,36,1
N26-043-03179-VORA,37,1
N26-043-03179-VORA,43,1
N26-073-03180-BENO,69,1
N26-073-03180-BENO,73,1
N26-092-03181-GONH,89,1
N26-092-03181-GONH,92,1
N26-072-03182-NEWB,69,1
N26-072-03182-NEWB,72,1
N26-005-03183-LEVI,1,1
N26-005-03183-LEVI,2,1
N26-005-03183-LEVI,5,1
N26-011-03184-CHAR,1,1
N26-011-03184-CHAR,4,1
N26-011-03184-CHAR,11,1
N26-094-03185-ROYA,93,1
N26-094-03185-ROYA,94,1
N26-027-03186-ADID,19,1
N26-027-03186-ADID,22,1
N26-027-03186-ADID,27,1
N26-027-03186-ADID,96,1
N26-027-03186-ADID,100,1
N26-073-03187-TREK,69,1
N26-073-03187-TREK,73,1
N26-063-03188-GRIS,60,1
N26-063-03188-GRIS,63,1
N26-024-03189-FLEX,19,1
N26-024-03189-FLEX,20,1
N26-024-03189-FLEX,24,1
N26-075-03190-GAIA,69,1
N26-075-03190-GAIA,70,1
N26-075-03190-GAIA,75,1
N26-015-03191-MANG,1,1
N26-015-03191-MANG,3,1
N26-015-03191-MANG,15,1
N26-042-03192-VORA,36,1
N26-042-03192-VORA,37,1
N26-042-03192-VORA,42,1
N26-042-03192-VORA,96,1
N26-042-03192-VORA,100,1
N26-017-03193-ADID,1,1
N26-017-03193-ADID,4,1
N26-017-03193-ADID,17,1
N26-014-03194-LEVI,1,1
N26-014-03194-LEVI,2,1
N26-014-03194-LEVI,14,1
N26-014-03194-LEVI,96,1
N26-014-03194-LEVI,97,1
N26-012-03195-BERS,1,1
N26-012-03195-BERS,4,1
N26-012-03195-BERS,12,1
N26-027-03196-NIKE,19,1
N26-027-03196-NIKE,22,1
N26-027-03196-NIKE,27,1
N26-059-03197-LUUN,49,1
N26-059-03197-LUUN,54,1
N26-059-03197-LUUN,59,1
N26-018-03198-ADID,1,1
N26-018-03198-ADID,4,1
N26-018-03198-ADID,18,1
N26-094-03199-ROYA,93,1
N26-094-03199-ROYA,94,1
N26-067-03200-NEUT,60,1
N26-067-03200-NEUT,62,1
N26-067-03200-NEUT,67,1
N26-091-03201-MEGU,89,1
N26-091-03201-MEGU,91,1
N26-071-03202-PIRM,69,1
N26-071-03202-PIRM,71,1
N26-030-03203-THOM,28,1
N26-030-03203-THOM,30,1
N26-072-03204-NIKE,69,1
N26-072-03204-NIKE,72,1
N26-072-03204-NIKE,96,1
N26-072-03204-NIKE,99,1
N26-030-03205-PAND,28,1
N26-030-03205-PAND,30,1
N26-015-03206-ZARA,1,1
N26-015-03206-ZARA,3,1
N26-015-03206-ZARA,15,1
N26-032-03207-RAYB,28,1
N26-032-03207-RAYB,32,1
N26-067-03208-GRIS,60,1
N26-067-03208-GRIS,62,1
N26-067-03208-GRIS,67,1
N26-048-03209-LGXX,36,1
N26-048-03209-LGXX,40,1
N26-048-03209-LGXX,48,1
N26-056-03210-KOBL,49,1
N26-056-03210-KOBL,51,1
N26-056-03210-KOBL,56,1
N26-007-03211-CUID,1,1
N26-007-03211-CUID,3,1
N26-007-03211-CUID,7,1
N26-007-03211-CUID,96,1
N26-007-03211-CUID,98,1
N26-048-03212-PHIL,36,1
N26-048-03212-PHIL,40,1
N26-048-03212-PHIL,48,1
N26-024-03213-ROCK,19,1
N26-024-03213-ROCK,20,1
N26-024-03213-ROCK,24,1
N26-024-03213-ROCK,96,1
N26-024-03213-ROCK,99,1
N26-083-03214-HASB,77,1
N26-083-03214-HASB,83,1
N26-015-03215-MANG,1,1
N26-015-03215-MANG,3,1
N26-015-03215-MANG,15,1
N26-012-03216-CUID,1,1
N26-012-03216-CUID,4,1
N26-012-03216-CUID,12,1
N26-063-03217-GRIS,60,1
N26-063-03217-GRIS,63,1
N26-048-03218-TCLX,36,1
N26-048-03218-TCLX,40,1
N26-048-03218-TCLX,48,1
N26-006-03219-HMXX,1,1
N26-006-03219-HMXX,2,1
N26-006-03219-HMXX,6,1
N26-012-03220-HMXX,1,1
N26-012-03220-HMXX,4,1
N26-012-03220-HMXX,12,1
N26-079-03221-DIST,77,1
N26-079-03221-DIST,79,1
N26-065-03222-MAYB,60,1
N26-065-03222-MAYB,61,1
N26-065-03222-MAYB,65,1
N26-065-03222-MAYB,96,1
N26-065-03222-MAYB,100,1
N26-058-03223-STER,49,1
N26-058-03223-STER,53,1
N26-058-03223-STER,58,1
N26-073-03224-BENO,69,1
N26-073-03224-BENO,73,1
N26-073-03224-BENO,96,1
N26-073-03224-BENO,97,1
N26-063-03225-GARN,60,1
N26-063-03225-GARN,63,1
N26-009-03226-BABY,1,1
N26-009-03226-BABY,4,1
N26-009-03226-BABY,9,1
N26-009-03226-BABY,96,1
N26-009-03226-BABY,98,1
N26-076-03227-THEN,69,1
N26-076-03227-THEN,76,1
N26-076-03228-THEN,69,1
N26-076-03228-THEN,76,1
N26-076-03228-THEN,96,1
N26-076-03228-THEN,99,1
N26-042-03229-VORA,36,1
N26-042-03229-VORA,37,1
N26-042-03229-VORA,42,1
N26-042-03229-VORA,96,1
N26-042-03229-VORA,99,1
N26-031-03230-SEIK,28,1
N26-031-03230-SEIK,31,1
N26-083-03231-HASB,77,1
N26-083-03231-HASB,83,1
N26-083-03231-HASB,96,1
N26-083-03231-HASB,100,1
N26-065-03232-MAYB,60,1
N26-065-03232-MAYB,61,1
N26-065-03232-MAYB,65,1
N26-065-03232-MAYB,96,1
N26-065-03232-MAYB,98,1
N26-073-03233-BENO,69,1
N26-073-03233-BENO,73,1
N26-063-03234-GRIS,60,1
N26-063-03234-GRIS,63,1
N26-083-03235-HASB,77,1
N26-083-03235-HASB,83,1
N26-009-03236-HMXX,1,1
N26-009-03236-HMXX,4,1
N26-009-03236-HMXX,9,1
N26-059-03237-SPRI,49,1
N26-059-03237-SPRI,54,1
N26-059-03237-SPRI,59,1
N26-033-03238-PUMA,28,1
N26-033-03238-PUMA,33,1
N26-008-03239-HMXX,1,1
N26-008-03239-HMXX,3,1
N26-008-03239-HMXX,8,1
N26-071-03240-ADID,69,1
N26-071-03240-ADID,71,1
N26-071-03240-ADID,96,1
N26-071-03240-ADID,98,1
N26-074-03241-DECA,69,1
N26-074-03241-DECA,70,1
N26-074-03241-DECA,74,1
N26-034-03242-HUGO,28,1
N26-034-03242-HUGO,34,1
N26-032-03243-POLA,28,1
N26-032-03243-POLA,32,1
N26-078-03244-MIAL,77,1
N26-078-03244-MIAL,78,1
N26-071-03245-CHAR,69,1
N26-071-03245-CHAR,71,1
N26-042-03246-VORA,36,1
N26-042-03246-VORA,37,1
N26-042-03246-VORA,42,1
N26-043-03247-PERF,36,1
N26-043-03247-PERF,37,1
N26-043-03247-PERF,43,1
N26-016-03248-MANG,1,1
N26-016-03248-MANG,3,1
N26-016-03248-MANG,16,1
N26-018-03249-ADID,1,1
N26-018-03249-ADID,4,1
N26-018-03249-ADID,18,1
N26-079-03250-LEGO,77,1
N26-079-03250-LEGO,79,1
N26-030-03251-PINE,28,1
N26-030-03251-PINE,30,1
N26-030-03251-PINE,96,1
N26-030-03251-PINE,100,1
N26-068-03252-GRIS,60,1
N26-068-03252-GRIS,62,1
N26-068-03252-GRIS,68,1
N26-071-03253-ADID,69,1
N26-071-03253-ADID,71,1
N26-071-03253-ADID,96,1
N26-071-03253-ADID,100,1
N26-026-03254-FLEX,19,1
N26-026-03254-FLEX,21,1
N26-026-03254-FLEX,26,1
N26-007-03255-HMXX,1,1
N26-007-03255-HMXX,3,1
N26-007-03255-HMXX,7,1
N26-009-03256-HMXX,1,1
N26-009-03256-HMXX,4,1
N26-009-03256-HMXX,9,1
N26-050-03257-EKCO,49,1
N26-050-03257-EKCO,50,1
N26-027-03258-CART,19,1
N26-027-03258-CART,22,1
N26-027-03258-CART,27,1
N26-065-03259-PAIP,60,1
N26-065-03259-PAIP,61,1
N26-065-03259-PAIP,65,1
N26-047-03260-BOSE,36,1
N26-047-03260-BOSE,39,1
N26-047-03260-BOSE,47,1
N26-087-03261-OREI,84,1
N26-087-03261-OREI,85,1
N26-087-03261-OREI,87,1
N26-027-03262-CART,19,1
N26-027-03262-CART,22,1
N26-027-03262-CART,27,1
N26-046-03263-SAMS,36,1
N26-046-03263-SAMS,39,1
N26-046-03263-SAMS,46,1
N26-073-03264-BENO,69,1
N26-073-03264-BENO,73,1
N26-073-03264-BENO,96,1
N26-073-03264-BENO,98,1
N26-046-03265-STER,36,1
N26-046-03265-STER,39,1
N26-046-03265-STER,46,1
N26-046-03265-STER,96,1
N26-046-03265-STER,99,1
N26-095-03266-NUPE,93,1
N26-095-03266-NUPE,95,1
N26-026-03267-FLEX,19,1
N26-026-03267-FLEX,21,1
N26-026-03267-FLEX,26,1
N26-006-03268-ZARA,1,1
N26-006-03268-ZARA,2,1
N26-006-03268-ZARA,6,1
N26-006-03268-ZARA,96,1
N26-006-03268-ZARA,99,1
N26-023-03269-ADID,19,1
N26-023-03269-ADID,20,1
N26-023-03269-ADID,23,1
N26-005-03270-CUID,1,1
N26-005-03270-CUID,2,1
N26-005-03270-CUID,5,1
N26-005-03270-CUID,96,1
N26-005-03270-CUID,98,1
N26-016-03271-CAXX,1,1
N26-016-03271-CAXX,3,1
N26-016-03271-CAXX,16,1
N26-014-03272-DOCK,1,1
N26-014-03272-DOCK,2,1
N26-014-03272-DOCK,14,1
N26-068-03273-NIVE,60,1
N26-068-03273-NIVE,62,1
N26-068-03273-NIVE,68,1
N26-011-03274-HMXX,1,1
N26-011-03274-HMXX,4,1
N26-011-03274-HMXX,11,1
N26-079-03275-DIST,77,1
N26-079-03275-DIST,79,1
N26-018-03276-CHAR,1,1
N26-018-03276-CHAR,4,1
N26-018-03276-CHAR,18,1
N26-014-03277-CUID,1,1
N26-014-03277-CUID,2,1
N26-014-03277-CUID,14,1
N26-030-03278-PINE,28,1
N26-030-03278-PINE,30,1
N26-030-03278-PINE,96,1
N26-030-03278-PINE,99,1
N26-031-03279-CASI,28,1
N26-031-03279-CASI,31,1
N26-027-03280-CROC,19,1
N26-027-03280-CROC,22,1
N26-027-03280-CROC,27,1
N26-087-03281-MCGR,84,1
N26-087-03281-MCGR,85,1
N26-087-03281-MCGR,87,1
N26-042-03282-VORA,36,1
N26-042-03282-VORA,37,1
N26-042-03282-VORA,42,1
N26-066-03283-MACX,60,1
N26-066-03283-MACX,61,1
N26-066-03283-MACX,66,1
N26-066-03283-MACX,96,1
N26-066-03283-MACX,98,1
N26-078-03284-MIAL,77,1
N26-078-03284-MIAL,78,1
N26-056-03285-KOBL,49,1
N26-056-03285-KOBL,51,1
N26-056-03285-KOBL,56,1
N26-057-03286-GAIA,49,1
N26-057-03286-GAIA,52,1
N26-057-03286-GAIA,57,1
N26-033-03287-ADID,28,1
N26-033-03287-ADID,33,1
N26-007-03288-CUID,1,1
N26-007-03288-CUID,3,1
N26-007-03288-CUID,7,1
N26-079-03289-DIST,77,1
N26-079-03289-DIST,79,1
N26-034-03290-HUGO,28,1
N26-034-03290-HUGO,34,1
N26-016-03291-CAXX,1,1
N26-016-03291-CAXX,3,1
N26-016-03291-CAXX,16,1
N26-009-03292-HMXX,1,1
N26-009-03292-HMXX,4,1
N26-009-03292-HMXX,9,1
N26-013-03293-HMXX,1,1
N26-013-03293-HMXX,2,1
N26-013-03293-HMXX,13,1
N26-013-03293-HMXX,96,1
N26-013-03293-HMXX,100,1
N26-047-03294-STER,36,1
N26-047-03294-STER,39,1
N26-047-03294-STER,47,1
N26-063-03295-GRIS,60,1
N26-063-03295-GRIS,63,1
N26-063-03296-GRIS,60,1
N26-063-03296-GRIS,63,1
N26-026-03297-CATE,19,1
N26-026-03297-CATE,21,1
N26-026-03297-CATE,26,1
N26-066-03298-BISS,60,1
N26-066-03298-BISS,61,1
N26-066-03298-BISS,66,1
N26-074-03299-VOIT,69,1
N26-074-03299-VOIT,70,1
N26-074-03299-VOIT,74,1
N26-074-03299-VOIT,96,1
N26-074-03299-VOIT,98,1
N26-045-03300-STER,36,1
N26-045-03300-STER,38,1
N26-045-03300-STER,45,1
N26-075-03301-MAND,69,1
N26-075-03301-MAND,70,1
N26-075-03301-MAND,75,1
N26-042-03302-CRUC,36,1
N26-042-03302-CRUC,37,1
N26-042-03302-CRUC,42,1
N26-029-03303-PINE,28,1
N26-029-03303-PINE,29,1
N26-029-03303-PINE,96,1
N26-029-03303-PINE,97,1
N26-041-03304-LENO,36,1
N26-041-03304-LENO,37,1
N26-041-03304-LENO,41,1
N26-082-03305-STER,77,1
N26-082-03305-STER,80,1
N26-082-03305-STER,82,1
N26-031-03306-HUAW,28,1
N26-031-03306-HUAW,31,1
N26-092-03307-GONH,89,1
N26-092-03307-GONH,92,1
N26-010-03308-CART,1,1
N26-010-03308-CART,4,1
N26-010-03308-CART,10,1
N26-035-03309-PINE,28,1
N26-035-03309-PINE,35,1
N26-012-03310-CUID,1,1
N26-012-03310-CUID,4,1
N26-012-03310-CUID,12,1
N26-026-03311-TIMB,19,1
N26-026-03311-TIMB,21,1
N26-026-03311-TIMB,26,1
N26-029-03312-PINE,28,1
N26-029-03312-PINE,29,1
N26-030-03313-TOUS,28,1
N26-030-03313-TOUS,30,1
N26-005-03314-CUID,1,1
N26-005-03314-CUID,2,1
N26-005-03314-CUID,5,1
N26-066-03315-MACX,60,1
N26-066-03315-MACX,61,1
N26-066-03315-MACX,66,1
N26-048-03316-SONY,36,1
N26-048-03316-SONY,40,1
N26-048-03316-SONY,48,1
N26-090-03317-3MXX,89,1
N26-090-03317-3MXX,90,1
N26-024-03318-FLEX,19,1
N26-024-03318-FLEX,20,1
N26-024-03318-FLEX,24,1
N26-048-03319-PHIL,36,1
N26-048-03319-PHIL,40,1
N26-048-03319-PHIL,48,1
N26-042-03320-VORA,36,1
N26-042-03320-VORA,37,1
N26-042-03320-VORA,42,1
N26-026-03321-TIMB,19,1
N26-026-03321-TIMB,21,1
N26-026-03321-TIMB,26,1
N26-094-03322-NUPE,93,1
N26-094-03322-NUPE,94,1
N26-076-03323-QUEC,69,1
N26-076-03323-QUEC,76,1
N26-027-03324-NIKE,19,1
N26-027-03324-NIKE,22,1
N26-027-03324-NIKE,27,1
N26-018-03325-UNDE,1,1
N26-018-03325-UNDE,4,1
N26-018-03325-UNDE,18,1
N26-088-03326-ZEBR,84,1
N26-088-03326-ZEBR,86,1
N26-088-03326-ZEBR,88,1
N26-087-03327-MCGR,84,1
N26-087-03327-MCGR,85,1
N26-087-03327-MCGR,87,1
N26-055-03328-MABE,49,1
N26-055-03328-MABE,51,1
N26-055-03328-MABE,55,1
N26-035-03329-TOMM,28,1
N26-035-03329-TOMM,35,1
N26-035-03329-TOMM,96,1
N26-035-03329-TOMM,99,1
N26-059-03330-LUUN,49,1
N26-059-03330-LUUN,54,1
N26-059-03330-LUUN,59,1
N26-059-03330-LUUN,96,1
N26-059-03330-LUUN,98,1
N26-059-03331-SPRI,49,1
N26-059-03331-SPRI,54,1
N26-059-03331-SPRI,59,1
N26-035-03332-COAC,28,1
N26-035-03332-COAC,35,1
N26-072-03333-CHAR,69,1
N26-072-03333-CHAR,72,1
N26-094-03334-NUPE,93,1
N26-094-03334-NUPE,94,1
N26-006-03335-PULL,1,1
N26-006-03335-PULL,2,1
N26-006-03335-PULL,6,1
N26-006-03335-PULL,96,1
N26-006-03335-PULL,99,1
N26-056-03336-NESP,49,1
N26-056-03336-NESP,51,1
N26-056-03336-NESP,56,1
N26-073-03337-BENO,69,1
N26-073-03337-BENO,73,1
N26-075-03338-ADID,69,1
N26-075-03338-ADID,70,1
N26-075-03338-ADID,75,1
N26-075-03338-ADID,96,1
N26-075-03338-ADID,97,1
N26-032-03339-POLA,28,1
N26-032-03339-POLA,32,1
N26-032-03339-POLA,96,1
N26-032-03339-POLA,100,1
N26-044-03340-LANI,36,1
N26-044-03340-LANI,38,1
N26-044-03340-LANI,44,1
N26-090-03341-BOSC,89,1
N26-090-03341-BOSC,90,1
N26-047-03342-MARS,36,1
N26-047-03342-MARS,39,1
N26-047-03342-MARS,47,1
N26-013-03343-NIKE,1,1
N26-013-03343-NIKE,2,1
N26-013-03343-NIKE,13,1
N26-057-03344-BOCO,49,1
N26-057-03344-BOCO,52,1
N26-057-03344-BOCO,57,1
N26-076-03345-COLE,69,1
N26-076-03345-COLE,76,1
N26-064-03346-DIOR,60,1
N26-064-03346-DIOR,64,1
N26-073-03347-BENO,69,1
N26-073-03347-BENO,73,1
N26-057-03348-GAIA,49,1
N26-057-03348-GAIA,52,1
N26-057-03348-GAIA,57,1
N26-087-03349-TRIL,84,1
N26-087-03349-TRIL,85,1
N26-087-03349-TRIL,87,1
N26-026-03350-TIMB,19,1
N26-026-03350-TIMB,21,1
N26-026-03350-TIMB,26,1
N26-026-03350-TIMB,96,1
N26-026-03350-TIMB,99,1
N26-035-03351-SAMS,28,1
N26-035-03351-SAMS,35,1
N26-065-03352-PAIP,60,1
N26-065-03352-PAIP,61,1
N26-065-03352-PAIP,65,1
N26-065-03352-PAIP,96,1
N26-065-03352-PAIP,98,1
N26-048-03353-SAMS,36,1
N26-048-03353-SAMS,40,1
N26-048-03353-SAMS,48,1
N26-074-03354-BOWF,69,1
N26-074-03354-BOWF,70,1
N26-074-03354-BOWF,74,1
N26-090-03355-MIKE,89,1
N26-090-03355-MIKE,90,1
N26-008-03356-BERS,1,1
N26-008-03356-BERS,3,1
N26-008-03356-BERS,8,1
N26-008-03356-BERS,96,1
N26-008-03356-BERS,97,1
N26-012-03357-ZARA,1,1
N26-012-03357-ZARA,4,1
N26-012-03357-ZARA,12,1
N26-079-03358-DIST,77,1
N26-079-03358-DIST,79,1
N26-033-03359-UNDE,28,1
N26-033-03359-UNDE,33,1
N26-033-03359-UNDE,96,1
N26-033-03359-UNDE,99,1
N26-055-03360-NINJ,49,1
N26-055-03360-NINJ,51,1
N26-055-03360-NINJ,55,1
N26-042-03361-VORA,36,1
N26-042-03361-VORA,37,1
N26-042-03361-VORA,42,1
N26-042-03361-VORA,96,1
N26-042-03361-VORA,98,1
N26-008-03362-BERS,1,1
N26-008-03362-BERS,3,1
N26-008-03362-BERS,8,1
N26-008-03362-BERS,96,1
N26-008-03362-BERS,98,1
N26-035-03363-SAMS,28,1
N26-035-03363-SAMS,35,1
N26-074-03364-DECA,69,1
N26-074-03364-DECA,70,1
N26-074-03364-DECA,74,1
N26-044-03365-XIAO,36,1
N26-044-03365-XIAO,38,1
N26-044-03365-XIAO,44,1
N26-044-03365-XIAO,96,1
N26-044-03365-XIAO,97,1
N26-082-03366-XBOX,77,1
N26-082-03366-XBOX,80,1
N26-082-03366-XBOX,82,1
N26-043-03367-LOGI,36,1
N26-043-03367-LOGI,37,1
N26-043-03367-LOGI,43,1
N26-059-03368-VIAN,49,1
N26-059-03368-VIAN,54,1
N26-059-03368-VIAN,59,1
N26-065-03369-PAIP,60,1
N26-065-03369-PAIP,61,1
N26-065-03369-PAIP,65,1
N26-092-03370-GATE,89,1
N26-092-03370-GATE,92,1
N26-092-03370-GATE,96,1
N26-092-03370-GATE,100,1
N26-009-03371-HMXX,1,1
N26-009-03371-HMXX,4,1
N26-009-03371-HMXX,9,1
N26-006-03372-BERS,1,1
N26-006-03372-BERS,2,1
N26-006-03372-BERS,6,1
N26-078-03373-LEGO,77,1
N26-078-03373-LEGO,78,1
N26-056-03374-HAMI,49,1
N26-056-03374-HAMI,51,1
N26-056-03374-HAMI,56,1
N26-056-03374-HAMI,96,1
N26-056-03374-HAMI,97,1
N26-016-03375-CAXX,1,1
N26-016-03375-CAXX,3,1
N26-016-03375-CAXX,16,1
N26-071-03376-VOIT,69,1
N26-071-03376-VOIT,71,1
N26-035-03377-SAMS,28,1
N26-035-03377-SAMS,35,1
N26-066-03378-LORA,60,1
N26-066-03378-LORA,61,1
N26-066-03378-LORA,66,1
N26-058-03379-TECN,49,1
N26-058-03379-TECN,53,1
N26-058-03379-TECN,58,1
N26-058-03379-TECN,96,1
N26-058-03379-TECN,98,1
N26-066-03380-MAYB,60,1
N26-066-03380-MAYB,61,1
N26-066-03380-MAYB,66,1
N26-014-03381-CUID,1,1
N26-014-03381-CUID,2,1
N26-014-03381-CUID,14,1
N26-092-03382-GONH,89,1
N26-092-03382-GONH,92,1
N26-005-03383-LEVI,1,1
N26-005-03383-LEVI,2,1
N26-005-03383-LEVI,5,1
N26-056-03384-KOBL,49,1
N26-056-03384-KOBL,51,1
N26-056-03384-KOBL,56,1
N26-087-03385-TRIL,84,1
N26-087-03385-TRIL,85,1
N26-087-03385-TRIL,87,1
N26-063-03386-GRIS,60,1
N26-063-03386-GRIS,63,1
N26-082-03387-STER,77,1
N26-082-03387-STER,80,1
N26-082-03387-STER,82,1
N26-074-03388-BOWF,69,1
N26-074-03388-BOWF,70,1
N26-074-03388-BOWF,74,1
N26-046-03389-STER,36,1
N26-046-03389-STER,39,1
N26-046-03389-STER,46,1
N26-073-03390-SHIM,69,1
N26-073-03390-SHIM,73,1
N26-018-03391-CHAR,1,1
N26-018-03391-CHAR,4,1
N26-018-03391-CHAR,18,1
N26-018-03391-CHAR,96,1
N26-018-03391-CHAR,97,1
N26-007-03392-CUID,1,1
N26-007-03392-CUID,3,1
N26-007-03392-CUID,7,1
N26-011-03393-ZARA,1,1
N26-011-03393-ZARA,4,1
N26-011-03393-ZARA,11,1
N26-034-03394-PINE,28,1
N26-034-03394-PINE,34,1
N26-064-03395-NATU,60,1
N26-064-03395-NATU,64,1
N26-048-03396-SAMS,36,1
N26-048-03396-SAMS,40,1
N26-048-03396-SAMS,48,1
N26-048-03396-SAMS,96,1
N26-048-03396-SAMS,97,1
N26-048-03397-TCLX,36,1
N26-048-03397-TCLX,40,1
N26-048-03397-TCLX,48,1
N26-081-03398-PLAY,77,1
N26-081-03398-PLAY,80,1
N26-081-03398-PLAY,81,1
N26-074-03399-DECA,69,1
N26-074-03399-DECA,70,1
N26-074-03399-DECA,74,1
N26-012-03400-CUID,1,1
N26-012-03400-CUID,4,1
N26-012-03400-CUID,12,1
N26-012-03400-CUID,96,1
N26-012-03400-CUID,98,1
N26-075-03401-VOIT,69,1
N26-075-03401-VOIT,70,1
N26-075-03401-VOIT,75,1
N26-013-03402-CUID,1,1
N26-013-03402-CUID,2,1
N26-013-03402-CUID,13,1
N26-014-03403-WRAN,1,1
N26-014-03403-WRAN,2,1
N26-014-03403-WRAN,14,1
N26-014-03403-WRAN,96,1
N26-014-03403-WRAN,99,1
N26-006-03404-HMXX,1,1
N26-006-03404-HMXX,2,1
N26-006-03404-HMXX,6,1
N26-006-03404-HMXX,96,1
N26-006-03404-HMXX,97,1
N26-011-03405-CART,1,1
N26-011-03405-CART,4,1
N26-011-03405-CART,11,1
N26-011-03405-CART,96,1
N26-011-03405-CART,99,1
N26-046-03406-BOSE,36,1
N26-046-03406-BOSE,39,1
N26-046-03406-BOSE,46,1
N26-018-03407-NIKE,1,1
N26-018-03407-NIKE,4,1
N26-018-03407-NIKE,18,1
N26-073-03408-SHIM,69,1
N26-073-03408-SHIM,73,1
N26-090-03409-3MXX,89,1
N26-090-03409-3MXX,90,1
N26-090-03409-3MXX,96,1
N26-090-03409-3MXX,100,1
N26-013-03410-LEVI,1,1
N26-013-03410-LEVI,2,1
N26-013-03410-LEVI,13,1
N26-033-03411-NIKE,28,1
N26-033-03411-NIKE,33,1
N26-059-03412-VIAN,49,1
N26-059-03412-VIAN,54,1
N26-059-03412-VIAN,59,1
N26-063-03413-GRIS,60,1
N26-063-03413-GRIS,63,1
N26-023-03414-CHAR,19,1
N26-023-03414-CHAR,20,1
N26-023-03414-CHAR,23,1
N26-047-03415-BOSE,36,1
N26-047-03415-BOSE,39,1
N26-047-03415-BOSE,47,1
N26-071-03416-ADID,69,1
N26-071-03416-ADID,71,1
N26-007-03417-MASS,1,1
N26-007-03417-MASS,3,1
N26-007-03417-MASS,7,1
N26-018-03418-PIRM,1,1
N26-018-03418-PIRM,4,1
N26-018-03418-PIRM,18,1
N26-044-03419-APPL,36,1
N26-044-03419-APPL,38,1
N26-044-03419-APPL,44,1
N26-044-03419-APPL,96,1
N26-044-03419-APPL,100,1
N26-050-03420-TFAL,49,1
N26-050-03420-TFAL,50,1
N26-067-03421-NEUT,60,1
N26-067-03421-NEUT,62,1
N26-067-03421-NEUT,67,1
N26-090-03422-MIKE,89,1
N26-090-03422-MIKE,90,1
N26-017-03423-CUID,1,1
N26-017-03423-CUID,4,1
N26-017-03423-CUID,17,1
N26-068-03424-GRIS,60,1
N26-068-03424-GRIS,62,1
N26-068-03424-GRIS,68,1
N26-068-03424-GRIS,96,1
N26-068-03424-GRIS,98,1
N26-055-03425-KOBL,49,1
N26-055-03425-KOBL,51,1
N26-055-03425-KOBL,55,1
N26-068-03426-EUCE,60,1
N26-068-03426-EUCE,62,1
N26-068-03426-EUCE,68,1
N26-007-03427-MANG,1,1
N26-007-03427-MANG,3,1
N26-007-03427-MANG,7,1
N26-041-03428-LANI,36,1
N26-041-03428-LANI,37,1
N26-041-03428-LANI,41,1
N26-041-03428-LANI,96,1
N26-041-03428-LANI,98,1
N26-025-03429-FLEX,19,1
N26-025-03429-FLEX,21,1
N26-025-03429-FLEX,25,1
N26-025-03429-FLEX,96,1
N26-025-03429-FLEX,99,1
N26-067-03430-CERA,60,1
N26-067-03430-CERA,62,1
N26-067-03430-CERA,67,1
N26-067-03430-CERA,96,1
N26-067-03430-CERA,100,1
N26-024-03431-HUSH,19,1
N26-024-03431-HUSH,20,1
N26-024-03431-HUSH,24,1
N26-015-03432-ZARA,1,1
N26-015-03432-ZARA,3,1
N26-015-03432-ZARA,15,1
N26-014-03433-DOCK,1,1
N26-014-03433-DOCK,2,1
N26-014-03433-DOCK,14,1
N26-090-03434-MICH,89,1
N26-090-03434-MICH,90,1
N26-017-03435-NIKE,1,1
N26-017-03435-NIKE,4,1
N26-017-03435-NIKE,17,1
N26-007-03436-MANG,1,1
N26-007-03436-MANG,3,1
N26-007-03436-MANG,7,1
N26-088-03437-SCRI,84,1
N26-088-03437-SCRI,86,1
N26-088-03437-SCRI,88,1
N26-091-03438-3MXX,89,1
N26-091-03438-3MXX,91,1
N26-064-03439-NATU,60,1
N26-064-03439-NATU,64,1
N26-064-03439-NATU,96,1
N26-064-03439-NATU,97,1
N26-071-03440-PUMA,69,1
N26-071-03440-PUMA,71,1
N26-091-03441-MIKE,89,1
N26-091-03441-MIKE,91,1
N26-081-03442-XBOX,77,1
N26-081-03442-XBOX,80,1
N26-081-03442-XBOX,81,1
N26-045-03443-STER,36,1
N26-045-03443-STER,38,1
N26-045-03443-STER,45,1
N26-045-03443-STER,96,1
N26-045-03443-STER,98,1
N26-025-03444-STEV,19,1
N26-025-03444-STEV,21,1
N26-025-03444-STEV,25,1
N26-033-03445-PUMA,28,1
N26-033-03445-PUMA,33,1
N26-041-03446-ASUS,36,1
N26-041-03446-ASUS,37,1
N26-041-03446-ASUS,41,1
N26-035-03447-FOSS,28,1
N26-035-03447-FOSS,35,1
N26-014-03448-CUID,1,1
N26-014-03448-CUID,2,1
N26-014-03448-CUID,14,1
N26-010-03449-CAXX,1,1
N26-010-03449-CAXX,4,1
N26-010-03449-CAXX,10,1
N26-014-03450-CUID,1,1
N26-014-03450-CUID,2,1
N26-014-03450-CUID,14,1
N26-074-03451-CAPB,69,1
N26-074-03451-CAPB,70,1
N26-074-03451-CAPB,74,1
N26-044-03452-LANI,36,1
N26-044-03452-LANI,38,1
N26-044-03452-LANI,44,1
N26-044-03452-LANI,96,1
N26-044-03452-LANI,99,1
N26-056-03453-HAMI,49,1
N26-056-03453-HAMI,51,1
N26-056-03453-HAMI,56,1
N26-010-03454-PIRM,1,1
N26-010-03454-PIRM,4,1
N26-010-03454-PIRM,10,1
N26-057-03455-BOCO,49,1
N26-057-03455-BOCO,52,1
N26-057-03455-BOCO,57,1
N26-066-03456-BISS,60,1
N26-066-03456-BISS,61,1
N26-066-03456-BISS,66,1
N26-035-03457-COAC,28,1
N26-035-03457-COAC,35,1
N26-045-03458-SPIG,36,1
N26-045-03458-SPIG,38,1
N26-045-03458-SPIG,45,1
N26-081-03459-NINT,77,1
N26-081-03459-NINT,80,1
N26-081-03459-NINT,81,1
N26-081-03459-NINT,96,1
N26-081-03459-NINT,98,1
N26-081-03460-XBOX,77,1
N26-081-03460-XBOX,80,1
N26-081-03460-XBOX,81,1
N26-081-03460-XBOX,96,1
N26-081-03460-XBOX,98,1
N26-075-03461-MAND,69,1
N26-075-03461-MAND,70,1
N26-075-03461-MAND,75,1
N26-075-03461-MAND,96,1
N26-075-03461-MAND,99,1
N26-095-03462-NUPE,93,1
N26-095-03462-NUPE,95,1
N26-058-03463-TAPO,49,1
N26-058-03463-TAPO,53,1
N26-058-03463-TAPO,58,1
N26-026-03464-CATE,19,1
N26-026-03464-CATE,21,1
N26-026-03464-CATE,26,1
N26-026-03464-CATE,96,1
N26-026-03464-CATE,100,1
N26-072-03465-NEWB,69,1
N26-072-03465-NEWB,72,1
N26-072-03465-NEWB,96,1
N26-072-03465-NEWB,98,1
N26-057-03466-GAIA,49,1
N26-057-03466-GAIA,52,1
N26-057-03466-GAIA,57,1
N26-068-03467-GRIS,60,1
N26-068-03467-GRIS,62,1
N26-068-03467-GRIS,68,1
N26-068-03467-GRIS,96,1
N26-068-03467-GRIS,100,1
N26-006-03468-CUID,1,1
N26-006-03468-CUID,2,1
N26-006-03468-CUID,6,1
N26-006-03468-CUID,96,1
N26-006-03468-CUID,97,1
N26-026-03469-FLEX,19,1
N26-026-03469-FLEX,21,1
N26-026-03469-FLEX,26,1
N26-014-03470-CUID,1,1
N26-014-03470-CUID,2,1
N26-014-03470-CUID,14,1
N26-014-03470-CUID,96,1
N26-014-03470-CUID,100,1
N26-013-03471-HMXX,1,1
N26-013-03471-HMXX,2,1
N26-013-03471-HMXX,13,1
N26-023-03472-CHAR,19,1
N26-023-03472-CHAR,20,1
N26-023-03472-CHAR,23,1
N26-009-03473-BABY,1,1
N26-009-03473-BABY,4,1
N26-009-03473-BABY,9,1
N26-031-03474-CITI,28,1
N26-031-03474-CITI,31,1
N26-013-03475-NIKE,1,1
N26-013-03475-NIKE,2,1
N26-013-03475-NIKE,13,1
N26-013-03475-NIKE,96,1
N26-013-03475-NIKE,97,1
N26-092-03476-NGKX,89,1
N26-092-03476-NGKX,92,1
N26-092-03476-NGKX,96,1
N26-092-03476-NGKX,99,1
N26-031-03477-CITI,28,1
N26-031-03477-CITI,31,1
N26-031-03477-CITI,96,1
N26-031-03477-CITI,98,1
N26-073-03478-BENO,69,1
N26-073-03478-BENO,73,1
N26-058-03479-IKEA,49,1
N26-058-03479-IKEA,53,1
N26-058-03479-IKEA,58,1
N26-014-03480-CUID,1,1
N26-014-03480-CUID,2,1
N26-014-03480-CUID,14,1
N26-014-03480-CUID,96,1
N26-014-03480-CUID,99,1
N26-064-03481-NATU,60,1
N26-064-03481-NATU,64,1
N26-076-03482-THEN,69,1
N26-076-03482-THEN,76,1
N26-041-03483-DELL,36,1
N26-041-03483-DELL,37,1
N26-041-03483-DELL,41,1
N26-065-03484-MAYB,60,1
N26-065-03484-MAYB,61,1
N26-065-03484-MAYB,65,1
N26-043-03485-RAZE,36,1
N26-043-03485-RAZE,37,1
N26-043-03485-RAZE,43,1
N26-043-03485-RAZE,96,1
N26-043-03485-RAZE,99,1
N26-011-03486-HMXX,1,1
N26-011-03486-HMXX,4,1
N26-011-03486-HMXX,11,1
N26-033-03487-ADID,28,1
N26-033-03487-ADID,33,1
N26-078-03488-NATI,77,1
N26-078-03488-NATI,78,1
N26-095-03489-NUPE,93,1
N26-095-03489-NUPE,95,1
N26-075-03490-NIKE,69,1
N26-075-03490-NIKE,70,1
N26-075-03490-NIKE,75,1
N26-011-03491-CART,1,1
N26-011-03491-CART,4,1
N26-011-03491-CART,11,1
N26-057-03492-BOCO,49,1
N26-057-03492-BOCO,52,1
N26-057-03492-BOCO,57,1
N26-011-03493-HMXX,1,1
N26-011-03493-HMXX,4,1
N26-011-03493-HMXX,11,1
N26-011-03493-HMXX,96,1
N26-011-03493-HMXX,99,1
N26-081-03494-XBOX,77,1
N26-081-03494-XBOX,80,1
N26-081-03494-XBOX,81,1
N26-081-03494-XBOX,96,1
N26-081-03494-XBOX,98,1
N26-058-03495-PHIL,49,1
N26-058-03495-PHIL,53,1
N26-058-03495-PHIL,58,1
N26-063-03496-GRIS,60,1
N26-063-03496-GRIS,63,1
N26-025-03497-ZARA,19,1
N26-025-03497-ZARA,21,1
N26-025-03497-ZARA,25,1
N26-068-03498-NIVE,60,1
N26-068-03498-NIVE,62,1
N26-068-03498-NIVE,68,1
N26-068-03498-NIVE,96,1
N26-068-03498-NIVE,99,1
N26-032-03499-OAKL,28,1
N26-032-03499-OAKL,32,1
N26-032-03500-RAYB,28,1
N26-032-03500-RAYB,32,1
N26-094-03501-HILL,93,1
N26-094-03501-HILL,94,1
N26-094-03501-HILL,96,1
N26-094-03501-HILL,98,1
N26-075-03502-ADID,69,1
N26-075-03502-ADID,70,1
N26-075-03502-ADID,75,1
N26-012-03503-HMXX,1,1
N26-012-03503-HMXX,4,1
N26-012-03503-HMXX,12,1
N26-043-03504-MICR,36,1
N26-043-03504-MICR,37,1
N26-043-03504-MICR,43,1
N26-043-03504-MICR,96,1
N26-043-03504-MICR,97,1
N26-059-03505-LUUN,49,1
N26-059-03505-LUUN,54,1
N26-059-03505-LUUN,59,1
N26-007-03506-MASS,1,1
N26-007-03506-MASS,3,1
N26-007-03506-MASS,7,1
N26-031-03507-SEIK,28,1
N26-031-03507-SEIK,31,1
N26-018-03508-CHAR,1,1
N26-018-03508-CHAR,4,1
N26-018-03508-CHAR,18,1
N26-041-03509-DELL,36,1
N26-041-03509-DELL,37,1
N26-041-03509-DELL,41,1
N26-048-03510-TCLX,36,1
N26-048-03510-TCLX,40,1
N26-048-03510-TCLX,48,1
N26-046-03511-SAMS,36,1
N26-046-03511-SAMS,39,1
N26-046-03511-SAMS,46,1
N26-046-03511-SAMS,96,1
N26-046-03511-SAMS,99,1
N26-008-03512-HMXX,1,1
N26-008-03512-HMXX,3,1
N26-008-03512-HMXX,8,1
N26-027-03513-CART,19,1
N26-027-03513-CART,22,1
N26-027-03513-CART,27,1
N26-065-03514-BISS,60,1
N26-065-03514-BISS,61,1
N26-065-03514-BISS,65,1
N26-047-03515-STER,36,1
N26-047-03515-STER,39,1
N26-047-03515-STER,47,1
N26-047-03515-STER,96,1
N26-047-03515-STER,99,1
N26-092-03516-GATE,89,1
N26-092-03516-GATE,92,1
N26-006-03517-CUID,1,1
N26-006-03517-CUID,2,1
N26-006-03517-CUID,6,1
N26-009-03518-BABY,1,1
N26-009-03518-BABY,4,1
N26-009-03518-BABY,9,1
N26-041-03519-HPXX,36,1
N26-041-03519-HPXX,37,1
N26-041-03519-HPXX,41,1
N26-056-03520-NESP,49,1
N26-056-03520-NESP,51,1
N26-056-03520-NESP,56,1
N26-073-03521-BENO,69,1
N26-073-03521-BENO,73,1
N26-073-03521-BENO,96,1
N26-073-03521-BENO,97,1
N26-041-03522-LANI,36,1
N26-041-03522-LANI,37,1
N26-041-03522-LANI,41,1
N26-064-03523-PAIP,60,1
N26-064-03523-PAIP,64,1
N26-064-03523-PAIP,96,1
N26-064-03523-PAIP,100,1
N26-047-03524-STER,36,1
N26-047-03524-STER,39,1
N26-047-03524-STER,47,1
N26-045-03525-ESRX,36,1
N26-045-03525-ESRX,38,1
N26-045-03525-ESRX,45,1
N26-045-03525-ESRX,96,1
N26-045-03525-ESRX,97,1
N26-042-03526-VORA,36,1
N26-042-03526-VORA,37,1
N26-042-03526-VORA,42,1
N26-045-03527-STER,36,1
N26-045-03527-STER,38,1
N26-045-03527-STER,45,1
N26-046-03528-SAMS,36,1
N26-046-03528-SAMS,39,1
N26-046-03528-SAMS,46,1
N26-046-03528-SAMS,96,1
N26-046-03528-SAMS,98,1
N26-017-03529-CUID,1,1
N26-017-03529-CUID,4,1
N26-017-03529-CUID,17,1
N26-094-03530-GANA,93,1
N26-094-03530-GANA,94,1
N26-094-03530-GANA,96,1
N26-094-03530-GANA,98,1
N26-059-03531-SPRI,49,1
N26-059-03531-SPRI,54,1
N26-059-03531-SPRI,59,1
N26-059-03531-SPRI,96,1
N26-059-03531-SPRI,98,1
N26-018-03532-CHAR,1,1
N26-018-03532-CHAR,4,1
N26-018-03532-CHAR,18,1
N26-057-03533-ASHL,49,1
N26-057-03533-ASHL,52,1
N26-057-03533-ASHL,57,1
N26-082-03534-RAZE,77,1
N26-082-03534-RAZE,80,1
N26-082-03534-RAZE,82,1
N26-082-03534-RAZE,96,1
N26-082-03534-RAZE,98,1
N26-014-03535-WRAN,1,1
N26-014-03535-WRAN,2,1
N26-014-03535-WRAN,14,1
N26-047-03536-JBLX,36,1
N26-047-03536-JBLX,39,1
N26-047-03536-JBLX,47,1
N26-047-03536-JBLX,96,1
N26-047-03536-JBLX,98,1
N26-033-03537-UNDE,28,1
N26-033-03537-UNDE,33,1
N26-018-03538-UNDE,1,1
N26-018-03538-UNDE,4,1
N26-018-03538-UNDE,18,1
N26-026-03539-FLEX,19,1
N26-026-03539-FLEX,21,1
N26-026-03539-FLEX,26,1
N26-094-03540-PURI,93,1
N26-094-03540-PURI,94,1
N26-094-03540-PURI,96,1
N26-094-03540-PURI,99,1
N26-045-03541-STER,36,1
N26-045-03541-STER,38,1
N26-045-03541-STER,45,1
N26-043-03542-MICR,36,1
N26-043-03542-MICR,37,1
N26-043-03542-MICR,43,1
N26-043-03542-MICR,96,1
N26-043-03542-MICR,98,1
N26-094-03543-NUPE,93,1
N26-094-03543-NUPE,94,1
N26-092-03544-DENS,89,1
N26-092-03544-DENS,92,1
N26-088-03545-PILO,84,1
N26-088-03545-PILO,86,1
N26-088-03545-PILO,88,1
N26-088-03545-PILO,96,1
N26-088-03545-PILO,100,1
N26-050-03546-EKCO,49,1
N26-050-03546-EKCO,50,1
N26-050-03546-EKCO,96,1
N26-050-03546-EKCO,98,1
N26-035-03547-TOMM,28,1
N26-035-03547-TOMM,35,1
N26-029-03548-PINE,28,1
N26-029-03548-PINE,29,1
N26-009-03549-CART,1,1
N26-009-03549-CART,4,1
N26-009-03549-CART,9,1
N26-050-03550-EKCO,49,1
N26-050-03550-EKCO,50,1
N26-057-03551-GAIA,49,1
N26-057-03551-GAIA,52,1
N26-057-03551-GAIA,57,1
N26-058-03552-STER,49,1
N26-058-03552-STER,53,1
N26-058-03552-STER,58,1
N26-011-03553-CHAR,1,1
N26-011-03553-CHAR,4,1
N26-011-03553-CHAR,11,1
N26-091-03554-ARMO,89,1
N26-091-03554-ARMO,91,1
N26-068-03555-GRIS,60,1
N26-068-03555-GRIS,62,1
N26-068-03555-GRIS,68,1
N26-068-03555-GRIS,96,1
N26-068-03555-GRIS,98,1
N26-068-03556-LARO,60,1
N26-068-03556-LARO,62,1
N26-068-03556-LARO,68,1
N26-063-03557-GRIS,60,1
N26-063-03557-GRIS,63,1
N26-075-03558-VOIT,69,1
N26-075-03558-VOIT,70,1
N26-075-03558-VOIT,75,1
N26-075-03558-VOIT,96,1
N26-075-03558-VOIT,100,1
N26-088-03559-SCRI,84,1
N26-088-03559-SCRI,86,1
N26-088-03559-SCRI,88,1
N26-010-03560-CART,1,1
N26-010-03560-CART,4,1
N26-010-03560-CART,10,1
N26-011-03561-ZARA,1,1
N26-011-03561-ZARA,4,1
N26-011-03561-ZARA,11,1
N26-055-03562-KOBL,49,1
N26-055-03562-KOBL,51,1
N26-055-03562-KOBL,55,1
N26-055-03562-KOBL,96,1
N26-055-03562-KOBL,99,1
N26-072-03563-CHAR,69,1
N26-072-03563-CHAR,72,1
N26-012-03564-CUID,1,1
N26-012-03564-CUID,4,1
N26-012-03564-CUID,12,1
N26-035-03565-FOSS,28,1
N26-035-03565-FOSS,35,1
N26-035-03565-FOSS,96,1
N26-035-03565-FOSS,100,1
N26-047-03566-STER,36,1
N26-047-03566-STER,39,1
N26-047-03566-STER,47,1
N26-047-03566-STER,96,1
N26-047-03566-STER,100,1
N26-024-03567-HUSH,19,1
N26-024-03567-HUSH,20,1
N26-024-03567-HUSH,24,1
N26-065-03568-MACX,60,1
N26-065-03568-MACX,61,1
N26-065-03568-MACX,65,1
N26-065-03568-MACX,96,1
N26-065-03568-MACX,100,1
N26-026-03569-FLEX,19,1
N26-026-03569-FLEX,21,1
N26-026-03569-FLEX,26,1
N26-079-03570-DIST,77,1
N26-079-03570-DIST,79,1
N26-079-03570-DIST,96,1
N26-079-03570-DIST,97,1
N26-016-03571-HMXX,1,1
N26-016-03571-HMXX,3,1
N26-016-03571-HMXX,16,1
N26-063-03572-GRIS,60,1
N26-063-03572-GRIS,63,1
N26-055-03573-HAMI,49,1
N26-055-03573-HAMI,51,1
N26-055-03573-HAMI,55,1
N26-016-03574-ZARA,1,1
N26-016-03574-ZARA,3,1
N26-016-03574-ZARA,16,1
N26-041-03575-ASUS,36,1
N26-041-03575-ASUS,37,1
N26-041-03575-ASUS,41,1
N26-041-03575-ASUS,96,1
N26-041-03575-ASUS,99,1
N26-075-03576-NIKE,69,1
N26-075-03576-NIKE,70,1
N26-075-03576-NIKE,75,1
N26-056-03577-OSTE,49,1
N26-056-03577-OSTE,51,1
N26-056-03577-OSTE,56,1
N26-016-03578-ZARA,1,1
N26-016-03578-ZARA,3,1
N26-016-03578-ZARA,16,1
N26-094-03579-ROYA,93,1
N26-094-03579-ROYA,94,1
N26-046-03580-STER,36,1
N26-046-03580-STER,39,1
N26-046-03580-STER,46,1
N26-026-03581-FLEX,19,1
N26-026-03581-FLEX,21,1
N26-026-03581-FLEX,26,1
N26-073-03582-BENO,69,1
N26-073-03582-BENO,73,1
N26-055-03583-KOBL,49,1
N26-055-03583-KOBL,51,1
N26-055-03583-KOBL,55,1
N26-055-03583-KOBL,96,1
N26-055-03583-KOBL,100,1
N26-063-03584-PANT,60,1
N26-063-03584-PANT,63,1
N26-091-03585-TURT,89,1
N26-091-03585-TURT,91,1
N26-009-03586-HMXX,1,1
N26-009-03586-HMXX,4,1
N26-009-03586-HMXX,9,1
N26-007-03587-HMXX,1,1
N26-007-03587-HMXX,3,1
N26-007-03587-HMXX,7,1
N26-007-03587-HMXX,96,1
N26-007-03587-HMXX,98,1
N26-091-03588-MIKE,89,1
N26-091-03588-MIKE,91,1
N26-091-03588-MIKE,96,1
N26-091-03588-MIKE,99,1
N26-006-03589-CUID,1,1
N26-006-03589-CUID,2,1
N26-006-03589-CUID,6,1
N26-047-03590-JBLX,36,1
N26-047-03590-JBLX,39,1
N26-047-03590-JBLX,47,1
N26-007-03591-CUID,1,1
N26-007-03591-CUID,3,1
N26-007-03591-CUID,7,1
N26-031-03592-CASI,28,1
N26-031-03592-CASI,31,1
N26-044-03593-LANI,36,1
N26-044-03593-LANI,38,1
N26-044-03593-LANI,44,1
N26-034-03594-TOMM,28,1
N26-034-03594-TOMM,34,1
N26-006-03595-CUID,1,1
N26-006-03595-CUID,2,1
N26-006-03595-CUID,6,1
N26-041-03596-HPXX,36,1
N26-041-03596-HPXX,37,1
N26-041-03596-HPXX,41,1
N26-041-03596-HPXX,96,1
N26-041-03596-HPXX,98,1
N26-026-03597-FLEX,19,1
N26-026-03597-FLEX,21,1
N26-026-03597-FLEX,26,1
N26-026-03597-FLEX,96,1
N26-026-03597-FLEX,97,1
N26-018-03598-ADID,1,1
N26-018-03598-ADID,4,1
N26-018-03598-ADID,18,1
N26-018-03598-ADID,96,1
N26-018-03598-ADID,99,1
N26-043-03599-LOGI,36,1
N26-043-03599-LOGI,37,1
N26-043-03599-LOGI,43,1
N26-043-03599-LOGI,96,1
N26-043-03599-LOGI,97,1
N26-014-03600-CUID,1,1
N26-014-03600-CUID,2,1
N26-014-03600-CUID,14,1
N26-058-03601-PHIL,49,1
N26-058-03601-PHIL,53,1
N26-058-03601-PHIL,58,1
N26-079-03602-DIST,77,1
N26-079-03602-DIST,79,1
N26-006-03603-CUID,1,1
N26-006-03603-CUID,2,1
N26-006-03603-CUID,6,1
N26-043-03604-PERF,36,1
N26-043-03604-PERF,37,1
N26-043-03604-PERF,43,1
N26-024-03605-FLEX,19,1
N26-024-03605-FLEX,20,1
N26-024-03605-FLEX,24,1
N26-067-03606-CERA,60,1
N26-067-03606-CERA,62,1
N26-067-03606-CERA,67,1
N26-046-03607-SAMS,36,1
N26-046-03607-SAMS,39,1
N26-046-03607-SAMS,46,1
N26-046-03607-SAMS,96,1
N26-046-03607-SAMS,98,1
N26-043-03608-VORA,36,1
N26-043-03608-VORA,37,1
N26-043-03608-VORA,43,1
N26-024-03609-FLEX,19,1
N26-024-03609-FLEX,20,1
N26-024-03609-FLEX,24,1
N26-073-03610-BENO,69,1
N26-073-03610-BENO,73,1
N26-083-03611-ASMO,77,1
N26-083-03611-ASMO,83,1
N26-066-03612-BISS,60,1
N26-066-03612-BISS,61,1
N26-066-03612-BISS,66,1
N26-029-03613-HERS,28,1
N26-029-03613-HERS,29,1
N26-029-03613-HERS,96,1
N26-029-03613-HERS,100,1
N26-025-03614-FLEX,19,1
N26-025-03614-FLEX,21,1
N26-025-03614-FLEX,25,1
N26-025-03615-FLEX,19,1
N26-025-03615-FLEX,21,1
N26-025-03615-FLEX,25,1
N26-065-03616-MACX,60,1
N26-065-03616-MACX,61,1
N26-065-03616-MACX,65,1
N26-031-03617-SEIK,28,1
N26-031-03617-SEIK,31,1
N26-078-03618-MIAL,77,1
N26-078-03618-MIAL,78,1
N26-007-03619-HMXX,1,1
N26-007-03619-HMXX,3,1
N26-007-03619-HMXX,7,1
N26-007-03619-HMXX,96,1
N26-007-03619-HMXX,98,1
N26-046-03620-APPL,36,1
N26-046-03620-APPL,39,1
N26-046-03620-APPL,46,1
N26-046-03620-APPL,96,1
N26-046-03620-APPL,98,1
N26-082-03621-RAZE,77,1
N26-082-03621-RAZE,80,1
N26-082-03621-RAZE,82,1
N26-091-03622-MIKE,89,1
N26-091-03622-MIKE,91,1
N26-043-03623-STER,36,1
N26-043-03623-STER,37,1
N26-043-03623-STER,43,1
N26-043-03623-STER,96,1
N26-043-03623-STER,97,1
N26-074-03624-DECA,69,1
N26-074-03624-DECA,70,1
N26-074-03624-DECA,74,1
N26-071-03625-CHAR,69,1
N26-071-03625-CHAR,71,1
N26-010-03626-PIRM,1,1
N26-010-03626-PIRM,4,1
N26-010-03626-PIRM,10,1
N26-023-03627-NIKE,19,1
N26-023-03627-NIKE,20,1
N26-023-03627-NIKE,23,1
N26-095-03628-NUPE,93,1
N26-095-03628-NUPE,95,1
N26-047-03629-STER,36,1
N26-047-03629-STER,39,1
N26-047-03629-STER,47,1
N26-047-03629-STER,96,1
N26-047-03629-STER,98,1
N26-006-03630-HMXX,1,1
N26-006-03630-HMXX,2,1
N26-006-03630-HMXX,6,1
N26-017-03631-NIKE,1,1
N26-017-03631-NIKE,4,1
N26-017-03631-NIKE,17,1
N26-071-03632-PIRM,69,1
N26-071-03632-PIRM,71,1
N26-055-03633-NINJ,49,1
N26-055-03633-NINJ,51,1
N26-055-03633-NINJ,55,1
N26-025-03634-FLEX,19,1
N26-025-03634-FLEX,21,1
N26-025-03634-FLEX,25,1
N26-066-03635-REVL,60,1
N26-066-03635-REVL,61,1
N26-066-03635-REVL,66,1
N26-079-03636-HASB,77,1
N26-079-03636-HASB,79,1
N26-079-03636-HASB,96,1
N26-079-03636-HASB,97,1
N26-087-03637-PEAR,84,1
N26-087-03637-PEAR,85,1
N26-087-03637-PEAR,87,1
N26-055-03638-KOBL,49,1
N26-055-03638-KOBL,51,1
N26-055-03638-KOBL,55,1
N26-005-03639-HUGO,1,1
N26-005-03639-HUGO,2,1
N26-005-03639-HUGO,5,1
N26-046-03640-BOSE,36,1
N26-046-03640-BOSE,39,1
N26-046-03640-BOSE,46,1
N26-041-03641-ACER,36,1
N26-041-03641-ACER,37,1
N26-041-03641-ACER,41,1
N26-092-03642-NGKX,89,1
N26-092-03642-NGKX,92,1
N26-006-03643-CUID,1,1
N26-006-03643-CUID,2,1
N26-006-03643-CUID,6,1
N26-006-03643-CUID,96,1
N26-006-03643-CUID,99,1
N26-091-03644-MIKE,89,1
N26-091-03644-MIKE,91,1
N26-025-03645-FLEX,19,1
N26-025-03645-FLEX,21,1
N26-025-03645-FLEX,25,1
N26-074-03646-BOWF,69,1
N26-074-03646-BOWF,70,1
N26-074-03646-BOWF,74,1
N26-013-03647-LEVI,1,1
N26-013-03647-LEVI,2,1
N26-013-03647-LEVI,13,1
N26-075-03648-VOIT,69,1
N26-075-03648-VOIT,70,1
N26-075-03648-VOIT,75,1
N26-024-03649-CLAR,19,1
N26-024-03649-CLAR,20,1
N26-024-03649-CLAR,24,1
N26-048-03650-LGXX,36,1
N26-048-03650-LGXX,40,1
N26-048-03650-LGXX,48,1
N26-034-03651-TOMM,28,1
N26-034-03651-TOMM,34,1
N26-057-03652-GAIA,49,1
N26-057-03652-GAIA,52,1
N26-057-03652-GAIA,57,1
N26-076-03653-NATU,69,1
N26-076-03653-NATU,76,1
N26-068-03654-GRIS,60,1
N26-068-03654-GRIS,62,1
N26-068-03654-GRIS,68,1
N26-064-03655-NATU,60,1
N26-064-03655-NATU,64,1
N26-064-03655-NATU,96,1
N26-064-03655-NATU,100,1
N26-043-03656-RAZE,36,1
N26-043-03656-RAZE,37,1
N26-043-03656-RAZE,43,1
N26-031-03657-SEIK,28,1
N26-031-03657-SEIK,31,1
N26-031-03657-SEIK,96,1
N26-031-03657-SEIK,99,1
N26-016-03658-HMXX,1,1
N26-016-03658-HMXX,3,1
N26-016-03658-HMXX,16,1
N26-094-03659-NUPE,93,1
N26-094-03659-NUPE,94,1
N26-046-03660-STER,36,1
N26-046-03660-STER,39,1
N26-046-03660-STER,46,1
N26-046-03660-STER,96,1
N26-046-03660-STER,98,1
N26-091-03661-TURT,89,1
N26-091-03661-TURT,91,1
N26-091-03661-TURT,96,1
N26-091-03661-TURT,97,1
N26-026-03662-FLEX,19,1
N26-026-03662-FLEX,21,1
N26-026-03662-FLEX,26,1
N26-026-03663-SKEC,19,1
N26-026-03663-SKEC,21,1
N26-026-03663-SKEC,26,1
N26-056-03664-DELO,49,1
N26-056-03664-DELO,51,1
N26-056-03664-DELO,56,1
N26-050-03665-EKCO,49,1
N26-050-03665-EKCO,50,1
N26-088-03666-SCRI,84,1
N26-088-03666-SCRI,86,1
N26-088-03666-SCRI,88,1
N26-005-03667-CUID,1,1
N26-005-03667-CUID,2,1
N26-005-03667-CUID,5,1
N26-075-03668-GAIA,69,1
N26-075-03668-GAIA,70,1
N26-075-03668-GAIA,75,1
N26-041-03669-LANI,36,1
N26-041-03669-LANI,37,1
N26-041-03669-LANI,41,1
N26-013-03670-ADID,1,1
N26-013-03670-ADID,2,1
N26-013-03670-ADID,13,1
N26-042-03671-VORA,36,1
N26-042-03671-VORA,37,1
N26-042-03671-VORA,42,1
N26-075-03672-GAIA,69,1
N26-075-03672-GAIA,70,1
N26-075-03672-GAIA,75,1
N26-075-03672-GAIA,96,1
N26-075-03672-GAIA,99,1
N26-032-03673-HAWK,28,1
N26-032-03673-HAWK,32,1
N26-032-03673-HAWK,96,1
N26-032-03673-HAWK,97,1
N26-081-03674-PLAY,77,1
N26-081-03674-PLAY,80,1
N26-081-03674-PLAY,81,1
N26-081-03674-PLAY,96,1
N26-081-03674-PLAY,97,1
N26-014-03675-ZARA,1,1
N26-014-03675-ZARA,2,1
N26-014-03675-ZARA,14,1
N26-058-03676-IKEA,49,1
N26-058-03676-IKEA,53,1
N26-058-03676-IKEA,58,1
N26-058-03676-IKEA,96,1
N26-058-03676-IKEA,98,1
N26-057-03677-IKEA,49,1
N26-057-03677-IKEA,52,1
N26-057-03677-IKEA,57,1
N26-027-03678-ADID,19,1
N26-027-03678-ADID,22,1
N26-027-03678-ADID,27,1
N26-042-03679-ASUS,36,1
N26-042-03679-ASUS,37,1
N26-042-03679-ASUS,42,1
N26-048-03680-SONY,36,1
N26-048-03680-SONY,40,1
N26-048-03680-SONY,48,1
N26-048-03680-SONY,96,1
N26-048-03680-SONY,98,1
N26-091-03681-MEGU,89,1
N26-091-03681-MEGU,91,1
N26-081-03682-NINT,77,1
N26-081-03682-NINT,80,1
N26-081-03682-NINT,81,1
N26-066-03683-BISS,60,1
N26-066-03683-BISS,61,1
N26-066-03683-BISS,66,1
N26-029-03684-HERS,28,1
N26-029-03684-HERS,29,1
N26-065-03685-MACX,60,1
N26-065-03685-MACX,61,1
N26-065-03685-MACX,65,1
N26-055-03686-HAMI,49,1
N26-055-03686-HAMI,51,1
N26-055-03686-HAMI,55,1
N26-067-03687-LARO,60,1
N26-067-03687-LARO,62,1
N26-067-03687-LARO,67,1
N26-046-03688-STER,36,1
N26-046-03688-STER,39,1
N26-046-03688-STER,46,1
N26-023-03689-PIRM,19,1
N26-023-03689-PIRM,20,1
N26-023-03689-PIRM,23,1
N26-045-03690-STER,36,1
N26-045-03690-STER,38,1
N26-045-03690-STER,45,1
N26-092-03691-GONH,89,1
N26-092-03691-GONH,92,1
N26-065-03692-PAIP,60,1
N26-065-03692-PAIP,61,1
N26-065-03692-PAIP,65,1
N26-011-03693-CHAR,1,1
N26-011-03693-CHAR,4,1
N26-011-03693-CHAR,11,1
N26-090-03694-BOSC,89,1
N26-090-03694-BOSC,90,1
N26-090-03694-BOSC,96,1
N26-090-03694-BOSC,100,1
N26-045-03695-STER,36,1
N26-045-03695-STER,38,1
N26-045-03695-STER,45,1
N26-011-03696-CART,1,1
N26-011-03696-CART,4,1
N26-011-03696-CART,11,1
N26-011-03696-CART,96,1
N26-011-03696-CART,99,1
N26-047-03697-SONO,36,1
N26-047-03697-SONO,39,1
N26-047-03697-SONO,47,1
N26-012-03698-CUID,1,1
N26-012-03698-CUID,4,1
N26-012-03698-CUID,12,1
N26-094-03699-NUPE,93,1
N26-094-03699-NUPE,94,1
N26-092-03700-GONH,89,1
N26-092-03700-GONH,92,1
N26-090-03701-MICH,89,1
N26-090-03701-MICH,90,1
N26-090-03701-MICH,96,1
N26-090-03701-MICH,98,1
N26-056-03702-NESP,49,1
N26-056-03702-NESP,51,1
N26-056-03702-NESP,56,1
N26-007-03703-CUID,1,1
N26-007-03703-CUID,3,1
N26-007-03703-CUID,7,1
N26-071-03704-ADID,69,1
N26-071-03704-ADID,71,1
N26-050-03705-KITC,49,1
N26-050-03705-KITC,50,1
N26-007-03706-MANG,1,1
N26-007-03706-MANG,3,1
N26-007-03706-MANG,7,1
N26-007-03706-MANG,96,1
N26-007-03706-MANG,100,1
N26-075-03707-MAND,69,1
N26-075-03707-MAND,70,1
N26-075-03707-MAND,75,1
N26-045-03708-STER,36,1
N26-045-03708-STER,38,1
N26-045-03708-STER,45,1
N26-073-03709-SHIM,69,1
N26-073-03709-SHIM,73,1
N26-034-03710-HUGO,28,1
N26-034-03710-HUGO,34,1
N26-034-03710-HUGO,96,1
N26-034-03710-HUGO,100,1
N26-015-03711-MASS,1,1
N26-015-03711-MASS,3,1
N26-015-03711-MASS,15,1
N26-050-03712-EKCO,49,1
N26-050-03712-EKCO,50,1
N26-050-03712-EKCO,96,1
N26-050-03712-EKCO,99,1
N26-045-03713-UAGX,36,1
N26-045-03713-UAGX,38,1
N26-045-03713-UAGX,45,1
N26-045-03713-UAGX,96,1
N26-045-03713-UAGX,97,1
N26-018-03714-CHAR,1,1
N26-018-03714-CHAR,4,1
N26-018-03714-CHAR,18,1
N26-090-03715-3MXX,89,1
N26-090-03715-3MXX,90,1
N26-090-03715-3MXX,96,1
N26-090-03715-3MXX,99,1
N26-081-03716-NINT,77,1
N26-081-03716-NINT,80,1
N26-081-03716-NINT,81,1
N26-081-03716-NINT,96,1
N26-081-03716-NINT,99,1
N26-066-03717-REVL,60,1
N26-066-03717-REVL,61,1
N26-066-03717-REVL,66,1
N26-094-03718-NUPE,93,1
N26-094-03718-NUPE,94,1
N26-034-03719-HUGO,28,1
N26-034-03719-HUGO,34,1
N26-034-03719-HUGO,96,1
N26-034-03719-HUGO,97,1
N26-032-03720-OAKL,28,1
N26-032-03720-OAKL,32,1
N26-055-03721-HAMI,49,1
N26-055-03721-HAMI,51,1
N26-055-03721-HAMI,55,1
N26-034-03722-DOCK,28,1
N26-034-03722-DOCK,34,1
N26-034-03722-DOCK,96,1
N26-034-03722-DOCK,100,1
N26-023-03723-SKEC,19,1
N26-023-03723-SKEC,20,1
N26-023-03723-SKEC,23,1
N26-023-03723-SKEC,96,1
N26-023-03723-SKEC,98,1
N26-023-03724-PANA,19,1
N26-023-03724-PANA,20,1
N26-023-03724-PANA,23,1
N26-047-03725-BOSE,36,1
N26-047-03725-BOSE,39,1
N26-047-03725-BOSE,47,1
N26-047-03725-BOSE,96,1
N26-047-03725-BOSE,98,1
N26-058-03726-IKEA,49,1
N26-058-03726-IKEA,53,1
N26-058-03726-IKEA,58,1
N26-006-03727-PULL,1,1
N26-006-03727-PULL,2,1
N26-006-03727-PULL,6,1
N26-078-03728-CLEM,77,1
N26-078-03728-CLEM,78,1
N26-007-03729-MANG,1,1
N26-007-03729-MANG,3,1
N26-007-03729-MANG,7,1
N26-058-03730-TAPO,49,1
N26-058-03730-TAPO,53,1
N26-058-03730-TAPO,58,1
N26-058-03730-TAPO,96,1
N26-058-03730-TAPO,98,1
N26-075-03731-GAIA,69,1
N26-075-03731-GAIA,70,1
N26-075-03731-GAIA,75,1
N26-035-03732-PINE,28,1
N26-035-03732-PINE,35,1
N26-048-03733-SONY,36,1
N26-048-03733-SONY,40,1
N26-048-03733-SONY,48,1
N26-010-03734-PIRM,1,1
N26-010-03734-PIRM,4,1
N26-010-03734-PIRM,10,1
N26-029-03735-SAMS,28,1
N26-029-03735-SAMS,29,1
N26-029-03735-SAMS,96,1
N26-029-03735-SAMS,98,1
N26-033-03736-PUMA,28,1
N26-033-03736-PUMA,33,1
N26-030-03737-THOM,28,1
N26-030-03737-THOM,30,1
N26-076-03738-NATU,69,1
N26-076-03738-NATU,76,1
N26-078-03739-MIAL,77,1
N26-078-03739-MIAL,78,1
N26-068-03740-LARO,60,1
N26-068-03740-LARO,62,1
N26-068-03740-LARO,68,1
N26-018-03741-ADID,1,1
N26-018-03741-ADID,4,1
N26-018-03741-ADID,18,1
N26-018-03741-ADID,96,1
N26-018-03741-ADID,99,1
N26-042-03742-KING,36,1
N26-042-03742-KING,37,1
N26-042-03742-KING,42,1
N26-076-03743-OZAR,69,1
N26-076-03743-OZAR,76,1
N26-058-03744-TECN,49,1
N26-058-03744-TECN,53,1
N26-058-03744-TECN,58,1
N26-059-03745-SPRI,49,1
N26-059-03745-SPRI,54,1
N26-059-03745-SPRI,59,1
N26-063-03746-GRIS,60,1
N26-063-03746-GRIS,63,1
N26-065-03747-MACX,60,1
N26-065-03747-MACX,61,1
N26-065-03747-MACX,65,1
N26-010-03748-CAXX,1,1
N26-010-03748-CAXX,4,1
N26-010-03748-CAXX,10,1
N26-023-03749-CHAR,19,1
N26-023-03749-CHAR,20,1
N26-023-03749-CHAR,23,1
N26-088-03750-FELL,84,1
N26-088-03750-FELL,86,1
N26-088-03750-FELL,88,1
N26-082-03751-STER,77,1
N26-082-03751-STER,80,1
N26-082-03751-STER,82,1
N26-082-03751-STER,96,1
N26-082-03751-STER,99,1
N26-014-03752-CUID,1,1
N26-014-03752-CUID,2,1
N26-014-03752-CUID,14,1
N26-042-03753-ASUS,36,1
N26-042-03753-ASUS,37,1
N26-042-03753-ASUS,42,1
N26-009-03754-BABY,1,1
N26-009-03754-BABY,4,1
N26-009-03754-BABY,9,1
N26-068-03755-GRIS,60,1
N26-068-03755-GRIS,62,1
N26-068-03755-GRIS,68,1
N26-067-03756-GRIS,60,1
N26-067-03756-GRIS,62,1
N26-067-03756-GRIS,67,1
N26-065-03757-PAIP,60,1
N26-065-03757-PAIP,61,1
N26-065-03757-PAIP,65,1
N26-065-03757-PAIP,96,1
N26-065-03757-PAIP,97,1
N26-087-03758-PORR,84,1
N26-087-03758-PORR,85,1
N26-087-03758-PORR,87,1
N26-008-03759-BERS,1,1
N26-008-03759-BERS,3,1
N26-008-03759-BERS,8,1
N26-065-03760-MACX,60,1
N26-065-03760-MACX,61,1
N26-065-03760-MACX,65,1
N26-045-03761-STER,36,1
N26-045-03761-STER,38,1
N26-045-03761-STER,45,1
N26-087-03762-MCGR,84,1
N26-087-03762-MCGR,85,1
N26-087-03762-MCGR,87,1
N26-025-03763-NINE,19,1
N26-025-03763-NINE,21,1
N26-025-03763-NINE,25,1
N26-095-03764-NUPE,93,1
N26-095-03764-NUPE,95,1
N26-043-03765-LOGI,36,1
N26-043-03765-LOGI,37,1
N26-043-03765-LOGI,43,1
N26-079-03766-FUNK,77,1
N26-079-03766-FUNK,79,1
N26-023-03767-PANA,19,1
N26-023-03767-PANA,20,1
N26-023-03767-PANA,23,1
N26-078-03768-NATI,77,1
N26-078-03768-NATI,78,1
N26-066-03769-MACX,60,1
N26-066-03769-MACX,61,1
N26-066-03769-MACX,66,1
N26-010-03770-CAXX,1,1
N26-010-03770-CAXX,4,1
N26-010-03770-CAXX,10,1
N26-015-03771-HMXX,1,1
N26-015-03771-HMXX,3,1
N26-015-03771-HMXX,15,1
N26-058-03772-STER,49,1
N26-058-03772-STER,53,1
N26-058-03772-STER,58,1
N26-058-03772-STER,96,1
N26-058-03772-STER,97,1
N26-087-03773-PEAR,84,1
N26-087-03773-PEAR,85,1
N26-087-03773-PEAR,87,1
N26-092-03774-NGKX,89,1
N26-092-03774-NGKX,92,1
N26-092-03774-NGKX,96,1
N26-092-03774-NGKX,98,1
N26-045-03775-BELK,36,1
N26-045-03775-BELK,38,1
N26-045-03775-BELK,45,1
N26-083-03776-HASB,77,1
N26-083-03776-HASB,83,1
N26-015-03777-ZARA,1,1
N26-015-03777-ZARA,3,1
N26-015-03777-ZARA,15,1
N26-015-03777-ZARA,96,1
N26-015-03777-ZARA,98,1
N26-048-03778-PHIL,36,1
N26-048-03778-PHIL,40,1
N26-048-03778-PHIL,48,1
N26-048-03778-PHIL,96,1
N26-048-03778-PHIL,99,1
N26-035-03779-FOSS,28,1
N26-035-03779-FOSS,35,1
N26-016-03780-HMXX,1,1
N26-016-03780-HMXX,3,1
N26-016-03780-HMXX,16,1
N26-044-03781-MOTO,36,1
N26-044-03781-MOTO,38,1
N26-044-03781-MOTO,44,1
N26-044-03781-MOTO,96,1
N26-044-03781-MOTO,98,1
N26-076-03782-THEN,69,1
N26-076-03782-THEN,76,1
N26-024-03783-ALDO,19,1
N26-024-03783-ALDO,20,1
N26-024-03783-ALDO,24,1
N26-087-03784-MCGR,84,1
N26-087-03784-MCGR,85,1
N26-087-03784-MCGR,87,1
N26-083-03785-ASMO,77,1
N26-083-03785-ASMO,83,1
N26-083-03785-ASMO,96,1
N26-083-03785-ASMO,99,1
N26-078-03786-MIAL,77,1
N26-078-03786-MIAL,78,1
N26-012-03787-PULL,1,1
N26-012-03787-PULL,4,1
N26-012-03787-PULL,12,1
N26-012-03787-PULL,96,1
N26-012-03787-PULL,100,1
N26-071-03788-NIKE,69,1
N26-071-03788-NIKE,71,1
N26-030-03789-PAND,28,1
N26-030-03789-PAND,30,1
N26-068-03790-GRIS,60,1
N26-068-03790-GRIS,62,1
N26-068-03790-GRIS,68,1
N26-068-03790-GRIS,96,1
N26-068-03790-GRIS,98,1
N26-056-03791-OSTE,49,1
N26-056-03791-OSTE,51,1
N26-056-03791-OSTE,56,1
N26-032-03792-RAYB,28,1
N26-032-03792-RAYB,32,1
N26-032-03792-RAYB,96,1
N26-032-03792-RAYB,100,1
N26-012-03793-CUID,1,1
N26-012-03793-CUID,4,1
N26-012-03793-CUID,12,1
N26-045-03794-UAGX,36,1
N26-045-03794-UAGX,38,1
N26-045-03794-UAGX,45,1
N26-032-03795-POLA,28,1
N26-032-03795-POLA,32,1
N26-035-03796-PINE,28,1
N26-035-03796-PINE,35,1
N26-035-03796-PINE,96,1
N26-035-03796-PINE,98,1
N26-063-03797-GRIS,60,1
N26-063-03797-GRIS,63,1
N26-009-03798-BABY,1,1
N26-009-03798-BABY,4,1
N26-009-03798-BABY,9,1
N26-012-03799-CUID,1,1
N26-012-03799-CUID,4,1
N26-012-03799-CUID,12,1
N26-016-03800-ZARA,1,1
N26-016-03800-ZARA,3,1
N26-016-03800-ZARA,16,1
N26-030-03801-PINE,28,1
N26-030-03801-PINE,30,1
N26-076-03802-COLE,69,1
N26-076-03802-COLE,76,1
N26-033-03803-ADID,28,1
N26-033-03803-ADID,33,1
N26-006-03804-HMXX,1,1
N26-006-03804-HMXX,2,1
N26-006-03804-HMXX,6,1
N26-088-03805-BARR,84,1
N26-088-03805-BARR,86,1
N26-088-03805-BARR,88,1
N26-046-03806-STER,36,1
N26-046-03806-STER,39,1
N26-046-03806-STER,46,1
N26-087-03807-MCGR,84,1
N26-087-03807-MCGR,85,1
N26-087-03807-MCGR,87,1
N26-087-03807-MCGR,96,1
N26-087-03807-MCGR,99,1
N26-018-03808-CHAR,1,1
N26-018-03808-CHAR,4,1
N26-018-03808-CHAR,18,1
N26-018-03808-CHAR,96,1
N26-018-03808-CHAR,97,1
N26-046-03809-STER,36,1
N26-046-03809-STER,39,1
N26-046-03809-STER,46,1
N26-005-03810-CUID,1,1
N26-005-03810-CUID,2,1
N26-005-03810-CUID,5,1
N26-067-03811-GRIS,60,1
N26-067-03811-GRIS,62,1
N26-067-03811-GRIS,67,1
N26-007-03812-MANG,1,1
N26-007-03812-MANG,3,1
N26-007-03812-MANG,7,1
N26-007-03812-MANG,96,1
N26-007-03812-MANG,98,1
N26-012-03813-HMXX,1,1
N26-012-03813-HMXX,4,1
N26-012-03813-HMXX,12,1
N26-026-03814-SKEC,19,1
N26-026-03814-SKEC,21,1
N26-026-03814-SKEC,26,1
N26-009-03815-CART,1,1
N26-009-03815-CART,4,1
N26-009-03815-CART,9,1
N26-009-03815-CART,96,1
N26-009-03815-CART,97,1
N26-024-03816-FLEX,19,1
N26-024-03816-FLEX,20,1
N26-024-03816-FLEX,24,1
N26-031-03817-SEIK,28,1
N26-031-03817-SEIK,31,1
N26-043-03818-PERF,36,1
N26-043-03818-PERF,37,1
N26-043-03818-PERF,43,1
N26-078-03819-LEGO,77,1
N26-078-03819-LEGO,78,1
N26-059-03820-SPRI,49,1
N26-059-03820-SPRI,54,1
N26-059-03820-SPRI,59,1
N26-032-03821-RAYB,28,1
N26-032-03821-RAYB,32,1
N26-008-03822-CUID,1,1
N26-008-03822-CUID,3,1
N26-008-03822-CUID,8,1
N26-087-03823-PEAR,84,1
N26-087-03823-PEAR,85,1
N26-087-03823-PEAR,87,1
N26-066-03824-BISS,60,1
N26-066-03824-BISS,61,1
N26-066-03824-BISS,66,1
N26-048-03825-SONY,36,1
N26-048-03825-SONY,40,1
N26-048-03825-SONY,48,1
N26-063-03826-HEAD,60,1
N26-063-03826-HEAD,63,1
N26-063-03826-HEAD,96,1
N26-063-03826-HEAD,99,1
N26-059-03827-IKEA,49,1
N26-059-03827-IKEA,54,1
N26-059-03827-IKEA,59,1
N26-059-03827-IKEA,96,1
N26-059-03827-IKEA,99,1
N26-009-03828-BABY,1,1
N26-009-03828-BABY,4,1
N26-009-03828-BABY,9,1
N26-048-03829-SONY,36,1
N26-048-03829-SONY,40,1
N26-048-03829-SONY,48,1
N26-030-03830-TOUS,28,1
N26-030-03830-TOUS,30,1
N26-025-03831-FLEX,19,1
N26-025-03831-FLEX,21,1
N26-025-03831-FLEX,25,1
N26-017-03832-CUID,1,1
N26-017-03832-CUID,4,1
N26-017-03832-CUID,17,1
N26-017-03832-CUID,96,1
N26-017-03832-CUID,98,1
N26-090-03833-3MXX,89,1
N26-090-03833-3MXX,90,1
N26-013-03834-NIKE,1,1
N26-013-03834-NIKE,2,1
N26-013-03834-NIKE,13,1
N26-005-03835-CUID,1,1
N26-005-03835-CUID,2,1
N26-005-03835-CUID,5,1
N26-005-03835-CUID,96,1
N26-005-03835-CUID,97,1
N26-012-03836-HMXX,1,1
N26-012-03836-HMXX,4,1
N26-012-03836-HMXX,12,1
N26-023-03837-PUMA,19,1
N26-023-03837-PUMA,20,1
N26-023-03837-PUMA,23,1
N26-079-03838-DIST,77,1
N26-079-03838-DIST,79,1
N26-045-03839-STER,36,1
N26-045-03839-STER,38,1
N26-045-03839-STER,45,1
N26-045-03839-STER,96,1
N26-045-03839-STER,100,1
N26-087-03840-PACK,84,1
N26-087-03840-PACK,85,1
N26-087-03840-PACK,87,1
N26-015-03841-CAXX,1,1
N26-015-03841-CAXX,3,1
N26-015-03841-CAXX,15,1
N26-092-03842-MONR,89,1
N26-092-03842-MONR,92,1
N26-092-03842-MONR,96,1
N26-092-03842-MONR,98,1
N26-029-03843-PINE,28,1
N26-029-03843-PINE,29,1
N26-026-03844-CATE,19,1
N26-026-03844-CATE,21,1
N26-026-03844-CATE,26,1
N26-026-03844-CATE,96,1
N26-026-03844-CATE,99,1
N26-082-03845-HYPE,77,1
N26-082-03845-HYPE,80,1
N26-082-03845-HYPE,82,1
N26-082-03845-HYPE,96,1
N26-082-03845-HYPE,98,1
N26-011-03846-CHAR,1,1
N26-011-03846-CHAR,4,1
N26-011-03846-CHAR,11,1
N26-011-03846-CHAR,96,1
N26-011-03846-CHAR,97,1
N26-008-03847-ZARA,1,1
N26-008-03847-ZARA,3,1
N26-008-03847-ZARA,8,1
N26-066-03848-BISS,60,1
N26-066-03848-BISS,61,1
N26-066-03848-BISS,66,1
N26-095-03849-ROYA,93,1
N26-095-03849-ROYA,95,1
N26-095-03849-ROYA,96,1
N26-095-03849-ROYA,100,1
N26-094-03850-NUPE,93,1
N26-094-03850-NUPE,94,1
N26-066-03851-MACX,60,1
N26-066-03851-MACX,61,1
N26-066-03851-MACX,66,1
N26-066-03851-MACX,96,1
N26-066-03851-MACX,97,1
N26-095-03852-HILL,93,1
N26-095-03852-HILL,95,1
N26-095-03852-HILL,96,1
N26-095-03852-HILL,97,1
N26-007-03853-ZARA,1,1
N26-007-03853-ZARA,3,1
N26-007-03853-ZARA,7,1
N26-018-03854-UNDE,1,1
N26-018-03854-UNDE,4,1
N26-018-03854-UNDE,18,1
N26-087-03855-PEAR,84,1
N26-087-03855-PEAR,85,1
N26-087-03855-PEAR,87,1
N26-087-03855-PEAR,96,1
N26-087-03855-PEAR,99,1
N26-011-03856-CHAR,1,1
N26-011-03856-CHAR,4,1
N26-011-03856-CHAR,11,1
N26-067-03857-NEUT,60,1
N26-067-03857-NEUT,62,1
N26-067-03857-NEUT,67,1
N26-006-03858-CUID,1,1
N26-006-03858-CUID,2,1
N26-006-03858-CUID,6,1
N26-044-03859-LANI,36,1
N26-044-03859-LANI,38,1
N26-044-03859-LANI,44,1
N26-014-03860-CUID,1,1
N26-014-03860-CUID,2,1
N26-014-03860-CUID,14,1
N26-067-03861-NEUT,60,1
N26-067-03861-NEUT,62,1
N26-067-03861-NEUT,67,1
N26-088-03862-SCRI,84,1
N26-088-03862-SCRI,86,1
N26-088-03862-SCRI,88,1
N26-063-03863-GARN,60,1
N26-063-03863-GARN,63,1
N26-063-03863-GARN,96,1
N26-063-03863-GARN,97,1
N26-047-03864-STER,36,1
N26-047-03864-STER,39,1
N26-047-03864-STER,47,1
N26-065-03865-MAYB,60,1
N26-065-03865-MAYB,61,1
N26-065-03865-MAYB,65,1
N26-065-03865-MAYB,96,1
N26-065-03865-MAYB,100,1
N26-092-03866-GONH,89,1
N26-092-03866-GONH,92,1
N26-092-03866-GONH,96,1
N26-092-03866-GONH,100,1
N26-081-03867-VALV,77,1
N26-081-03867-VALV,80,1
N26-081-03867-VALV,81,1
N26-095-03868-HILL,93,1
N26-095-03868-HILL,95,1
N26-006-03869-ZARA,1,1
N26-006-03869-ZARA,2,1
N26-006-03869-ZARA,6,1
N26-058-03870-TECN,49,1
N26-058-03870-TECN,53,1
N26-058-03870-TECN,58,1
N26-076-03871-NATU,69,1
N26-076-03871-NATU,76,1
N26-088-03872-FELL,84,1
N26-088-03872-FELL,86,1
N26-088-03872-FELL,88,1
N26-027-03873-HAVA,19,1
N26-027-03873-HAVA,22,1
N26-027-03873-HAVA,27,1
N26-027-03873-HAVA,96,1
N26-027-03873-HAVA,99,1
N26-095-03874-NUPE,93,1
N26-095-03874-NUPE,95,1
N26-095-03874-NUPE,96,1
N26-095-03874-NUPE,100,1
N26-090-03875-MIKE,89,1
N26-090-03875-MIKE,90,1
N26-082-03876-LOGI,77,1
N26-082-03876-LOGI,80,1
N26-082-03876-LOGI,82,1
N26-079-03877-FUNK,77,1
N26-079-03877-FUNK,79,1
N26-033-03878-PUMA,28,1
N26-033-03878-PUMA,33,1
N26-008-03879-CUID,1,1
N26-008-03879-CUID,3,1
N26-008-03879-CUID,8,1
N26-073-03880-GIAN,69,1
N26-073-03880-GIAN,73,1
N26-073-03880-GIAN,96,1
N26-073-03880-GIAN,98,1
N26-071-03881-PUMA,69,1
N26-071-03881-PUMA,71,1
N26-071-03882-NIKE,69,1
N26-071-03882-NIKE,71,1
N26-075-03883-NIKE,69,1
N26-075-03883-NIKE,70,1
N26-075-03883-NIKE,75,1
N26-075-03883-NIKE,96,1
N26-075-03883-NIKE,97,1
N26-082-03884-RAZE,77,1
N26-082-03884-RAZE,80,1
N26-082-03884-RAZE,82,1
N26-029-03885-ADID,28,1
N26-029-03885-ADID,29,1
N26-013-03886-ADID,1,1
N26-013-03886-ADID,2,1
N26-013-03886-ADID,13,1
N26-029-03887-PINE,28,1
N26-029-03887-PINE,29,1
N26-029-03887-PINE,96,1
N26-029-03887-PINE,100,1
N26-047-03888-SONO,36,1
N26-047-03888-SONO,39,1
N26-047-03888-SONO,47,1
N26-047-03888-SONO,96,1
N26-047-03888-SONO,97,1
N26-027-03889-NIKE,19,1
N26-027-03889-NIKE,22,1
N26-027-03889-NIKE,27,1
N26-027-03889-NIKE,96,1
N26-027-03889-NIKE,98,1
N26-094-03890-NUPE,93,1
N26-094-03890-NUPE,94,1
N26-067-03891-GRIS,60,1
N26-067-03891-GRIS,62,1
N26-067-03891-GRIS,67,1
N26-047-03892-SONY,36,1
N26-047-03892-SONY,39,1
N26-047-03892-SONY,47,1
N26-010-03893-PIRM,1,1
N26-010-03893-PIRM,4,1
N26-010-03893-PIRM,10,1
N26-010-03893-PIRM,96,1
N26-010-03893-PIRM,98,1
N26-057-03894-GAIA,49,1
N26-057-03894-GAIA,52,1
N26-057-03894-GAIA,57,1
N26-057-03894-GAIA,96,1
N26-057-03894-GAIA,98,1
N26-083-03895-ASMO,77,1
N26-083-03895-ASMO,83,1
N26-011-03896-HMXX,1,1
N26-011-03896-HMXX,4,1
N26-011-03896-HMXX,11,1
N26-076-03897-COLE,69,1
N26-076-03897-COLE,76,1
N26-009-03898-BABY,1,1
N26-009-03898-BABY,4,1
N26-009-03898-BABY,9,1
N26-079-03899-LEGO,77,1
N26-079-03899-LEGO,79,1
N26-079-03899-LEGO,96,1
N26-079-03899-LEGO,100,1
N26-094-03900-NUPE,93,1
N26-094-03900-NUPE,94,1
N26-059-03901-LUUN,49,1
N26-059-03901-LUUN,54,1
N26-059-03901-LUUN,59,1
N26-059-03901-LUUN,96,1
N26-059-03901-LUUN,99,1
N26-068-03902-LARO,60,1
N26-068-03902-LARO,62,1
N26-068-03902-LARO,68,1
N26-009-03903-BABY,1,1
N26-009-03903-BABY,4,1
N26-009-03903-BABY,9,1
N26-023-03904-SKEC,19,1
N26-023-03904-SKEC,20,1
N26-023-03904-SKEC,23,1
N26-063-03905-GRIS,60,1
N26-063-03905-GRIS,63,1
N26-082-03906-STER,77,1
N26-082-03906-STER,80,1
N26-082-03906-STER,82,1
N26-059-03907-HOME,49,1
N26-059-03907-HOME,54,1
N26-059-03907-HOME,59,1
N26-059-03907-HOME,96,1
N26-059-03907-HOME,97,1
N26-029-03908-HERS,28,1
N26-029-03908-HERS,29,1
N26-041-03909-APPL,36,1
N26-041-03909-APPL,37,1
N26-041-03909-APPL,41,1
N26-090-03910-3MXX,89,1
N26-090-03910-3MXX,90,1
N26-014-03911-CUID,1,1
N26-014-03911-CUID,2,1
N26-014-03911-CUID,14,1
N26-030-03912-TOUS,28,1
N26-030-03912-TOUS,30,1
N26-030-03912-TOUS,96,1
N26-030-03912-TOUS,98,1
N26-092-03913-DENS,89,1
N26-092-03913-DENS,92,1
N26-009-03914-CART,1,1
N26-009-03914-CART,4,1
N26-009-03914-CART,9,1
N26-046-03915-STER,36,1
N26-046-03915-STER,39,1
N26-046-03915-STER,46,1
N26-033-03916-PUMA,28,1
N26-033-03916-PUMA,33,1
N26-033-03916-PUMA,96,1
N26-033-03916-PUMA,99,1
N26-016-03917-HMXX,1,1
N26-016-03917-HMXX,3,1
N26-016-03917-HMXX,16,1
N26-087-03918-MCGR,84,1
N26-087-03918-MCGR,85,1
N26-087-03918-MCGR,87,1
N26-009-03919-CAXX,1,1
N26-009-03919-CAXX,4,1
N26-009-03919-CAXX,9,1
N26-025-03920-FLEX,19,1
N26-025-03920-FLEX,21,1
N26-025-03920-FLEX,25,1
N26-025-03920-FLEX,96,1
N26-025-03920-FLEX,98,1
N26-058-03921-STER,49,1
N26-058-03921-STER,53,1
N26-058-03921-STER,58,1
N26-058-03921-STER,96,1
N26-058-03921-STER,100,1
N26-066-03922-BISS,60,1
N26-066-03922-BISS,61,1
N26-066-03922-BISS,66,1
N26-010-03923-PIRM,1,1
N26-010-03923-PIRM,4,1
N26-010-03923-PIRM,10,1
N26-095-03924-WHIS,93,1
N26-095-03924-WHIS,95,1
N26-088-03925-BICX,84,1
N26-088-03925-BICX,86,1
N26-088-03925-BICX,88,1
N26-008-03926-CUID,1,1
N26-008-03926-CUID,3,1
N26-008-03926-CUID,8,1
N26-032-03927-OAKL,28,1
N26-032-03927-OAKL,32,1
N26-012-03928-HMXX,1,1
N26-012-03928-HMXX,4,1
N26-012-03928-HMXX,12,1
N26-012-03928-HMXX,96,1
N26-012-03928-HMXX,99,1
N26-064-03929-PAIP,60,1
N26-064-03929-PAIP,64,1
N26-047-03930-STER,36,1
N26-047-03930-STER,39,1
N26-047-03930-STER,47,1
N26-034-03931-PINE,28,1
N26-034-03931-PINE,34,1
N26-081-03932-PLAY,77,1
N26-081-03932-PLAY,80,1
N26-081-03932-PLAY,81,1
N26-025-03933-FLEX,19,1
N26-025-03933-FLEX,21,1
N26-025-03933-FLEX,25,1
N26-014-03934-LEVI,1,1
N26-014-03934-LEVI,2,1
N26-014-03934-LEVI,14,1
N26-050-03935-PYRE,49,1
N26-050-03935-PYRE,50,1
N26-026-03936-FLEX,19,1
N26-026-03936-FLEX,21,1
N26-026-03936-FLEX,26,1
N26-063-03937-PANT,60,1
N26-063-03937-PANT,63,1
N26-091-03938-MEGU,89,1
N26-091-03938-MEGU,91,1
N26-057-03939-IKEA,49,1
N26-057-03939-IKEA,52,1
N26-057-03939-IKEA,57,1
N26-025-03940-FLEX,19,1
N26-025-03940-FLEX,21,1
N26-025-03940-FLEX,25,1
N26-066-03941-MAYB,60,1
N26-066-03941-MAYB,61,1
N26-066-03941-MAYB,66,1
N26-059-03942-IKEA,49,1
N26-059-03942-IKEA,54,1
N26-059-03942-IKEA,59,1
N26-010-03943-HMXX,1,1
N26-010-03943-HMXX,4,1
N26-010-03943-HMXX,10,1
N26-010-03943-HMXX,96,1
N26-010-03943-HMXX,97,1
N26-035-03944-PINE,28,1
N26-035-03944-PINE,35,1
N26-026-03945-CATE,19,1
N26-026-03945-CATE,21,1
N26-026-03945-CATE,26,1
N26-017-03946-PUMA,1,1
N26-017-03946-PUMA,4,1
N26-017-03946-PUMA,17,1
N26-066-03947-MACX,60,1
N26-066-03947-MACX,61,1
N26-066-03947-MACX,66,1
N26-025-03948-FLEX,19,1
N26-025-03948-FLEX,21,1
N26-025-03948-FLEX,25,1
N26-025-03948-FLEX,96,1
N26-025-03948-FLEX,100,1
N26-056-03949-OSTE,49,1
N26-056-03949-OSTE,51,1
N26-056-03949-OSTE,56,1
N26-008-03950-ZARA,1,1
N26-008-03950-ZARA,3,1
N26-008-03950-ZARA,8,1
N26-076-03951-THEN,69,1
N26-076-03951-THEN,76,1
N26-048-03952-SAMS,36,1
N26-048-03952-SAMS,40,1
N26-048-03952-SAMS,48,1
N26-075-03953-GAIA,69,1
N26-075-03953-GAIA,70,1
N26-075-03953-GAIA,75,1
N26-045-03954-STER,36,1
N26-045-03954-STER,38,1
N26-045-03954-STER,45,1
N26-045-03954-STER,96,1
N26-045-03954-STER,97,1
N26-010-03955-PIRM,1,1
N26-010-03955-PIRM,4,1
N26-010-03955-PIRM,10,1
N26-014-03956-CUID,1,1
N26-014-03956-CUID,2,1
N26-014-03956-CUID,14,1
N26-010-03957-PIRM,1,1
N26-010-03957-PIRM,4,1
N26-010-03957-PIRM,10,1
N26-072-03958-ASIC,69,1
N26-072-03958-ASIC,72,1
N26-090-03959-BOSC,89,1
N26-090-03959-BOSC,90,1
N26-042-03960-VORA,36,1
N26-042-03960-VORA,37,1
N26-042-03960-VORA,42,1
N26-071-03961-ADID,69,1
N26-071-03961-ADID,71,1
N26-094-03962-NUPE,93,1
N26-094-03962-NUPE,94,1
N26-035-03963-TOMM,28,1
N26-035-03963-TOMM,35,1
N26-071-03964-CHAR,69,1
N26-071-03964-CHAR,71,1
N26-057-03965-GAIA,49,1
N26-057-03965-GAIA,52,1
N26-057-03965-GAIA,57,1
N26-055-03966-NINJ,49,1
N26-055-03966-NINJ,51,1
N26-055-03966-NINJ,55,1
N26-011-03967-CART,1,1
N26-011-03967-CART,4,1
N26-011-03967-CART,11,1
N26-010-03968-CART,1,1
N26-010-03968-CART,4,1
N26-010-03968-CART,10,1
N26-011-03969-CHAR,1,1
N26-011-03969-CHAR,4,1
N26-011-03969-CHAR,11,1
N26-078-03970-NATI,77,1
N26-078-03970-NATI,78,1
N26-092-03971-GONH,89,1
N26-092-03971-GONH,92,1
N26-064-03972-DIOR,60,1
N26-064-03972-DIOR,64,1
N26-031-03973-CITI,28,1
N26-031-03973-CITI,31,1
N26-009-03974-CART,1,1
N26-009-03974-CART,4,1
N26-009-03974-CART,9,1
N26-009-03974-CART,96,1
N26-009-03974-CART,99,1
N26-029-03975-HERS,28,1
N26-029-03975-HERS,29,1
N26-008-03976-PULL,1,1
N26-008-03976-PULL,3,1
N26-008-03976-PULL,8,1
N26-088-03977-SCRI,84,1
N26-088-03977-SCRI,86,1
N26-088-03977-SCRI,88,1
N26-088-03977-SCRI,96,1
N26-088-03977-SCRI,99,1
N26-067-03978-NEUT,60,1
N26-067-03978-NEUT,62,1
N26-067-03978-NEUT,67,1
N26-016-03979-MASS,1,1
N26-016-03979-MASS,3,1
N26-016-03979-MASS,16,1
N26-016-03980-ZARA,1,1
N26-016-03980-ZARA,3,1
N26-016-03980-ZARA,16,1
N26-016-03980-ZARA,96,1
N26-016-03980-ZARA,97,1
N26-005-03981-MASS,1,1
N26-005-03981-MASS,2,1
N26-005-03981-MASS,5,1
N26-045-03982-STER,36,1
N26-045-03982-STER,38,1
N26-045-03982-STER,45,1
N26-088-03983-BARR,84,1
N26-088-03983-BARR,86,1
N26-088-03983-BARR,88,1
N26-073-03984-BENO,69,1
N26-073-03984-BENO,73,1
N26-015-03985-MANG,1,1
N26-015-03985-MANG,3,1
N26-015-03985-MANG,15,1
N26-056-03986-OSTE,49,1
N26-056-03986-OSTE,51,1
N26-056-03986-OSTE,56,1
N26-056-03986-OSTE,96,1
N26-056-03986-OSTE,97,1
N26-064-03987-DIOR,60,1
N26-064-03987-DIOR,64,1
N26-082-03988-STER,77,1
N26-082-03988-STER,80,1
N26-082-03988-STER,82,1
N26-041-03989-ACER,36,1
N26-041-03989-ACER,37,1
N26-041-03989-ACER,41,1
N26-011-03990-CART,1,1
N26-011-03990-CART,4,1
N26-011-03990-CART,11,1
N26-031-03991-CASI,28,1
N26-031-03991-CASI,31,1
N26-007-03992-MASS,1,1
N26-007-03992-MASS,3,1
N26-007-03992-MASS,7,1
N26-074-03993-VOIT,69,1
N26-074-03993-VOIT,70,1
N26-074-03993-VOIT,74,1
N26-064-03994-NATU,60,1
N26-064-03994-NATU,64,1
N26-067-03995-GRIS,60,1
N26-067-03995-GRIS,62,1
N26-067-03995-GRIS,67,1
N26-014-03996-WRAN,1,1
N26-014-03996-WRAN,2,1
N26-014-03996-WRAN,14,1
N26-041-03997-LANI,36,1
N26-041-03997-LANI,37,1
N26-041-03997-LANI,41,1
N26-081-03998-VALV,77,1
N26-081-03998-VALV,80,1
N26-081-03998-VALV,81,1
N26-014-03999-CUID,1,1
N26-014-03999-CUID,2,1
N26-014-03999-CUID,14,1
N26-013-04000-CUID,1,1
N26-013-04000-CUID,2,1
N26-013-04000-CUID,13,1
N26-010-04001-CART,1,1
N26-010-04001-CART,4,1
N26-010-04001-CART,10,1
N26-094-04002-PURI,93,1
N26-094-04002-PURI,94,1
N26-014-04003-CUID,1,1
N26-014-04003-CUID,2,1
N26-014-04003-CUID,14,1
N26-014-04003-CUID,96,1
N26-014-04003-CUID,98,1
N26-041-04004-DELL,36,1
N26-041-04004-DELL,37,1
N26-041-04004-DELL,41,1
N26-058-04005-TECN,49,1
N26-058-04005-TECN,53,1
N26-058-04005-TECN,58,1
N26-015-04006-HMXX,1,1
N26-015-04006-HMXX,3,1
N26-015-04006-HMXX,15,1
N26-010-04007-CAXX,1,1
N26-010-04007-CAXX,4,1
N26-010-04007-CAXX,10,1
N26-050-04008-PYRE,49,1
N26-050-04008-PYRE,50,1
N26-050-04008-PYRE,96,1
N26-050-04008-PYRE,99,1
N26-025-04009-FLEX,19,1
N26-025-04009-FLEX,21,1
N26-025-04009-FLEX,25,1
N26-087-04010-PEAR,84,1
N26-087-04010-PEAR,85,1
N26-087-04010-PEAR,87,1
N26-056-04011-KOBL,49,1
N26-056-04011-KOBL,51,1
N26-056-04011-KOBL,56,1
N26-078-04012-MIAL,77,1
N26-078-04012-MIAL,78,1
N26-067-04013-NEUT,60,1
N26-067-04013-NEUT,62,1
N26-067-04013-NEUT,67,1
N26-031-04014-CASI,28,1
N26-031-04014-CASI,31,1
N26-087-04015-PORR,84,1
N26-087-04015-PORR,85,1
N26-087-04015-PORR,87,1
N26-087-04015-PORR,96,1
N26-087-04015-PORR,98,1
N26-033-04016-UNDE,28,1
N26-033-04016-UNDE,33,1
N26-034-04017-LEVI,28,1
N26-034-04017-LEVI,34,1
N26-068-04018-GRIS,60,1
N26-068-04018-GRIS,62,1
N26-068-04018-GRIS,68,1
N26-088-04019-BARR,84,1
N26-088-04019-BARR,86,1
N26-088-04019-BARR,88,1
N26-079-04020-HASB,77,1
N26-079-04020-HASB,79,1
N26-090-04021-MIKE,89,1
N26-090-04021-MIKE,90,1
N26-090-04021-MIKE,96,1
N26-090-04021-MIKE,99,1
N26-063-04022-GRIS,60,1
N26-063-04022-GRIS,63,1
N26-081-04023-NINT,77,1
N26-081-04023-NINT,80,1
N26-081-04023-NINT,81,1
N26-012-04024-BERS,1,1
N26-012-04024-BERS,4,1
N26-012-04024-BERS,12,1
N26-031-04025-FOSS,28,1
N26-031-04025-FOSS,31,1
N26-074-04026-BOWF,69,1
N26-074-04026-BOWF,70,1
N26-074-04026-BOWF,74,1
N26-043-04027-PERF,36,1
N26-043-04027-PERF,37,1
N26-043-04027-PERF,43,1
N26-087-04028-PORR,84,1
N26-087-04028-PORR,85,1
N26-087-04028-PORR,87,1
N26-050-04029-KITC,49,1
N26-050-04029-KITC,50,1
N26-079-04030-DIST,77,1
N26-079-04030-DIST,79,1
N26-063-04031-GARN,60,1
N26-063-04031-GARN,63,1
N26-071-04032-NIKE,69,1
N26-071-04032-NIKE,71,1
N26-076-04033-COLE,69,1
N26-076-04033-COLE,76,1
N26-082-04034-STER,77,1
N26-082-04034-STER,80,1
N26-082-04034-STER,82,1
N26-012-04035-BERS,1,1
N26-012-04035-BERS,4,1
N26-012-04035-BERS,12,1
N26-012-04035-BERS,96,1
N26-012-04035-BERS,97,1
N26-035-04036-PINE,28,1
N26-035-04036-PINE,35,1
N26-035-04036-PINE,96,1
N26-035-04036-PINE,99,1
N26-023-04037-PUMA,19,1
N26-023-04037-PUMA,20,1
N26-023-04037-PUMA,23,1
N26-006-04038-ZARA,1,1
N26-006-04038-ZARA,2,1
N26-006-04038-ZARA,6,1
N26-025-04039-ZARA,19,1
N26-025-04039-ZARA,21,1
N26-025-04039-ZARA,25,1
N26-025-04039-ZARA,96,1
N26-025-04039-ZARA,98,1
N26-072-04040-ASIC,69,1
N26-072-04040-ASIC,72,1
N26-072-04040-ASIC,96,1
N26-072-04040-ASIC,99,1
N26-050-04041-EKCO,49,1
N26-050-04041-EKCO,50,1
N26-044-04042-LANI,36,1
N26-044-04042-LANI,38,1
N26-044-04042-LANI,44,1
N26-044-04042-LANI,96,1
N26-044-04042-LANI,99,1
N26-011-04043-CHAR,1,1
N26-011-04043-CHAR,4,1
N26-011-04043-CHAR,11,1
N26-043-04044-VORA,36,1
N26-043-04044-VORA,37,1
N26-043-04044-VORA,43,1
N26-050-04045-TRAM,49,1
N26-050-04045-TRAM,50,1
N26-050-04045-TRAM,96,1
N26-050-04045-TRAM,100,1
N26-009-04046-BABY,1,1
N26-009-04046-BABY,4,1
N26-009-04046-BABY,9,1
N26-009-04046-BABY,96,1
N26-009-04046-BABY,97,1
N26-087-04047-PORR,84,1
N26-087-04047-PORR,85,1
N26-087-04047-PORR,87,1
N26-045-04048-UAGX,36,1
N26-045-04048-UAGX,38,1
N26-045-04048-UAGX,45,1
N26-045-04048-UAGX,96,1
N26-045-04048-UAGX,98,1
N26-094-04049-GANA,93,1
N26-094-04049-GANA,94,1
N26-094-04049-GANA,96,1
N26-094-04049-GANA,98,1
N26-057-04050-GAIA,49,1
N26-057-04050-GAIA,52,1
N26-057-04050-GAIA,57,1
N26-023-04051-SKEC,19,1
N26-023-04051-SKEC,20,1
N26-023-04051-SKEC,23,1
N26-017-04052-CUID,1,1
N26-017-04052-CUID,4,1
N26-017-04052-CUID,17,1
N26-017-04052-CUID,96,1
N26-017-04052-CUID,97,1
N26-071-04053-PIRM,69,1
N26-071-04053-PIRM,71,1
N26-009-04054-BABY,1,1
N26-009-04054-BABY,4,1
N26-009-04054-BABY,9,1
N26-091-04055-ARMO,89,1
N26-091-04055-ARMO,91,1
N26-091-04055-ARMO,96,1
N26-091-04055-ARMO,98,1
N26-092-04056-GATE,89,1
N26-092-04056-GATE,92,1
N26-041-04057-ACER,36,1
N26-041-04057-ACER,37,1
N26-041-04057-ACER,41,1
N26-041-04057-ACER,96,1
N26-041-04057-ACER,98,1
N26-072-04058-NIKE,69,1
N26-072-04058-NIKE,72,1
N26-046-04059-APPL,36,1
N26-046-04059-APPL,39,1
N26-046-04059-APPL,46,1
N26-045-04060-STER,36,1
N26-045-04060-STER,38,1
N26-045-04060-STER,45,1
N26-092-04061-MONR,89,1
N26-092-04061-MONR,92,1
N26-094-04062-ROYA,93,1
N26-094-04062-ROYA,94,1
N26-094-04062-ROYA,96,1
N26-094-04062-ROYA,100,1
N26-071-04063-CHAR,69,1
N26-071-04063-CHAR,71,1
N26-056-04064-HAMI,49,1
N26-056-04064-HAMI,51,1
N26-056-04064-HAMI,56,1
N26-031-04065-HUAW,28,1
N26-031-04065-HUAW,31,1
N26-033-04066-ADID,28,1
N26-033-04066-ADID,33,1
N26-095-04067-NUPE,93,1
N26-095-04067-NUPE,95,1
N26-095-04067-NUPE,96,1
N26-095-04067-NUPE,100,1
N26-055-04068-MABE,49,1
N26-055-04068-MABE,51,1
N26-055-04068-MABE,55,1
N26-066-04069-MACX,60,1
N26-066-04069-MACX,61,1
N26-066-04069-MACX,66,1
N26-041-04070-LENO,36,1
N26-041-04070-LENO,37,1
N26-041-04070-LENO,41,1
N26-082-04071-XBOX,77,1
N26-082-04071-XBOX,80,1
N26-082-04071-XBOX,82,1
N26-009-04072-CART,1,1
N26-009-04072-CART,4,1
N26-009-04072-CART,9,1
N26-013-04073-LEVI,1,1
N26-013-04073-LEVI,2,1
N26-013-04073-LEVI,13,1
N26-013-04073-LEVI,96,1
N26-013-04073-LEVI,99,1
N26-065-04074-BISS,60,1
N26-065-04074-BISS,61,1
N26-065-04074-BISS,65,1
N26-034-04075-HUGO,28,1
N26-034-04075-HUGO,34,1
N26-067-04076-GRIS,60,1
N26-067-04076-GRIS,62,1
N26-067-04076-GRIS,67,1
N26-011-04077-CART,1,1
N26-011-04077-CART,4,1
N26-011-04077-CART,11,1
N26-078-04078-NATI,77,1
N26-078-04078-NATI,78,1
N26-032-04079-RAYB,28,1
N26-032-04079-RAYB,32,1
N26-078-04080-MIAL,77,1
N26-078-04080-MIAL,78,1
N26-065-04081-MACX,60,1
N26-065-04081-MACX,61,1
N26-065-04081-MACX,65,1
N26-030-04082-THOM,28,1
N26-030-04082-THOM,30,1
N26-030-04082-THOM,96,1
N26-030-04082-THOM,98,1
N26-058-04083-PHIL,49,1
N26-058-04083-PHIL,53,1
N26-058-04083-PHIL,58,1
N26-041-04084-LANI,36,1
N26-041-04084-LANI,37,1
N26-041-04084-LANI,41,1
N26-076-04085-OZAR,69,1
N26-076-04085-OZAR,76,1
N26-015-04086-HMXX,1,1
N26-015-04086-HMXX,3,1
N26-015-04086-HMXX,15,1
N26-008-04087-PULL,1,1
N26-008-04087-PULL,3,1
N26-008-04087-PULL,8,1
N26-091-04088-MEGU,89,1
N26-091-04088-MEGU,91,1
N26-059-04089-LUUN,49,1
N26-059-04089-LUUN,54,1
N26-059-04089-LUUN,59,1
N26-068-04090-ISDI,60,1
N26-068-04090-ISDI,62,1
N26-068-04090-ISDI,68,1
N26-068-04090-ISDI,96,1
N26-068-04090-ISDI,99,1
N26-014-04091-CUID,1,1
N26-014-04091-CUID,2,1
N26-014-04091-CUID,14,1
N26-064-04092-CALV,60,1
N26-064-04092-CALV,64,1
N26-044-04093-XIAO,36,1
N26-044-04093-XIAO,38,1
N26-044-04093-XIAO,44,1
N26-033-04094-NEWE,28,1
N26-033-04094-NEWE,33,1
N26-033-04094-NEWE,96,1
N26-033-04094-NEWE,100,1
N26-068-04095-LARO,60,1
N26-068-04095-LARO,62,1
N26-068-04095-LARO,68,1
N26-068-04095-LARO,96,1
N26-068-04095-LARO,99,1
N26-050-04096-TRAM,49,1
N26-050-04096-TRAM,50,1
N26-050-04096-TRAM,96,1
N26-050-04096-TRAM,97,1
N26-032-04097-VOGU,28,1
N26-032-04097-VOGU,32,1
N26-071-04098-CHAR,69,1
N26-071-04098-CHAR,71,1
N26-031-04099-FOSS,28,1
N26-031-04099-FOSS,31,1
N26-057-04100-IKEA,49,1
N26-057-04100-IKEA,52,1
N26-057-04100-IKEA,57,1
N26-023-04101-ADID,19,1
N26-023-04101-ADID,20,1
N26-023-04101-ADID,23,1
N26-015-04102-HMXX,1,1
N26-015-04102-HMXX,3,1
N26-015-04102-HMXX,15,1
N26-091-04103-ARMO,89,1
N26-091-04103-ARMO,91,1
N26-059-04104-IKEA,49,1
N26-059-04104-IKEA,54,1
N26-059-04104-IKEA,59,1
N26-011-04105-CART,1,1
N26-011-04105-CART,4,1
N26-011-04105-CART,11,1
N26-014-04106-CUID,1,1
N26-014-04106-CUID,2,1
N26-014-04106-CUID,14,1
N26-057-04107-GAIA,49,1
N26-057-04107-GAIA,52,1
N26-057-04107-GAIA,57,1
N26-014-04108-LEVI,1,1
N26-014-04108-LEVI,2,1
N26-014-04108-LEVI,14,1
N26-081-04109-PLAY,77,1
N26-081-04109-PLAY,80,1
N26-081-04109-PLAY,81,1
N26-011-04110-HMXX,1,1
N26-011-04110-HMXX,4,1
N26-011-04110-HMXX,11,1
N26-063-04111-PANT,60,1
N26-063-04111-PANT,63,1
N26-011-04112-CART,1,1
N26-011-04112-CART,4,1
N26-011-04112-CART,11,1
N26-014-04113-CUID,1,1
N26-014-04113-CUID,2,1
N26-014-04113-CUID,14,1
N26-026-04114-DRMA,19,1
N26-026-04114-DRMA,21,1
N26-026-04114-DRMA,26,1
N26-090-04115-ARMO,89,1
N26-090-04115-ARMO,90,1
N26-078-04116-CLEM,77,1
N26-078-04116-CLEM,78,1
N26-043-04117-VORA,36,1
N26-043-04117-VORA,37,1
N26-043-04117-VORA,43,1
N26-008-04118-HMXX,1,1
N26-008-04118-HMXX,3,1
N26-008-04118-HMXX,8,1
N26-066-04119-MACX,60,1
N26-066-04119-MACX,61,1
N26-066-04119-MACX,66,1
N26-035-04120-PINE,28,1
N26-035-04120-PINE,35,1
N26-035-04120-PINE,96,1
N26-035-04120-PINE,100,1
N26-095-04121-ROYA,93,1
N26-095-04121-ROYA,95,1
N26-018-04122-ADID,1,1
N26-018-04122-ADID,4,1
N26-018-04122-ADID,18,1
N26-091-04123-MIKE,89,1
N26-091-04123-MIKE,91,1
N26-079-04124-DIST,77,1
N26-079-04124-DIST,79,1
N26-058-04125-TECN,49,1
N26-058-04125-TECN,53,1
N26-058-04125-TECN,58,1
N26-074-04126-BOWF,69,1
N26-074-04126-BOWF,70,1
N26-074-04126-BOWF,74,1
N26-008-04127-CUID,1,1
N26-008-04127-CUID,3,1
N26-008-04127-CUID,8,1
N26-075-04128-ADID,69,1
N26-075-04128-ADID,70,1
N26-075-04128-ADID,75,1
N26-075-04128-ADID,96,1
N26-075-04128-ADID,100,1
N26-005-04129-HUGO,1,1
N26-005-04129-HUGO,2,1
N26-005-04129-HUGO,5,1
N26-083-04130-ASMO,77,1
N26-083-04130-ASMO,83,1
N26-083-04130-ASMO,96,1
N26-083-04130-ASMO,98,1
N26-044-04131-LANI,36,1
N26-044-04131-LANI,38,1
N26-044-04131-LANI,44,1
N26-071-04132-ADID,69,1
N26-071-04132-ADID,71,1
N26-048-04133-SONY,36,1
N26-048-04133-SONY,40,1
N26-048-04133-SONY,48,1
N26-024-04134-HUSH,19,1
N26-024-04134-HUSH,20,1
N26-024-04134-HUSH,24,1
N26-044-04135-SAMS,36,1
N26-044-04135-SAMS,38,1
N26-044-04135-SAMS,44,1
N26-066-04136-REVL,60,1
N26-066-04136-REVL,61,1
N26-066-04136-REVL,66,1
N26-079-04137-MATT,77,1
N26-079-04137-MATT,79,1
N26-027-04138-HAVA,19,1
N26-027-04138-HAVA,22,1
N26-027-04138-HAVA,27,1
N26-005-04139-DOCK,1,1
N26-005-04139-DOCK,2,1
N26-005-04139-DOCK,5,1
N26-072-04140-NIKE,69,1
N26-072-04140-NIKE,72,1
N26-057-04141-GAIA,49,1
N26-057-04141-GAIA,52,1
N26-057-04141-GAIA,57,1
N26-006-04142-HMXX,1,1
N26-006-04142-HMXX,2,1
N26-006-04142-HMXX,6,1
N26-073-04143-SHIM,69,1
N26-073-04143-SHIM,73,1
N26-073-04143-SHIM,96,1
N26-073-04143-SHIM,98,1
N26-007-04144-MASS,1,1
N26-007-04144-MASS,3,1
N26-007-04144-MASS,7,1
N26-063-04145-LORA,60,1
N26-063-04145-LORA,63,1
N26-050-04146-KITC,49,1
N26-050-04146-KITC,50,1
N26-067-04147-GRIS,60,1
N26-067-04147-GRIS,62,1
N26-067-04147-GRIS,67,1
N26-094-04148-HILL,93,1
N26-094-04148-HILL,94,1
N26-094-04148-HILL,96,1
N26-094-04148-HILL,98,1
N26-029-04149-ADID,28,1
N26-029-04149-ADID,29,1
N26-015-04150-HMXX,1,1
N26-015-04150-HMXX,3,1
N26-015-04150-HMXX,15,1
N26-055-04151-MABE,49,1
N26-055-04151-MABE,51,1
N26-055-04151-MABE,55,1
N26-055-04151-MABE,96,1
N26-055-04151-MABE,100,1
N26-044-04152-GOOG,36,1
N26-044-04152-GOOG,38,1
N26-044-04152-GOOG,44,1
N26-017-04153-HMXX,1,1
N26-017-04153-HMXX,4,1
N26-017-04153-HMXX,17,1
N26-017-04154-CUID,1,1
N26-017-04154-CUID,4,1
N26-017-04154-CUID,17,1
N26-046-04155-SAMS,36,1
N26-046-04155-SAMS,39,1
N26-046-04155-SAMS,46,1
N26-018-04156-NIKE,1,1
N26-018-04156-NIKE,4,1
N26-018-04156-NIKE,18,1
N26-023-04157-PANA,19,1
N26-023-04157-PANA,20,1
N26-023-04157-PANA,23,1
N26-073-04158-BENO,69,1
N26-073-04158-BENO,73,1
N26-011-04159-CHAR,1,1
N26-011-04159-CHAR,4,1
N26-011-04159-CHAR,11,1
N26-065-04160-MACX,60,1
N26-065-04160-MACX,61,1
N26-065-04160-MACX,65,1
N26-023-04161-NIKE,19,1
N26-023-04161-NIKE,20,1
N26-023-04161-NIKE,23,1
N26-081-04162-PLAY,77,1
N26-081-04162-PLAY,80,1
N26-081-04162-PLAY,81,1
N26-033-04163-PUMA,28,1
N26-033-04163-PUMA,33,1
N26-010-04164-HMXX,1,1
N26-010-04164-HMXX,4,1
N26-010-04164-HMXX,10,1
N26-050-04165-VASC,49,1
N26-050-04165-VASC,50,1
N26-050-04165-VASC,96,1
N26-050-04165-VASC,100,1
N26-071-04166-VOIT,69,1
N26-071-04166-VOIT,71,1
N26-047-04167-STER,36,1
N26-047-04167-STER,39,1
N26-047-04167-STER,47,1
N26-005-04168-CUID,1,1
N26-005-04168-CUID,2,1
N26-005-04168-CUID,5,1
N26-005-04168-CUID,96,1
N26-005-04168-CUID,99,1
N26-009-04169-BABY,1,1
N26-009-04169-BABY,4,1
N26-009-04169-BABY,9,1
N26-064-04170-PAIP,60,1
N26-064-04170-PAIP,64,1
N26-008-04171-BERS,1,1
N26-008-04171-BERS,3,1
N26-008-04171-BERS,8,1
N26-092-04172-NGKX,89,1
N26-092-04172-NGKX,92,1
N26-010-04173-CAXX,1,1
N26-010-04173-CAXX,4,1
N26-010-04173-CAXX,10,1
N26-033-04174-UNDE,28,1
N26-033-04174-UNDE,33,1
N26-047-04175-SONY,36,1
N26-047-04175-SONY,39,1
N26-047-04175-SONY,47,1
N26-083-04176-ASMO,77,1
N26-083-04176-ASMO,83,1
N26-042-04177-CORS,36,1
N26-042-04177-CORS,37,1
N26-042-04177-CORS,42,1
N26-007-04178-MANG,1,1
N26-007-04178-MANG,3,1
N26-007-04178-MANG,7,1
N26-012-04179-HMXX,1,1
N26-012-04179-HMXX,4,1
N26-012-04179-HMXX,12,1
N26-016-04180-ZARA,1,1
N26-016-04180-ZARA,3,1
N26-016-04180-ZARA,16,1
N26-016-04180-ZARA,96,1
N26-016-04180-ZARA,99,1
N26-007-04181-HMXX,1,1
N26-007-04181-HMXX,3,1
N26-007-04181-HMXX,7,1
N26-041-04182-LANI,36,1
N26-041-04182-LANI,37,1
N26-041-04182-LANI,41,1
N26-029-04183-ADID,28,1
N26-029-04183-ADID,29,1
N26-012-04184-PULL,1,1
N26-012-04184-PULL,4,1
N26-012-04184-PULL,12,1
N26-012-04184-PULL,96,1
N26-012-04184-PULL,99,1
N26-063-04185-GRIS,60,1
N26-063-04185-GRIS,63,1
N26-090-04186-MIKE,89,1
N26-090-04186-MIKE,90,1
N26-034-04187-PINE,28,1
N26-034-04187-PINE,34,1
N26-056-04188-OSTE,49,1
N26-056-04188-OSTE,51,1
N26-056-04188-OSTE,56,1
N26-056-04188-OSTE,96,1
N26-056-04188-OSTE,98,1
N26-007-04189-MASS,1,1
N26-007-04189-MASS,3,1
N26-007-04189-MASS,7,1
N26-007-04189-MASS,96,1
N26-007-04189-MASS,97,1
N26-059-04190-VIAN,49,1
N26-059-04190-VIAN,54,1
N26-059-04190-VIAN,59,1
N26-059-04190-VIAN,96,1
N26-059-04190-VIAN,99,1
N26-092-04191-BOSC,89,1
N26-092-04191-BOSC,92,1
N26-068-04192-GRIS,60,1
N26-068-04192-GRIS,62,1
N26-068-04192-GRIS,68,1
N26-068-04192-GRIS,96,1
N26-068-04192-GRIS,97,1
N26-082-04193-XBOX,77,1
N26-082-04193-XBOX,80,1
N26-082-04193-XBOX,82,1
N26-082-04193-XBOX,96,1
N26-082-04193-XBOX,100,1
N26-095-04194-NUPE,93,1
N26-095-04194-NUPE,95,1
N26-071-04195-PUMA,69,1
N26-071-04195-PUMA,71,1
N26-041-04196-APPL,36,1
N26-041-04196-APPL,37,1
N26-041-04196-APPL,41,1
N26-041-04196-APPL,96,1
N26-041-04196-APPL,98,1
N26-072-04197-ADID,69,1
N26-072-04197-ADID,72,1
N26-072-04197-ADID,96,1
N26-072-04197-ADID,100,1
N26-023-04198-SKEC,19,1
N26-023-04198-SKEC,20,1
N26-023-04198-SKEC,23,1
N26-074-04199-EVER,69,1
N26-074-04199-EVER,70,1
N26-074-04199-EVER,74,1
N26-068-04200-GRIS,60,1
N26-068-04200-GRIS,62,1
N26-068-04200-GRIS,68,1
N26-068-04200-GRIS,96,1
N26-068-04200-GRIS,100,1
N26-044-04201-LANI,36,1
N26-044-04201-LANI,38,1
N26-044-04201-LANI,44,1
N26-068-04202-EUCE,60,1
N26-068-04202-EUCE,62,1
N26-068-04202-EUCE,68,1
N26-068-04202-EUCE,96,1
N26-068-04202-EUCE,99,1
N26-063-04203-HEAD,60,1
N26-063-04203-HEAD,63,1
N26-012-04204-BERS,1,1
N26-012-04204-BERS,4,1
N26-012-04204-BERS,12,1
N26-017-04205-PUMA,1,1
N26-017-04205-PUMA,4,1
N26-017-04205-PUMA,17,1
N26-072-04206-CHAR,69,1
N26-072-04206-CHAR,72,1
N26-072-04206-CHAR,96,1
N26-072-04206-CHAR,99,1
N26-071-04207-ADID,69,1
N26-071-04207-ADID,71,1
N26-043-04208-RAZE,36,1
N26-043-04208-RAZE,37,1
N26-043-04208-RAZE,43,1
N26-015-04209-MANG,1,1
N26-015-04209-MANG,3,1
N26-015-04209-MANG,15,1
N26-015-04209-MANG,96,1
N26-015-04209-MANG,99,1
N26-033-04210-UNDE,28,1
N26-033-04210-UNDE,33,1
N26-033-04210-UNDE,96,1
N26-033-04210-UNDE,100,1
N26-047-04211-STER,36,1
N26-047-04211-STER,39,1
N26-047-04211-STER,47,1
N26-029-04212-PINE,28,1
N26-029-04212-PINE,29,1
N26-029-04212-PINE,96,1
N26-029-04212-PINE,100,1
N26-087-04213-PACK,84,1
N26-087-04213-PACK,85,1
N26-087-04213-PACK,87,1
N26-044-04214-APPL,36,1
N26-044-04214-APPL,38,1
N26-044-04214-APPL,44,1
N26-065-04215-BISS,60,1
N26-065-04215-BISS,61,1
N26-065-04215-BISS,65,1
N26-014-04216-CUID,1,1
N26-014-04216-CUID,2,1
N26-014-04216-CUID,14,1
N26-048-04217-HISE,36,1
N26-048-04217-HISE,40,1
N26-048-04217-HISE,48,1
N26-048-04217-HISE,96,1
N26-048-04217-HISE,100,1
N26-083-04218-MATT,77,1
N26-083-04218-MATT,83,1
N26-059-04219-IKEA,49,1
N26-059-04219-IKEA,54,1
N26-059-04219-IKEA,59,1
N26-081-04220-XBOX,77,1
N26-081-04220-XBOX,80,1
N26-081-04220-XBOX,81,1
N26-059-04221-LUUN,49,1
N26-059-04221-LUUN,54,1
N26-059-04221-LUUN,59,1
N26-088-04222-SCRI,84,1
N26-088-04222-SCRI,86,1
N26-088-04222-SCRI,88,1
N26-034-04223-LEVI,28,1
N26-034-04223-LEVI,34,1
N26-023-04224-NIKE,19,1
N26-023-04224-NIKE,20,1
N26-023-04224-NIKE,23,1
N26-095-04225-ROYA,93,1
N26-095-04225-ROYA,95,1
N26-071-04226-PIRM,69,1
N26-071-04226-PIRM,71,1
N26-083-04227-RAVE,77,1
N26-083-04227-RAVE,83,1
N26-083-04228-RAVE,77,1
N26-083-04228-RAVE,83,1
N26-013-04229-NIKE,1,1
N26-013-04229-NIKE,2,1
N26-013-04229-NIKE,13,1
N26-013-04229-NIKE,96,1
N26-013-04229-NIKE,99,1
N26-008-04230-ZARA,1,1
N26-008-04230-ZARA,3,1
N26-008-04230-ZARA,8,1
N26-092-04231-DENS,89,1
N26-092-04231-DENS,92,1
N26-092-04231-DENS,96,1
N26-092-04231-DENS,98,1
N26-032-04232-POLA,28,1
N26-032-04232-POLA,32,1
N26-008-04233-BERS,1,1
N26-008-04233-BERS,3,1
N26-008-04233-BERS,8,1
N26-012-04234-HMXX,1,1
N26-012-04234-HMXX,4,1
N26-012-04234-HMXX,12,1
N26-065-04235-NYXX,60,1
N26-065-04235-NYXX,61,1
N26-065-04235-NYXX,65,1
N26-030-04236-SWAR,28,1
N26-030-04236-SWAR,30,1
N26-030-04236-SWAR,96,1
N26-030-04236-SWAR,100,1
N26-024-04237-CLAR,19,1
N26-024-04237-CLAR,20,1
N26-024-04237-CLAR,24,1
N26-024-04237-CLAR,96,1
N26-024-04237-CLAR,97,1
N26-079-04238-DIST,77,1
N26-079-04238-DIST,79,1
N26-087-04239-PACK,84,1
N26-087-04239-PACK,85,1
N26-087-04239-PACK,87,1
N26-087-04239-PACK,96,1
N26-087-04239-PACK,97,1
N26-083-04240-ASMO,77,1
N26-083-04240-ASMO,83,1
N26-064-04241-PAIP,60,1
N26-064-04241-PAIP,64,1
N26-031-04242-SEIK,28,1
N26-031-04242-SEIK,31,1
N26-050-04243-TRAM,49,1
N26-050-04243-TRAM,50,1
N26-088-04244-PILO,84,1
N26-088-04244-PILO,86,1
N26-088-04244-PILO,88,1
N26-087-04245-PEAR,84,1
N26-087-04245-PEAR,85,1
N26-087-04245-PEAR,87,1
N26-064-04246-CARO,60,1
N26-064-04246-CARO,64,1
N26-064-04246-CARO,96,1
N26-064-04246-CARO,99,1
N26-076-04247-THEN,69,1
N26-076-04247-THEN,76,1
N26-076-04247-THEN,96,1
N26-076-04247-THEN,99,1
N26-007-04248-MANG,1,1
N26-007-04248-MANG,3,1
N26-007-04248-MANG,7,1
N26-018-04249-CHAR,1,1
N26-018-04249-CHAR,4,1
N26-018-04249-CHAR,18,1
N26-046-04250-APPL,36,1
N26-046-04250-APPL,39,1
N26-046-04250-APPL,46,1
N26-046-04250-APPL,96,1
N26-046-04250-APPL,98,1
N26-068-04251-GRIS,60,1
N26-068-04251-GRIS,62,1
N26-068-04251-GRIS,68,1
N26-076-04252-THEN,69,1
N26-076-04252-THEN,76,1
N26-076-04252-THEN,96,1
N26-076-04252-THEN,98,1
N26-012-04253-CUID,1,1
N26-012-04253-CUID,4,1
N26-012-04253-CUID,12,1
N26-067-04254-NIVE,60,1
N26-067-04254-NIVE,62,1
N26-067-04254-NIVE,67,1
N26-092-04255-MONR,89,1
N26-092-04255-MONR,92,1
N26-092-04255-MONR,96,1
N26-092-04255-MONR,97,1
N26-045-04256-ESRX,36,1
N26-045-04256-ESRX,38,1
N26-045-04256-ESRX,45,1
N26-075-04257-NIKE,69,1
N26-075-04257-NIKE,70,1
N26-075-04257-NIKE,75,1
N26-066-04258-BISS,60,1
N26-066-04258-BISS,61,1
N26-066-04258-BISS,66,1
N26-013-04259-LEVI,1,1
N26-013-04259-LEVI,2,1
N26-013-04259-LEVI,13,1
N26-013-04259-LEVI,96,1
N26-013-04259-LEVI,99,1
N26-071-04260-ADID,69,1
N26-071-04260-ADID,71,1
N26-065-04261-PAIP,60,1
N26-065-04261-PAIP,61,1
N26-065-04261-PAIP,65,1
N26-044-04262-MOTO,36,1
N26-044-04262-MOTO,38,1
N26-044-04262-MOTO,44,1
N26-044-04262-MOTO,96,1
N26-044-04262-MOTO,100,1
N26-008-04263-CUID,1,1
N26-008-04263-CUID,3,1
N26-008-04263-CUID,8,1
N26-031-04264-SEIK,28,1
N26-031-04264-SEIK,31,1
N26-031-04264-SEIK,96,1
N26-031-04264-SEIK,99,1
N26-010-04265-CAXX,1,1
N26-010-04265-CAXX,4,1
N26-010-04265-CAXX,10,1
N26-010-04265-CAXX,96,1
N26-010-04265-CAXX,100,1
N26-075-04266-GAIA,69,1
N26-075-04266-GAIA,70,1
N26-075-04266-GAIA,75,1
N26-043-04267-RAZE,36,1
N26-043-04267-RAZE,37,1
N26-043-04267-RAZE,43,1
N26-016-04268-ZARA,1,1
N26-016-04268-ZARA,3,1
N26-016-04268-ZARA,16,1
N26-095-04269-ROYA,93,1
N26-095-04269-ROYA,95,1
N26-050-04270-KITC,49,1
N26-050-04270-KITC,50,1
N26-081-04271-PLAY,77,1
N26-081-04271-PLAY,80,1
N26-081-04271-PLAY,81,1
N26-032-04272-RAYB,28,1
N26-032-04272-RAYB,32,1
N26-057-04273-GAIA,49,1
N26-057-04273-GAIA,52,1
N26-057-04273-GAIA,57,1
N26-016-04274-ZARA,1,1
N26-016-04274-ZARA,3,1
N26-016-04274-ZARA,16,1
N26-034-04275-HUGO,28,1
N26-034-04275-HUGO,34,1
N26-015-04276-CAXX,1,1
N26-015-04276-CAXX,3,1
N26-015-04276-CAXX,15,1
N26-018-04277-ADID,1,1
N26-018-04277-ADID,4,1
N26-018-04277-ADID,18,1
N26-023-04278-PANA,19,1
N26-023-04278-PANA,20,1
N26-023-04278-PANA,23,1
N26-071-04279-PUMA,69,1
N26-071-04279-PUMA,71,1
N26-015-04280-HMXX,1,1
N26-015-04280-HMXX,3,1
N26-015-04280-HMXX,15,1
N26-007-04281-MASS,1,1
N26-007-04281-MASS,3,1
N26-007-04281-MASS,7,1
N26-007-04281-MASS,96,1
N26-007-04281-MASS,97,1
N26-065-04282-NYXX,60,1
N26-065-04282-NYXX,61,1
N26-065-04282-NYXX,65,1
N26-065-04282-NYXX,96,1
N26-065-04282-NYXX,97,1
N26-048-04283-LGXX,36,1
N26-048-04283-LGXX,40,1
N26-048-04283-LGXX,48,1
N26-026-04284-FLEX,19,1
N26-026-04284-FLEX,21,1
N26-026-04284-FLEX,26,1
N26-026-04284-FLEX,96,1
N26-026-04284-FLEX,100,1
N26-011-04285-CHAR,1,1
N26-011-04285-CHAR,4,1
N26-011-04285-CHAR,11,1
N26-007-04286-CUID,1,1
N26-007-04286-CUID,3,1
N26-007-04286-CUID,7,1
N26-058-04287-TECN,49,1
N26-058-04287-TECN,53,1
N26-058-04287-TECN,58,1
N26-058-04287-TECN,96,1
N26-058-04287-TECN,99,1
N26-092-04288-GONH,89,1
N26-092-04288-GONH,92,1
N26-055-04289-KOBL,49,1
N26-055-04289-KOBL,51,1
N26-055-04289-KOBL,55,1
N26-016-04290-MASS,1,1
N26-016-04290-MASS,3,1
N26-016-04290-MASS,16,1
N26-016-04290-MASS,96,1
N26-016-04290-MASS,97,1
N26-015-04291-MANG,1,1
N26-015-04291-MANG,3,1
N26-015-04291-MANG,15,1
N26-095-04292-ROYA,93,1
N26-095-04292-ROYA,95,1
N26-095-04292-ROYA,96,1
N26-095-04292-ROYA,100,1
N26-017-04293-CUID,1,1
N26-017-04293-CUID,4,1
N26-017-04293-CUID,17,1
N26-076-04294-OZAR,69,1
N26-076-04294-OZAR,76,1
N26-025-04295-FLEX,19,1
N26-025-04295-FLEX,21,1
N26-025-04295-FLEX,25,1
N26-055-04296-KOBL,49,1
N26-055-04296-KOBL,51,1
N26-055-04296-KOBL,55,1
N26-087-04297-PACK,84,1
N26-087-04297-PACK,85,1
N26-087-04297-PACK,87,1
N26-035-04298-SAMS,28,1
N26-035-04298-SAMS,35,1
N26-048-04299-SONY,36,1
N26-048-04299-SONY,40,1
N26-048-04299-SONY,48,1
N26-048-04299-SONY,96,1
N26-048-04299-SONY,97,1
N26-015-04300-ZARA,1,1
N26-015-04300-ZARA,3,1
N26-015-04300-ZARA,15,1
N26-082-04301-HYPE,77,1
N26-082-04301-HYPE,80,1
N26-082-04301-HYPE,82,1
N26-059-04302-VIAN,49,1
N26-059-04302-VIAN,54,1
N26-059-04302-VIAN,59,1
N26-046-04303-STER,36,1
N26-046-04303-STER,39,1
N26-046-04303-STER,46,1
N26-091-04304-MIKE,89,1
N26-091-04304-MIKE,91,1
N26-017-04305-PUMA,1,1
N26-017-04305-PUMA,4,1
N26-017-04305-PUMA,17,1
N26-017-04305-PUMA,96,1
N26-017-04305-PUMA,100,1
N26-065-04306-BISS,60,1
N26-065-04306-BISS,61,1
N26-065-04306-BISS,65,1
N26-017-04307-HMXX,1,1
N26-017-04307-HMXX,4,1
N26-017-04307-HMXX,17,1
N26-090-04308-3MXX,89,1
N26-090-04308-3MXX,90,1
N26-090-04308-3MXX,96,1
N26-090-04308-3MXX,98,1
N26-073-04309-SPEC,69,1
N26-073-04309-SPEC,73,1
N26-023-04310-PANA,19,1
N26-023-04310-PANA,20,1
N26-023-04310-PANA,23,1
N26-083-04311-DEVI,77,1
N26-083-04311-DEVI,83,1
N26-074-04312-EVER,69,1
N26-074-04312-EVER,70,1
N26-074-04312-EVER,74,1
N26-066-04313-MACX,60,1
N26-066-04313-MACX,61,1
N26-066-04313-MACX,66,1
N26-015-04314-MANG,1,1
N26-015-04314-MANG,3,1
N26-015-04314-MANG,15,1
N26-005-04315-LEVI,1,1
N26-005-04315-LEVI,2,1
N26-005-04315-LEVI,5,1
N26-013-04316-CUID,1,1
N26-013-04316-CUID,2,1
N26-013-04316-CUID,13,1
N26-013-04316-CUID,96,1
N26-013-04316-CUID,100,1
N26-081-04317-PLAY,77,1
N26-081-04317-PLAY,80,1
N26-081-04317-PLAY,81,1
N26-074-04318-CAPB,69,1
N26-074-04318-CAPB,70,1
N26-074-04318-CAPB,74,1
N26-082-04319-RAZE,77,1
N26-082-04319-RAZE,80,1
N26-082-04319-RAZE,82,1
N26-082-04319-RAZE,96,1
N26-082-04319-RAZE,99,1
N26-082-04320-RAZE,77,1
N26-082-04320-RAZE,80,1
N26-082-04320-RAZE,82,1
N26-091-04321-3MXX,89,1
N26-091-04321-3MXX,91,1
N26-041-04322-LANI,36,1
N26-041-04322-LANI,37,1
N26-041-04322-LANI,41,1
N26-095-04323-HILL,93,1
N26-095-04323-HILL,95,1
N26-095-04323-HILL,96,1
N26-095-04323-HILL,99,1
N26-055-04324-HAMI,49,1
N26-055-04324-HAMI,51,1
N26-055-04324-HAMI,55,1
N26-026-04325-FLEX,19,1
N26-026-04325-FLEX,21,1
N26-026-04325-FLEX,26,1
N26-018-04326-CHAR,1,1
N26-018-04326-CHAR,4,1
N26-018-04326-CHAR,18,1
N26-057-04327-GAIA,49,1
N26-057-04327-GAIA,52,1
N26-057-04327-GAIA,57,1
N26-034-04328-LEVI,28,1
N26-034-04328-LEVI,34,1
N26-058-04329-IKEA,49,1
N26-058-04329-IKEA,53,1
N26-058-04329-IKEA,58,1
N26-005-04330-CUID,1,1
N26-005-04330-CUID,2,1
N26-005-04330-CUID,5,1
N26-065-04331-BISS,60,1
N26-065-04331-BISS,61,1
N26-065-04331-BISS,65,1
N26-065-04331-BISS,96,1
N26-065-04331-BISS,98,1
N26-017-04332-ADID,1,1
N26-017-04332-ADID,4,1
N26-017-04332-ADID,17,1
N26-031-04333-SEIK,28,1
N26-031-04333-SEIK,31,1
N26-031-04333-SEIK,96,1
N26-031-04333-SEIK,99,1
N26-010-04334-PIRM,1,1
N26-010-04334-PIRM,4,1
N26-010-04334-PIRM,10,1
N26-025-04335-FLEX,19,1
N26-025-04335-FLEX,21,1
N26-025-04335-FLEX,25,1
N26-067-04336-NIVE,60,1
N26-067-04336-NIVE,62,1
N26-067-04336-NIVE,67,1
N26-033-04337-NIKE,28,1
N26-033-04337-NIKE,33,1
N26-005-04338-DOCK,1,1
N26-005-04338-DOCK,2,1
N26-005-04338-DOCK,5,1
N26-018-04339-NIKE,1,1
N26-018-04339-NIKE,4,1
N26-018-04339-NIKE,18,1
N26-075-04340-ADID,69,1
N26-075-04340-ADID,70,1
N26-075-04340-ADID,75,1
N26-074-04341-DECA,69,1
N26-074-04341-DECA,70,1
N26-074-04341-DECA,74,1
N26-074-04341-DECA,96,1
N26-074-04341-DECA,97,1
N26-044-04342-SAMS,36,1
N26-044-04342-SAMS,38,1
N26-044-04342-SAMS,44,1
N26-009-04343-CAXX,1,1
N26-009-04343-CAXX,4,1
N26-009-04343-CAXX,9,1
N26-018-04344-CHAR,1,1
N26-018-04344-CHAR,4,1
N26-018-04344-CHAR,18,1
N26-090-04345-3MXX,89,1
N26-090-04345-3MXX,90,1
N26-094-04346-NUPE,93,1
N26-094-04346-NUPE,94,1
N26-005-04347-CUID,1,1
N26-005-04347-CUID,2,1
N26-005-04347-CUID,5,1
N26-042-04348-VORA,36,1
N26-042-04348-VORA,37,1
N26-042-04348-VORA,42,1
N26-091-04349-MIKE,89,1
N26-091-04349-MIKE,91,1
N26-016-04350-HMXX,1,1
N26-016-04350-HMXX,3,1
N26-016-04350-HMXX,16,1
N26-035-04351-FOSS,28,1
N26-035-04351-FOSS,35,1
N26-078-04352-MIAL,77,1
N26-078-04352-MIAL,78,1
N26-017-04353-CUID,1,1
N26-017-04353-CUID,4,1
N26-017-04353-CUID,17,1
N26-017-04353-CUID,96,1
N26-017-04353-CUID,97,1
N26-025-04354-ZARA,19,1
N26-025-04354-ZARA,21,1
N26-025-04354-ZARA,25,1
N26-015-04355-ZARA,1,1
N26-015-04355-ZARA,3,1
N26-015-04355-ZARA,15,1
N26-025-04356-ZARA,19,1
N26-025-04356-ZARA,21,1
N26-025-04356-ZARA,25,1
N26-006-04357-CUID,1,1
N26-006-04357-CUID,2,1
N26-006-04357-CUID,6,1
N26-006-04357-CUID,96,1
N26-006-04357-CUID,99,1
N26-073-04358-GIAN,69,1
N26-073-04358-GIAN,73,1
N26-046-04359-STER,36,1
N26-046-04359-STER,39,1
N26-046-04359-STER,46,1
N26-046-04359-STER,96,1
N26-046-04359-STER,99,1
N26-034-04360-TOMM,28,1
N26-034-04360-TOMM,34,1
N26-007-04361-MANG,1,1
N26-007-04361-MANG,3,1
N26-007-04361-MANG,7,1
N26-042-04362-VORA,36,1
N26-042-04362-VORA,37,1
N26-042-04362-VORA,42,1
N26-030-04363-SWAR,28,1
N26-030-04363-SWAR,30,1
N26-030-04363-SWAR,96,1
N26-030-04363-SWAR,100,1
N26-010-04364-CART,1,1
N26-010-04364-CART,4,1
N26-010-04364-CART,10,1
N26-010-04364-CART,96,1
N26-010-04364-CART,98,1
N26-078-04365-MIAL,77,1
N26-078-04365-MIAL,78,1
N26-057-04366-ASHL,49,1
N26-057-04366-ASHL,52,1
N26-057-04366-ASHL,57,1
N26-075-04367-NIKE,69,1
N26-075-04367-NIKE,70,1
N26-075-04367-NIKE,75,1
N26-074-04368-CAPB,69,1
N26-074-04368-CAPB,70,1
N26-074-04368-CAPB,74,1
N26-006-04369-HMXX,1,1
N26-006-04369-HMXX,2,1
N26-006-04369-HMXX,6,1
N26-088-04370-ZEBR,84,1
N26-088-04370-ZEBR,86,1
N26-088-04370-ZEBR,88,1
N26-068-04371-ISDI,60,1
N26-068-04371-ISDI,62,1
N26-068-04371-ISDI,68,1
N26-074-04372-BOWF,69,1
N26-074-04372-BOWF,70,1
N26-074-04372-BOWF,74,1
N26-056-04373-KOBL,49,1
N26-056-04373-KOBL,51,1
N26-056-04373-KOBL,56,1
N26-006-04374-HMXX,1,1
N26-006-04374-HMXX,2,1
N26-006-04374-HMXX,6,1
N26-067-04375-GRIS,60,1
N26-067-04375-GRIS,62,1
N26-067-04375-GRIS,67,1
N26-067-04375-GRIS,96,1
N26-067-04375-GRIS,99,1
N26-075-04376-GAIA,69,1
N26-075-04376-GAIA,70,1
N26-075-04376-GAIA,75,1
N26-075-04376-GAIA,96,1
N26-075-04376-GAIA,97,1
N26-005-04377-DOCK,1,1
N26-005-04377-DOCK,2,1
N26-005-04377-DOCK,5,1
N26-063-04378-PANT,60,1
N26-063-04378-PANT,63,1
N26-014-04379-CUID,1,1
N26-014-04379-CUID,2,1
N26-014-04379-CUID,14,1
N26-067-04380-GRIS,60,1
N26-067-04380-GRIS,62,1
N26-067-04380-GRIS,67,1
N26-091-04381-3MXX,89,1
N26-091-04381-3MXX,91,1
N26-056-04382-HAMI,49,1
N26-056-04382-HAMI,51,1
N26-056-04382-HAMI,56,1
N26-056-04382-HAMI,96,1
N26-056-04382-HAMI,98,1
N26-083-04383-DEVI,77,1
N26-083-04383-DEVI,83,1
N26-083-04383-DEVI,96,1
N26-083-04383-DEVI,99,1
N26-059-04384-LUUN,49,1
N26-059-04384-LUUN,54,1
N26-059-04384-LUUN,59,1
N26-079-04385-DIST,77,1
N26-079-04385-DIST,79,1
N26-023-04386-NIKE,19,1
N26-023-04386-NIKE,20,1
N26-023-04386-NIKE,23,1
N26-030-04387-PAND,28,1
N26-030-04387-PAND,30,1
N26-067-04388-CERA,60,1
N26-067-04388-CERA,62,1
N26-067-04388-CERA,67,1
N26-055-04389-NINJ,49,1
N26-055-04389-NINJ,51,1
N26-055-04389-NINJ,55,1
N26-058-04390-IKEA,49,1
N26-058-04390-IKEA,53,1
N26-058-04390-IKEA,58,1
N26-075-04391-ADID,69,1
N26-075-04391-ADID,70,1
N26-075-04391-ADID,75,1
N26-094-04392-PURI,93,1
N26-094-04392-PURI,94,1
N26-071-04393-NIKE,69,1
N26-071-04393-NIKE,71,1
N26-043-04394-VORA,36,1
N26-043-04394-VORA,37,1
N26-043-04394-VORA,43,1
N26-013-04395-CUID,1,1
N26-013-04395-CUID,2,1
N26-013-04395-CUID,13,1
N26-023-04396-ADID,19,1
N26-023-04396-ADID,20,1
N26-023-04396-ADID,23,1
N26-045-04397-STER,36,1
N26-045-04397-STER,38,1
N26-045-04397-STER,45,1
N26-034-04398-DOCK,28,1
N26-034-04398-DOCK,34,1
N26-034-04398-DOCK,96,1
N26-034-04398-DOCK,98,1
N26-014-04399-WRAN,1,1
N26-014-04399-WRAN,2,1
N26-014-04399-WRAN,14,1
N26-014-04399-WRAN,96,1
N26-014-04399-WRAN,99,1
N26-087-04400-PORR,84,1
N26-087-04400-PORR,85,1
N26-087-04400-PORR,87,1
N26-083-04401-ASMO,77,1
N26-083-04401-ASMO,83,1
N26-005-04402-LEVI,1,1
N26-005-04402-LEVI,2,1
N26-005-04402-LEVI,5,1
N26-005-04402-LEVI,96,1
N26-005-04402-LEVI,99,1
N26-045-04403-UAGX,36,1
N26-045-04403-UAGX,38,1
N26-045-04403-UAGX,45,1
N26-016-04404-CAXX,1,1
N26-016-04404-CAXX,3,1
N26-016-04404-CAXX,16,1
N26-050-04405-TRAM,49,1
N26-050-04405-TRAM,50,1
N26-050-04405-TRAM,96,1
N26-050-04405-TRAM,97,1
N26-065-04406-NYXX,60,1
N26-065-04406-NYXX,61,1
N26-065-04406-NYXX,65,1
N26-065-04406-NYXX,96,1
N26-065-04406-NYXX,98,1
N26-033-04407-NEWE,28,1
N26-033-04407-NEWE,33,1
N26-008-04408-CUID,1,1
N26-008-04408-CUID,3,1
N26-008-04408-CUID,8,1
N26-068-04409-LARO,60,1
N26-068-04409-LARO,62,1
N26-068-04409-LARO,68,1
N26-065-04410-PAIP,60,1
N26-065-04410-PAIP,61,1
N26-065-04410-PAIP,65,1
N26-092-04411-MONR,89,1
N26-092-04411-MONR,92,1
N26-056-04412-KOBL,49,1
N26-056-04412-KOBL,51,1
N26-056-04412-KOBL,56,1
N26-083-04413-DEVI,77,1
N26-083-04413-DEVI,83,1
N26-017-04414-PUMA,1,1
N26-017-04414-PUMA,4,1
N26-017-04414-PUMA,17,1
N26-005-04415-CUID,1,1
N26-005-04415-CUID,2,1
N26-005-04415-CUID,5,1
N26-067-04416-GRIS,60,1
N26-067-04416-GRIS,62,1
N26-067-04416-GRIS,67,1
N26-067-04416-GRIS,96,1
N26-067-04416-GRIS,99,1
N26-048-04417-SAMS,36,1
N26-048-04417-SAMS,40,1
N26-048-04417-SAMS,48,1
N26-066-04418-BISS,60,1
N26-066-04418-BISS,61,1
N26-066-04418-BISS,66,1
N26-088-04419-BARR,84,1
N26-088-04419-BARR,86,1
N26-088-04419-BARR,88,1
N26-090-04420-3MXX,89,1
N26-090-04420-3MXX,90,1
N26-071-04421-ADID,69,1
N26-071-04421-ADID,71,1
N26-046-04422-STER,36,1
N26-046-04422-STER,39,1
N26-046-04422-STER,46,1
N26-067-04423-CERA,60,1
N26-067-04423-CERA,62,1
N26-067-04423-CERA,67,1
N26-074-04424-CAPB,69,1
N26-074-04424-CAPB,70,1
N26-074-04424-CAPB,74,1
N26-074-04424-CAPB,96,1
N26-074-04424-CAPB,97,1
N26-087-04425-PACK,84,1
N26-087-04425-PACK,85,1
N26-087-04425-PACK,87,1
N26-087-04425-PACK,96,1
N26-087-04425-PACK,98,1
N26-047-04426-MARS,36,1
N26-047-04426-MARS,39,1
N26-047-04426-MARS,47,1
N26-065-04427-BISS,60,1
N26-065-04427-BISS,61,1
N26-065-04427-BISS,65,1
N26-095-04428-ROYA,93,1
N26-095-04428-ROYA,95,1
N26-095-04428-ROYA,96,1
N26-095-04428-ROYA,100,1
N26-072-04429-CHAR,69,1
N26-072-04429-CHAR,72,1
N26-083-04430-MATT,77,1
N26-083-04430-MATT,83,1
N26-034-04431-LEVI,28,1
N26-034-04431-LEVI,34,1
N26-076-04432-QUEC,69,1
N26-076-04432-QUEC,76,1
N26-025-04433-NINE,19,1
N26-025-04433-NINE,21,1
N26-025-04433-NINE,25,1
N26-033-04434-NIKE,28,1
N26-033-04434-NIKE,33,1
N26-046-04435-STER,36,1
N26-046-04435-STER,39,1
N26-046-04435-STER,46,1
N26-046-04435-STER,96,1
N26-046-04435-STER,99,1
N26-014-04436-ZARA,1,1
N26-014-04436-ZARA,2,1
N26-014-04436-ZARA,14,1
N26-050-04437-VASC,49,1
N26-050-04437-VASC,50,1
N26-009-04438-HMXX,1,1
N26-009-04438-HMXX,4,1
N26-009-04438-HMXX,9,1
N26-005-04439-MASS,1,1
N26-005-04439-MASS,2,1
N26-005-04439-MASS,5,1
N26-010-04440-PIRM,1,1
N26-010-04440-PIRM,4,1
N26-010-04440-PIRM,10,1
N26-048-04441-LGXX,36,1
N26-048-04441-LGXX,40,1
N26-048-04441-LGXX,48,1
N26-088-04442-SCRI,84,1
N26-088-04442-SCRI,86,1
N26-088-04442-SCRI,88,1
N26-088-04442-SCRI,96,1
N26-088-04442-SCRI,100,1
N26-015-04443-HMXX,1,1
N26-015-04443-HMXX,3,1
N26-015-04443-HMXX,15,1
N26-013-04444-CUID,1,1
N26-013-04444-CUID,2,1
N26-013-04444-CUID,13,1
N26-047-04445-STER,36,1
N26-047-04445-STER,39,1
N26-047-04445-STER,47,1
N26-064-04446-CARO,60,1
N26-064-04446-CARO,64,1
N26-064-04446-CARO,96,1
N26-064-04446-CARO,99,1
N26-075-04447-NIKE,69,1
N26-075-04447-NIKE,70,1
N26-075-04447-NIKE,75,1
N26-083-04448-HASB,77,1
N26-083-04448-HASB,83,1
N26-026-04449-SKEC,19,1
N26-026-04449-SKEC,21,1
N26-026-04449-SKEC,26,1
N26-016-04450-ZARA,1,1
N26-016-04450-ZARA,3,1
N26-016-04450-ZARA,16,1
N26-076-04451-QUEC,69,1
N26-076-04451-QUEC,76,1
N26-076-04451-QUEC,96,1
N26-076-04451-QUEC,100,1
N26-005-04452-DOCK,1,1
N26-005-04452-DOCK,2,1
N26-005-04452-DOCK,5,1
N26-081-04453-NINT,77,1
N26-081-04453-NINT,80,1
N26-081-04453-NINT,81,1
N26-081-04453-NINT,96,1
N26-081-04453-NINT,99,1
N26-017-04454-CUID,1,1
N26-017-04454-CUID,4,1
N26-017-04454-CUID,17,1
N26-047-04455-STER,36,1
N26-047-04455-STER,39,1
N26-047-04455-STER,47,1
N26-073-04456-SPEC,69,1
N26-073-04456-SPEC,73,1
N26-013-04457-HMXX,1,1
N26-013-04457-HMXX,2,1
N26-013-04457-HMXX,13,1
N26-072-04458-CHAR,69,1
N26-072-04458-CHAR,72,1
N26-072-04458-CHAR,96,1
N26-072-04458-CHAR,98,1
N26-017-04459-CUID,1,1
N26-017-04459-CUID,4,1
N26-017-04459-CUID,17,1
N26-094-04460-NUPE,93,1
N26-094-04460-NUPE,94,1
N26-094-04460-NUPE,96,1
N26-094-04460-NUPE,99,1
N26-068-04461-ISDI,60,1
N26-068-04461-ISDI,62,1
N26-068-04461-ISDI,68,1
N26-090-04462-3MXX,89,1
N26-090-04462-3MXX,90,1
N26-090-04462-3MXX,96,1
N26-090-04462-3MXX,100,1
N26-012-04463-CUID,1,1
N26-012-04463-CUID,4,1
N26-012-04463-CUID,12,1
N26-083-04464-RAVE,77,1
N26-083-04464-RAVE,83,1
N26-059-04465-SPRI,49,1
N26-059-04465-SPRI,54,1
N26-059-04465-SPRI,59,1
N26-013-04466-CUID,1,1
N26-013-04466-CUID,2,1
N26-013-04466-CUID,13,1
N26-045-04467-STER,36,1
N26-045-04467-STER,38,1
N26-045-04467-STER,45,1
N26-071-04468-ADID,69,1
N26-071-04468-ADID,71,1
N26-010-04469-HMXX,1,1
N26-010-04469-HMXX,4,1
N26-010-04469-HMXX,10,1
N26-009-04470-GERB,1,1
N26-009-04470-GERB,4,1
N26-009-04470-GERB,9,1
N26-063-04471-GRIS,60,1
N26-063-04471-GRIS,63,1
N26-035-04472-SAMS,28,1
N26-035-04472-SAMS,35,1
N26-014-04473-CUID,1,1
N26-014-04473-CUID,2,1
N26-014-04473-CUID,14,1
N26-011-04474-CART,1,1
N26-011-04474-CART,4,1
N26-011-04474-CART,11,1
N26-016-04475-ZARA,1,1
N26-016-04475-ZARA,3,1
N26-016-04475-ZARA,16,1
N26-025-04476-FLEX,19,1
N26-025-04476-FLEX,21,1
N26-025-04476-FLEX,25,1
N26-056-04477-KOBL,49,1
N26-056-04477-KOBL,51,1
N26-056-04477-KOBL,56,1
N26-013-04478-LEVI,1,1
N26-013-04478-LEVI,2,1
N26-013-04478-LEVI,13,1
N26-041-04479-LANI,36,1
N26-041-04479-LANI,37,1
N26-041-04479-LANI,41,1
N26-055-04480-MABE,49,1
N26-055-04480-MABE,51,1
N26-055-04480-MABE,55,1
N26-055-04480-MABE,96,1
N26-055-04480-MABE,98,1
N26-006-04481-ZARA,1,1
N26-006-04481-ZARA,2,1
N26-006-04481-ZARA,6,1
N26-006-04481-ZARA,96,1
N26-006-04481-ZARA,99,1
N26-008-04482-HMXX,1,1
N26-008-04482-HMXX,3,1
N26-008-04482-HMXX,8,1
N26-034-04483-HUGO,28,1
N26-034-04483-HUGO,34,1
N26-087-04484-TRIL,84,1
N26-087-04484-TRIL,85,1
N26-087-04484-TRIL,87,1
N26-094-04485-PURI,93,1
N26-094-04485-PURI,94,1
N26-046-04486-SONY,36,1
N26-046-04486-SONY,39,1
N26-046-04486-SONY,46,1
N26-046-04486-SONY,96,1
N26-046-04486-SONY,100,1
N26-014-04487-CUID,1,1
N26-014-04487-CUID,2,1
N26-014-04487-CUID,14,1
N26-078-04488-FISH,77,1
N26-078-04488-FISH,78,1
N26-041-04489-DELL,36,1
N26-041-04489-DELL,37,1
N26-041-04489-DELL,41,1
N26-041-04490-LANI,36,1
N26-041-04490-LANI,37,1
N26-041-04490-LANI,41,1
N26-041-04490-LANI,96,1
N26-041-04490-LANI,100,1
N26-034-04491-DOCK,28,1
N26-034-04491-DOCK,34,1
N26-088-04492-SCRI,84,1
N26-088-04492-SCRI,86,1
N26-088-04492-SCRI,88,1
N26-026-04493-FLEX,19,1
N26-026-04493-FLEX,21,1
N26-026-04493-FLEX,26,1
N26-033-04494-NIKE,28,1
N26-033-04494-NIKE,33,1
N26-033-04494-NIKE,96,1
N26-033-04494-NIKE,98,1
N26-010-04495-CART,1,1
N26-010-04495-CART,4,1
N26-010-04495-CART,10,1
N26-006-04496-HMXX,1,1
N26-006-04496-HMXX,2,1
N26-006-04496-HMXX,6,1
N26-072-04497-ASIC,69,1
N26-072-04497-ASIC,72,1
N26-056-04498-KOBL,49,1
N26-056-04498-KOBL,51,1
N26-056-04498-KOBL,56,1
N26-081-04499-VALV,77,1
N26-081-04499-VALV,80,1
N26-081-04499-VALV,81,1
N26-045-04500-STER,36,1
N26-045-04500-STER,38,1
N26-045-04500-STER,45,1
N26-081-04501-XBOX,77,1
N26-081-04501-XBOX,80,1
N26-081-04501-XBOX,81,1
N26-006-04502-PULL,1,1
N26-006-04502-PULL,2,1
N26-006-04502-PULL,6,1
N26-025-04503-ZARA,19,1
N26-025-04503-ZARA,21,1
N26-025-04503-ZARA,25,1
N26-050-04504-VASC,49,1
N26-050-04504-VASC,50,1
N26-078-04505-MIAL,77,1
N26-078-04505-MIAL,78,1
N26-056-04506-HAMI,49,1
N26-056-04506-HAMI,51,1
N26-056-04506-HAMI,56,1
N26-066-04507-MAYB,60,1
N26-066-04507-MAYB,61,1
N26-066-04507-MAYB,66,1
N26-087-04508-PORR,84,1
N26-087-04508-PORR,85,1
N26-087-04508-PORR,87,1
N26-046-04509-STER,36,1
N26-046-04509-STER,39,1
N26-046-04509-STER,46,1
N26-046-04510-SAMS,36,1
N26-046-04510-SAMS,39,1
N26-046-04510-SAMS,46,1
N26-078-04511-FISH,77,1
N26-078-04511-FISH,78,1
N26-050-04512-KITC,49,1
N26-050-04512-KITC,50,1
N26-035-04513-SAMS,28,1
N26-035-04513-SAMS,35,1
N26-078-04514-CLEM,77,1
N26-078-04514-CLEM,78,1
N26-087-04515-PEAR,84,1
N26-087-04515-PEAR,85,1
N26-087-04515-PEAR,87,1
N26-008-04516-CUID,1,1
N26-008-04516-CUID,3,1
N26-008-04516-CUID,8,1
N26-063-04517-GRIS,60,1
N26-063-04517-GRIS,63,1
N26-016-04518-MANG,1,1
N26-016-04518-MANG,3,1
N26-016-04518-MANG,16,1
N26-073-04519-BENO,69,1
N26-073-04519-BENO,73,1
N26-073-04519-BENO,96,1
N26-073-04519-BENO,97,1
N26-029-04520-ADID,28,1
N26-029-04520-ADID,29,1
N26-010-04521-CHAR,1,1
N26-010-04521-CHAR,4,1
N26-010-04521-CHAR,10,1
N26-017-04522-CUID,1,1
N26-017-04522-CUID,4,1
N26-017-04522-CUID,17,1
N26-071-04523-PIRM,69,1
N26-071-04523-PIRM,71,1
N26-018-04524-ADID,1,1
N26-018-04524-ADID,4,1
N26-018-04524-ADID,18,1
N26-087-04525-MCGR,84,1
N26-087-04525-MCGR,85,1
N26-087-04525-MCGR,87,1
N26-076-04526-QUEC,69,1
N26-076-04526-QUEC,76,1
N26-075-04527-GAIA,69,1
N26-075-04527-GAIA,70,1
N26-075-04527-GAIA,75,1
N26-043-04528-RAZE,36,1
N26-043-04528-RAZE,37,1
N26-043-04528-RAZE,43,1
N26-014-04529-LEVI,1,1
N26-014-04529-LEVI,2,1
N26-014-04529-LEVI,14,1
N26-091-04530-MIKE,89,1
N26-091-04530-MIKE,91,1
N26-008-04531-BERS,1,1
N26-008-04531-BERS,3,1
N26-008-04531-BERS,8,1
N26-008-04531-BERS,96,1
N26-008-04531-BERS,98,1
N26-094-04532-NUPE,93,1
N26-094-04532-NUPE,94,1
N26-068-04533-GRIS,60,1
N26-068-04533-GRIS,62,1
N26-068-04533-GRIS,68,1
N26-079-04534-FUNK,77,1
N26-079-04534-FUNK,79,1
N26-012-04535-PULL,1,1
N26-012-04535-PULL,4,1
N26-012-04535-PULL,12,1
N26-012-04535-PULL,96,1
N26-012-04535-PULL,98,1
N26-059-04536-VIAN,49,1
N26-059-04536-VIAN,54,1
N26-059-04536-VIAN,59,1
N26-023-04537-PIRM,19,1
N26-023-04537-PIRM,20,1
N26-023-04537-PIRM,23,1
N26-094-04538-ROYA,93,1
N26-094-04538-ROYA,94,1
N26-074-04539-EVER,69,1
N26-074-04539-EVER,70,1
N26-074-04539-EVER,74,1
N26-026-04540-CATE,19,1
N26-026-04540-CATE,21,1
N26-026-04540-CATE,26,1
N26-046-04541-SAMS,36,1
N26-046-04541-SAMS,39,1
N26-046-04541-SAMS,46,1
N26-065-04542-MACX,60,1
N26-065-04542-MACX,61,1
N26-065-04542-MACX,65,1
N26-059-04543-IKEA,49,1
N26-059-04543-IKEA,54,1
N26-059-04543-IKEA,59,1
N26-059-04543-IKEA,96,1
N26-059-04543-IKEA,100,1
N26-071-04544-PIRM,69,1
N26-071-04544-PIRM,71,1
N26-033-04545-PUMA,28,1
N26-033-04545-PUMA,33,1
N26-011-04546-CAXX,1,1
N26-011-04546-CAXX,4,1
N26-011-04546-CAXX,11,1
N26-018-04547-NIKE,1,1
N26-018-04547-NIKE,4,1
N26-018-04547-NIKE,18,1
N26-075-04548-MAND,69,1
N26-075-04548-MAND,70,1
N26-075-04548-MAND,75,1
N26-075-04548-MAND,96,1
N26-075-04548-MAND,97,1
N26-023-04549-SKEC,19,1
N26-023-04549-SKEC,20,1
N26-023-04549-SKEC,23,1
N26-065-04550-BISS,60,1
N26-065-04550-BISS,61,1
N26-065-04550-BISS,65,1
N26-083-04551-ASMO,77,1
N26-083-04551-ASMO,83,1
N26-050-04552-KITC,49,1
N26-050-04552-KITC,50,1
N26-050-04552-KITC,96,1
N26-050-04552-KITC,98,1
N26-012-04553-CUID,1,1
N26-012-04553-CUID,4,1
N26-012-04553-CUID,12,1
N26-012-04553-CUID,96,1
N26-012-04553-CUID,99,1
N26-046-04554-SAMS,36,1
N26-046-04554-SAMS,39,1
N26-046-04554-SAMS,46,1
N26-046-04554-SAMS,96,1
N26-046-04554-SAMS,98,1
N26-092-04555-DENS,89,1
N26-092-04555-DENS,92,1
N26-092-04555-DENS,96,1
N26-092-04555-DENS,99,1
N26-094-04556-NUPE,93,1
N26-094-04556-NUPE,94,1
N26-012-04557-CUID,1,1
N26-012-04557-CUID,4,1
N26-012-04557-CUID,12,1
N26-082-04558-PLAY,77,1
N26-082-04558-PLAY,80,1
N26-082-04558-PLAY,82,1
N26-048-04559-SAMS,36,1
N26-048-04559-SAMS,40,1
N26-048-04559-SAMS,48,1
N26-048-04559-SAMS,96,1
N26-048-04559-SAMS,98,1
N26-048-04560-SONY,36,1
N26-048-04560-SONY,40,1
N26-048-04560-SONY,48,1
N26-006-04561-HMXX,1,1
N26-006-04561-HMXX,2,1
N26-006-04561-HMXX,6,1
N26-071-04562-PIRM,69,1
N26-071-04562-PIRM,71,1
N26-015-04563-HMXX,1,1
N26-015-04563-HMXX,3,1
N26-015-04563-HMXX,15,1
N26-030-04564-SWAR,28,1
N26-030-04564-SWAR,30,1
N26-013-04565-NIKE,1,1
N26-013-04565-NIKE,2,1
N26-013-04565-NIKE,13,1
N26-065-04566-PAIP,60,1
N26-065-04566-PAIP,61,1
N26-065-04566-PAIP,65,1
N26-029-04567-SAMS,28,1
N26-029-04567-SAMS,29,1
N26-029-04567-SAMS,96,1
N26-029-04567-SAMS,99,1
N26-081-04568-XBOX,77,1
N26-081-04568-XBOX,80,1
N26-081-04568-XBOX,81,1
N26-006-04569-CUID,1,1
N26-006-04569-CUID,2,1
N26-006-04569-CUID,6,1
N26-023-04570-NIKE,19,1
N26-023-04570-NIKE,20,1
N26-023-04570-NIKE,23,1
N26-065-04571-MAYB,60,1
N26-065-04571-MAYB,61,1
N26-065-04571-MAYB,65,1
N26-065-04571-MAYB,96,1
N26-065-04571-MAYB,97,1
N26-027-04572-CROC,19,1
N26-027-04572-CROC,22,1
N26-027-04572-CROC,27,1
N26-017-04573-PUMA,1,1
N26-017-04573-PUMA,4,1
N26-017-04573-PUMA,17,1
N26-017-04573-PUMA,96,1
N26-017-04573-PUMA,100,1
N26-076-04574-OZAR,69,1
N26-076-04574-OZAR,76,1
N26-063-04575-GRIS,60,1
N26-063-04575-GRIS,63,1
N26-079-04576-DIST,77,1
N26-079-04576-DIST,79,1
N26-013-04577-HMXX,1,1
N26-013-04577-HMXX,2,1
N26-013-04577-HMXX,13,1
N26-027-04578-HAVA,19,1
N26-027-04578-HAVA,22,1
N26-027-04578-HAVA,27,1
N26-082-04579-STER,77,1
N26-082-04579-STER,80,1
N26-082-04579-STER,82,1
N26-050-04580-TFAL,49,1
N26-050-04580-TFAL,50,1
N26-050-04580-TFAL,96,1
N26-050-04580-TFAL,97,1
N26-068-04581-GRIS,60,1
N26-068-04581-GRIS,62,1
N26-068-04581-GRIS,68,1
N26-047-04582-BOSE,36,1
N26-047-04582-BOSE,39,1
N26-047-04582-BOSE,47,1
N26-047-04582-BOSE,96,1
N26-047-04582-BOSE,100,1
N26-030-04583-TOUS,28,1
N26-030-04583-TOUS,30,1
N26-088-04584-SCRI,84,1
N26-088-04584-SCRI,86,1
N26-088-04584-SCRI,88,1
N26-079-04585-HASB,77,1
N26-079-04585-HASB,79,1
N26-011-04586-CART,1,1
N26-011-04586-CART,4,1
N26-011-04586-CART,11,1
N26-030-04587-THOM,28,1
N26-030-04587-THOM,30,1
N26-026-04588-CATE,19,1
N26-026-04588-CATE,21,1
N26-026-04588-CATE,26,1
N26-078-04589-NATI,77,1
N26-078-04589-NATI,78,1
N26-078-04589-NATI,96,1
N26-078-04589-NATI,100,1
N26-012-04590-BERS,1,1
N26-012-04590-BERS,4,1
N26-012-04590-BERS,12,1
N26-012-04590-BERS,96,1
N26-012-04590-BERS,98,1
N26-063-04591-GRIS,60,1
N26-063-04591-GRIS,63,1
N26-063-04591-GRIS,96,1
N26-063-04591-GRIS,99,1
N26-094-04592-GANA,93,1
N26-094-04592-GANA,94,1
N26-094-04592-GANA,96,1
N26-094-04592-GANA,98,1
N26-094-04593-NUPE,93,1
N26-094-04593-NUPE,94,1
N26-006-04594-HMXX,1,1
N26-006-04594-HMXX,2,1
N26-006-04594-HMXX,6,1
N26-068-04595-LARO,60,1
N26-068-04595-LARO,62,1
N26-068-04595-LARO,68,1
N26-005-04596-DOCK,1,1
N26-005-04596-DOCK,2,1
N26-005-04596-DOCK,5,1
N26-024-04597-HUSH,19,1
N26-024-04597-HUSH,20,1
N26-024-04597-HUSH,24,1
N26-047-04598-MARS,36,1
N26-047-04598-MARS,39,1
N26-047-04598-MARS,47,1
N26-075-04599-GAIA,69,1
N26-075-04599-GAIA,70,1
N26-075-04599-GAIA,75,1
N26-075-04599-GAIA,96,1
N26-075-04599-GAIA,97,1
N26-056-04600-KOBL,49,1
N26-056-04600-KOBL,51,1
N26-056-04600-KOBL,56,1
N26-056-04600-KOBL,96,1
N26-056-04600-KOBL,97,1
N26-016-04601-MASS,1,1
N26-016-04601-MASS,3,1
N26-016-04601-MASS,16,1
N26-008-04602-PULL,1,1
N26-008-04602-PULL,3,1
N26-008-04602-PULL,8,1
N26-011-04603-ZARA,1,1
N26-011-04603-ZARA,4,1
N26-011-04603-ZARA,11,1
N26-035-04604-COAC,28,1
N26-035-04604-COAC,35,1
N26-014-04605-CUID,1,1
N26-014-04605-CUID,2,1
N26-014-04605-CUID,14,1
N26-012-04606-CUID,1,1
N26-012-04606-CUID,4,1
N26-012-04606-CUID,12,1
N26-012-04606-CUID,96,1
N26-012-04606-CUID,100,1
N26-094-04607-PURI,93,1
N26-094-04607-PURI,94,1
N26-045-04608-OTTE,36,1
N26-045-04608-OTTE,38,1
N26-045-04608-OTTE,45,1
N26-029-04609-PINE,28,1
N26-029-04609-PINE,29,1
N26-029-04609-PINE,96,1
N26-029-04609-PINE,99,1
N26-011-04610-CAXX,1,1
N26-011-04610-CAXX,4,1
N26-011-04610-CAXX,11,1
N26-024-04611-FLEX,19,1
N26-024-04611-FLEX,20,1
N26-024-04611-FLEX,24,1
N26-024-04611-FLEX,96,1
N26-024-04611-FLEX,98,1
N26-030-04612-PAND,28,1
N26-030-04612-PAND,30,1
N26-092-04613-NGKX,89,1
N26-092-04613-NGKX,92,1
N26-046-04614-APPL,36,1
N26-046-04614-APPL,39,1
N26-046-04614-APPL,46,1
N26-092-04615-GONH,89,1
N26-092-04615-GONH,92,1
N26-092-04615-GONH,96,1
N26-092-04615-GONH,100,1
N26-067-04616-GRIS,60,1
N26-067-04616-GRIS,62,1
N26-067-04616-GRIS,67,1
N26-029-04617-HERS,28,1
N26-029-04617-HERS,29,1
N26-025-04618-FLEX,19,1
N26-025-04618-FLEX,21,1
N26-025-04618-FLEX,25,1
N26-026-04619-CATE,19,1
N26-026-04619-CATE,21,1
N26-026-04619-CATE,26,1
N26-016-04620-MANG,1,1
N26-016-04620-MANG,3,1
N26-016-04620-MANG,16,1
N26-010-04621-CAXX,1,1
N26-010-04621-CAXX,4,1
N26-010-04621-CAXX,10,1
N26-048-04622-TCLX,36,1
N26-048-04622-TCLX,40,1
N26-048-04622-TCLX,48,1
N26-048-04623-HISE,36,1
N26-048-04623-HISE,40,1
N26-048-04623-HISE,48,1
N26-048-04623-HISE,96,1
N26-048-04623-HISE,99,1
N26-063-04624-GRIS,60,1
N26-063-04624-GRIS,63,1
N26-034-04625-TOMM,28,1
N26-034-04625-TOMM,34,1
N26-032-04626-HAWK,28,1
N26-032-04626-HAWK,32,1
N26-092-04627-GONH,89,1
N26-092-04627-GONH,92,1
N26-024-04628-ALDO,19,1
N26-024-04628-ALDO,20,1
N26-024-04628-ALDO,24,1
N26-079-04629-MATT,77,1
N26-079-04629-MATT,79,1
N26-071-04630-PUMA,69,1
N26-071-04630-PUMA,71,1
N26-071-04630-PUMA,96,1
N26-071-04630-PUMA,97,1
N26-005-04631-CUID,1,1
N26-005-04631-CUID,2,1
N26-005-04631-CUID,5,1
N26-068-04632-GRIS,60,1
N26-068-04632-GRIS,62,1
N26-068-04632-GRIS,68,1
N26-068-04632-GRIS,96,1
N26-068-04632-GRIS,98,1
N26-025-04633-FLEX,19,1
N26-025-04633-FLEX,21,1
N26-025-04633-FLEX,25,1
N26-013-04634-HMXX,1,1
N26-013-04634-HMXX,2,1
N26-013-04634-HMXX,13,1
N26-024-04635-ROCK,19,1
N26-024-04635-ROCK,20,1
N26-024-04635-ROCK,24,1
N26-048-04636-PHIL,36,1
N26-048-04636-PHIL,40,1
N26-048-04636-PHIL,48,1
N26-066-04637-MAYB,60,1
N26-066-04637-MAYB,61,1
N26-066-04637-MAYB,66,1
N26-005-04638-HUGO,1,1
N26-005-04638-HUGO,2,1
N26-005-04638-HUGO,5,1
N26-016-04639-CAXX,1,1
N26-016-04639-CAXX,3,1
N26-016-04639-CAXX,16,1
N26-067-04640-NEUT,60,1
N26-067-04640-NEUT,62,1
N26-067-04640-NEUT,67,1
N26-029-04641-KIPL,28,1
N26-029-04641-KIPL,29,1
N26-044-04642-SAMS,36,1
N26-044-04642-SAMS,38,1
N26-044-04642-SAMS,44,1
N26-044-04642-SAMS,96,1
N26-044-04642-SAMS,99,1
N26-008-04643-CUID,1,1
N26-008-04643-CUID,3,1
N26-008-04643-CUID,8,1
N26-015-04644-MANG,1,1
N26-015-04644-MANG,3,1
N26-015-04644-MANG,15,1
N26-009-04645-HMXX,1,1
N26-009-04645-HMXX,4,1
N26-009-04645-HMXX,9,1
N26-009-04645-HMXX,96,1
N26-009-04645-HMXX,98,1
N26-091-04646-ARMO,89,1
N26-091-04646-ARMO,91,1
N26-064-04647-DIOR,60,1
N26-064-04647-DIOR,64,1
N26-076-04648-COLE,69,1
N26-076-04648-COLE,76,1
N26-076-04648-COLE,96,1
N26-076-04648-COLE,98,1
N26-044-04649-LANI,36,1
N26-044-04649-LANI,38,1
N26-044-04649-LANI,44,1
N26-024-04650-ROCK,19,1
N26-024-04650-ROCK,20,1
N26-024-04650-ROCK,24,1
N26-006-04651-CUID,1,1
N26-006-04651-CUID,2,1
N26-006-04651-CUID,6,1
N26-006-04651-CUID,96,1
N26-006-04651-CUID,99,1
N26-026-04652-CATE,19,1
N26-026-04652-CATE,21,1
N26-026-04652-CATE,26,1
N26-047-04653-STER,36,1
N26-047-04653-STER,39,1
N26-047-04653-STER,47,1
N26-035-04654-COAC,28,1
N26-035-04654-COAC,35,1
N26-029-04655-HERS,28,1
N26-029-04655-HERS,29,1
N26-016-04656-HMXX,1,1
N26-016-04656-HMXX,3,1
N26-016-04656-HMXX,16,1
N26-016-04656-HMXX,96,1
N26-016-04656-HMXX,98,1
N26-076-04657-THEN,69,1
N26-076-04657-THEN,76,1
N26-076-04657-THEN,96,1
N26-076-04657-THEN,97,1
N26-079-04658-LEGO,77,1
N26-079-04658-LEGO,79,1
N26-033-04659-UNDE,28,1
N26-033-04659-UNDE,33,1
N26-024-04660-FLEX,19,1
N26-024-04660-FLEX,20,1
N26-024-04660-FLEX,24,1
N26-033-04661-NEWE,28,1
N26-033-04661-NEWE,33,1
N26-011-04662-CHAR,1,1
N26-011-04662-CHAR,4,1
N26-011-04662-CHAR,11,1
N26-027-04663-CROC,19,1
N26-027-04663-CROC,22,1
N26-027-04663-CROC,27,1
N26-027-04663-CROC,96,1
N26-027-04663-CROC,98,1
N26-065-04664-MAYB,60,1
N26-065-04664-MAYB,61,1
N26-065-04664-MAYB,65,1
N26-065-04664-MAYB,96,1
N26-065-04664-MAYB,99,1
N26-013-04665-CUID,1,1
N26-013-04665-CUID,2,1
N26-013-04665-CUID,13,1
N26-013-04665-CUID,96,1
N26-013-04665-CUID,97,1
N26-023-04666-CHAR,19,1
N26-023-04666-CHAR,20,1
N26-023-04666-CHAR,23,1
N26-023-04666-CHAR,96,1
N26-023-04666-CHAR,99,1
N26-079-04667-MATT,77,1
N26-079-04667-MATT,79,1
N26-083-04668-DEVI,77,1
N26-083-04668-DEVI,83,1
N26-088-04669-BICX,84,1
N26-088-04669-BICX,86,1
N26-088-04669-BICX,88,1
N26-088-04669-BICX,96,1
N26-088-04669-BICX,97,1
N26-043-04670-STER,36,1
N26-043-04670-STER,37,1
N26-043-04670-STER,43,1
N26-006-04671-CUID,1,1
N26-006-04671-CUID,2,1
N26-006-04671-CUID,6,1
N26-006-04671-CUID,96,1
N26-006-04671-CUID,100,1
N26-050-04672-VASC,49,1
N26-050-04672-VASC,50,1
N26-083-04673-HASB,77,1
N26-083-04673-HASB,83,1
N26-056-04674-HAMI,49,1
N26-056-04674-HAMI,51,1
N26-056-04674-HAMI,56,1
N26-088-04675-ZEBR,84,1
N26-088-04675-ZEBR,86,1
N26-088-04675-ZEBR,88,1
N26-030-04676-THOM,28,1
N26-030-04676-THOM,30,1
N26-007-04677-HMXX,1,1
N26-007-04677-HMXX,3,1
N26-007-04677-HMXX,7,1
N26-007-04677-HMXX,96,1
N26-007-04677-HMXX,100,1
N26-045-04678-SPIG,36,1
N26-045-04678-SPIG,38,1
N26-045-04678-SPIG,45,1
N26-017-04679-PUMA,1,1
N26-017-04679-PUMA,4,1
N26-017-04679-PUMA,17,1
N26-005-04680-CUID,1,1
N26-005-04680-CUID,2,1
N26-005-04680-CUID,5,1
N26-064-04681-CARO,60,1
N26-064-04681-CARO,64,1
N26-073-04682-SHIM,69,1
N26-073-04682-SHIM,73,1
N26-055-04683-OSTE,49,1
N26-055-04683-OSTE,51,1
N26-055-04683-OSTE,55,1
N26-031-04684-CASI,28,1
N26-031-04684-CASI,31,1
N26-035-04685-COAC,28,1
N26-035-04685-COAC,35,1
N26-035-04685-COAC,96,1
N26-035-04685-COAC,99,1
N26-025-04686-FLEX,19,1
N26-025-04686-FLEX,21,1
N26-025-04686-FLEX,25,1
N26-025-04686-FLEX,96,1
N26-025-04686-FLEX,100,1
N26-048-04687-SONY,36,1
N26-048-04687-SONY,40,1
N26-048-04687-SONY,48,1
N26-057-04688-BOCO,49,1
N26-057-04688-BOCO,52,1
N26-057-04688-BOCO,57,1
N26-030-04689-THOM,28,1
N26-030-04689-THOM,30,1
N26-041-04690-LENO,36,1
N26-041-04690-LENO,37,1
N26-041-04690-LENO,41,1
N26-056-04691-HAMI,49,1
N26-056-04691-HAMI,51,1
N26-056-04691-HAMI,56,1
N26-055-04692-NINJ,49,1
N26-055-04692-NINJ,51,1
N26-055-04692-NINJ,55,1
N26-044-04693-LANI,36,1
N26-044-04693-LANI,38,1
N26-044-04693-LANI,44,1
N26-044-04693-LANI,96,1
N26-044-04693-LANI,100,1
N26-071-04694-ADID,69,1
N26-071-04694-ADID,71,1
N26-056-04695-HAMI,49,1
N26-056-04695-HAMI,51,1
N26-056-04695-HAMI,56,1
N26-067-04696-GRIS,60,1
N26-067-04696-GRIS,62,1
N26-067-04696-GRIS,67,1
N26-067-04696-GRIS,96,1
N26-067-04696-GRIS,97,1
N26-064-04697-VERS,60,1
N26-064-04697-VERS,64,1
N26-075-04698-GAIA,69,1
N26-075-04698-GAIA,70,1
N26-075-04698-GAIA,75,1
N26-005-04699-DOCK,1,1
N26-005-04699-DOCK,2,1
N26-005-04699-DOCK,5,1
N26-017-04700-HMXX,1,1
N26-017-04700-HMXX,4,1
N26-017-04700-HMXX,17,1
N26-017-04700-HMXX,96,1
N26-017-04700-HMXX,100,1
N26-011-04701-CHAR,1,1
N26-011-04701-CHAR,4,1
N26-011-04701-CHAR,11,1
N26-017-04702-HMXX,1,1
N26-017-04702-HMXX,4,1
N26-017-04702-HMXX,17,1
N26-017-04702-HMXX,96,1
N26-017-04702-HMXX,100,1
N26-066-04703-REVL,60,1
N26-066-04703-REVL,61,1
N26-066-04703-REVL,66,1
N26-016-04704-CAXX,1,1
N26-016-04704-CAXX,3,1
N26-016-04704-CAXX,16,1
N26-066-04705-BISS,60,1
N26-066-04705-BISS,61,1
N26-066-04705-BISS,66,1
N26-074-04706-BOWF,69,1
N26-074-04706-BOWF,70,1
N26-074-04706-BOWF,74,1
N26-058-04707-TAPO,49,1
N26-058-04707-TAPO,53,1
N26-058-04707-TAPO,58,1
N26-015-04708-MASS,1,1
N26-015-04708-MASS,3,1
N26-015-04708-MASS,15,1
N26-047-04709-MARS,36,1
N26-047-04709-MARS,39,1
N26-047-04709-MARS,47,1
N26-035-04710-FOSS,28,1
N26-035-04710-FOSS,35,1
N26-035-04710-FOSS,96,1
N26-035-04710-FOSS,97,1
N26-009-04711-CAXX,1,1
N26-009-04711-CAXX,4,1
N26-009-04711-CAXX,9,1
N26-009-04711-CAXX,96,1
N26-009-04711-CAXX,100,1
N26-024-04712-FLEX,19,1
N26-024-04712-FLEX,20,1
N26-024-04712-FLEX,24,1
N26-082-04713-STER,77,1
N26-082-04713-STER,80,1
N26-082-04713-STER,82,1
N26-082-04713-STER,96,1
N26-082-04713-STER,98,1
N26-065-04714-MACX,60,1
N26-065-04714-MACX,61,1
N26-065-04714-MACX,65,1
N26-065-04714-MACX,96,1
N26-065-04714-MACX,97,1
N26-041-04715-LANI,36,1
N26-041-04715-LANI,37,1
N26-041-04715-LANI,41,1
N26-041-04715-LANI,96,1
N26-041-04715-LANI,99,1
N26-073-04716-GIAN,69,1
N26-073-04716-GIAN,73,1
N26-041-04717-LANI,36,1
N26-041-04717-LANI,37,1
N26-041-04717-LANI,41,1
N26-059-04718-VIAN,49,1
N26-059-04718-VIAN,54,1
N26-059-04718-VIAN,59,1
N26-011-04719-CHAR,1,1
N26-011-04719-CHAR,4,1
N26-011-04719-CHAR,11,1
N26-088-04720-BICX,84,1
N26-088-04720-BICX,86,1
N26-088-04720-BICX,88,1
N26-008-04721-CUID,1,1
N26-008-04721-CUID,3,1
N26-008-04721-CUID,8,1
N26-008-04721-CUID,96,1
N26-008-04721-CUID,97,1
N26-067-04722-GRIS,60,1
N26-067-04722-GRIS,62,1
N26-067-04722-GRIS,67,1
N26-071-04723-CHAR,69,1
N26-071-04723-CHAR,71,1
N26-012-04724-CUID,1,1
N26-012-04724-CUID,4,1
N26-012-04724-CUID,12,1
N26-017-04725-CUID,1,1
N26-017-04725-CUID,4,1
N26-017-04725-CUID,17,1
N26-065-04726-MACX,60,1
N26-065-04726-MACX,61,1
N26-065-04726-MACX,65,1
N26-033-04727-NEWE,28,1
N26-033-04727-NEWE,33,1
N26-042-04728-VORA,36,1
N26-042-04728-VORA,37,1
N26-042-04728-VORA,42,1
N26-007-04729-CUID,1,1
N26-007-04729-CUID,3,1
N26-007-04729-CUID,7,1
N26-029-04730-ADID,28,1
N26-029-04730-ADID,29,1
N26-030-04731-PINE,28,1
N26-030-04731-PINE,30,1
N26-065-04732-MAYB,60,1
N26-065-04732-MAYB,61,1
N26-065-04732-MAYB,65,1
N26-063-04733-GRIS,60,1
N26-063-04733-GRIS,63,1
N26-063-04733-GRIS,96,1
N26-063-04733-GRIS,99,1
N26-032-04734-OAKL,28,1
N26-032-04734-OAKL,32,1
N26-006-04735-CUID,1,1
N26-006-04735-CUID,2,1
N26-006-04735-CUID,6,1
N26-067-04736-NEUT,60,1
N26-067-04736-NEUT,62,1
N26-067-04736-NEUT,67,1
N26-006-04737-CUID,1,1
N26-006-04737-CUID,2,1
N26-006-04737-CUID,6,1
N26-006-04737-CUID,96,1
N26-006-04737-CUID,99,1
N26-029-04738-HERS,28,1
N26-029-04738-HERS,29,1
N26-029-04738-HERS,96,1
N26-029-04738-HERS,98,1
N26-008-04739-CUID,1,1
N26-008-04739-CUID,3,1
N26-008-04739-CUID,8,1
N26-017-04740-NIKE,1,1
N26-017-04740-NIKE,4,1
N26-017-04740-NIKE,17,1
N26-011-04741-CART,1,1
N26-011-04741-CART,4,1
N26-011-04741-CART,11,1
N26-011-04741-CART,96,1
N26-011-04741-CART,100,1
N26-057-04742-DICO,49,1
N26-057-04742-DICO,52,1
N26-057-04742-DICO,57,1
N26-030-04743-THOM,28,1
N26-030-04743-THOM,30,1
N26-094-04744-HILL,93,1
N26-094-04744-HILL,94,1
N26-094-04744-HILL,96,1
N26-094-04744-HILL,100,1
N26-008-04745-BERS,1,1
N26-008-04745-BERS,3,1
N26-008-04745-BERS,8,1
N26-006-04746-CUID,1,1
N26-006-04746-CUID,2,1
N26-006-04746-CUID,6,1
N26-033-04747-NIKE,28,1
N26-033-04747-NIKE,33,1
N26-033-04747-NIKE,96,1
N26-033-04747-NIKE,98,1
N26-063-04748-GARN,60,1
N26-063-04748-GARN,63,1
N26-055-04749-MABE,49,1
N26-055-04749-MABE,51,1
N26-055-04749-MABE,55,1
N26-055-04750-NINJ,49,1
N26-055-04750-NINJ,51,1
N26-055-04750-NINJ,55,1
N26-033-04751-NIKE,28,1
N26-033-04751-NIKE,33,1
N26-008-04752-ZARA,1,1
N26-008-04752-ZARA,3,1
N26-008-04752-ZARA,8,1
N26-033-04753-NEWE,28,1
N26-033-04753-NEWE,33,1
N26-066-04754-BISS,60,1
N26-066-04754-BISS,61,1
N26-066-04754-BISS,66,1
N26-045-04755-STER,36,1
N26-045-04755-STER,38,1
N26-045-04755-STER,45,1
N26-034-04756-PINE,28,1
N26-034-04756-PINE,34,1
N26-031-04757-FOSS,28,1
N26-031-04757-FOSS,31,1
N26-074-04758-VOIT,69,1
N26-074-04758-VOIT,70,1
N26-074-04758-VOIT,74,1
N26-011-04759-HMXX,1,1
N26-011-04759-HMXX,4,1
N26-011-04759-HMXX,11,1
N26-011-04759-HMXX,96,1
N26-011-04759-HMXX,98,1
N26-092-04760-MONR,89,1
N26-092-04760-MONR,92,1
N26-007-04761-CUID,1,1
N26-007-04761-CUID,3,1
N26-007-04761-CUID,7,1
N26-014-04762-LEVI,1,1
N26-014-04762-LEVI,2,1
N26-014-04762-LEVI,14,1
N26-013-04763-NIKE,1,1
N26-013-04763-NIKE,2,1
N26-013-04763-NIKE,13,1
N26-072-04764-NIKE,69,1
N26-072-04764-NIKE,72,1
N26-072-04764-NIKE,96,1
N26-072-04764-NIKE,97,1
N26-094-04765-NUPE,93,1
N26-094-04765-NUPE,94,1
N26-031-04766-FOSS,28,1
N26-031-04766-FOSS,31,1
N26-008-04767-HMXX,1,1
N26-008-04767-HMXX,3,1
N26-008-04767-HMXX,8,1
N26-065-04768-MAYB,60,1
N26-065-04768-MAYB,61,1
N26-065-04768-MAYB,65,1
N26-047-04769-STER,36,1
N26-047-04769-STER,39,1
N26-047-04769-STER,47,1
N26-063-04770-GRIS,60,1
N26-063-04770-GRIS,63,1
N26-056-04771-OSTE,49,1
N26-056-04771-OSTE,51,1
N26-056-04771-OSTE,56,1
N26-023-04772-CHAR,19,1
N26-023-04772-CHAR,20,1
N26-023-04772-CHAR,23,1
N26-023-04772-CHAR,96,1
N26-023-04772-CHAR,99,1
N26-088-04773-PILO,84,1
N26-088-04773-PILO,86,1
N26-088-04773-PILO,88,1
N26-088-04773-PILO,96,1
N26-088-04773-PILO,100,1
N26-034-04774-PINE,28,1
N26-034-04774-PINE,34,1
N26-046-04775-JBLX,36,1
N26-046-04775-JBLX,39,1
N26-046-04775-JBLX,46,1
N26-046-04775-JBLX,96,1
N26-046-04775-JBLX,99,1
N26-091-04776-MIKE,89,1
N26-091-04776-MIKE,91,1
N26-050-04777-VASC,49,1
N26-050-04777-VASC,50,1
N26-050-04777-VASC,96,1
N26-050-04777-VASC,99,1
N26-081-04778-VALV,77,1
N26-081-04778-VALV,80,1
N26-081-04778-VALV,81,1
N26-092-04779-GONH,89,1
N26-092-04779-GONH,92,1
N26-076-04780-COLE,69,1
N26-076-04780-COLE,76,1
N26-076-04780-COLE,96,1
N26-076-04780-COLE,99,1
N26-034-04781-LEVI,28,1
N26-034-04781-LEVI,34,1
N26-009-04782-CART,1,1
N26-009-04782-CART,4,1
N26-009-04782-CART,9,1
N26-027-04783-HAVA,19,1
N26-027-04783-HAVA,22,1
N26-027-04783-HAVA,27,1
N26-015-04784-CAXX,1,1
N26-015-04784-CAXX,3,1
N26-015-04784-CAXX,15,1
N26-013-04785-ADID,1,1
N26-013-04785-ADID,2,1
N26-013-04785-ADID,13,1
N26-013-04785-ADID,96,1
N26-013-04785-ADID,98,1
N26-072-04786-CHAR,69,1
N26-072-04786-CHAR,72,1
N26-072-04786-CHAR,96,1
N26-072-04786-CHAR,98,1
N26-094-04787-GANA,93,1
N26-094-04787-GANA,94,1
N26-033-04788-PUMA,28,1
N26-033-04788-PUMA,33,1
N26-033-04789-NIKE,28,1
N26-033-04789-NIKE,33,1
N26-092-04790-NGKX,89,1
N26-092-04790-NGKX,92,1
N26-033-04791-NIKE,28,1
N26-033-04791-NIKE,33,1
N26-005-04792-LEVI,1,1
N26-005-04792-LEVI,2,1
N26-005-04792-LEVI,5,1
N26-014-04793-DOCK,1,1
N26-014-04793-DOCK,2,1
N26-014-04793-DOCK,14,1
N26-014-04793-DOCK,96,1
N26-014-04793-DOCK,100,1
N26-083-04794-MATT,77,1
N26-083-04794-MATT,83,1
N26-023-04795-PIRM,19,1
N26-023-04795-PIRM,20,1
N26-023-04795-PIRM,23,1
N26-023-04795-PIRM,96,1
N26-023-04795-PIRM,100,1
N26-095-04796-NUPE,93,1
N26-095-04796-NUPE,95,1
N26-050-04797-KITC,49,1
N26-050-04797-KITC,50,1
N26-050-04797-KITC,96,1
N26-050-04797-KITC,100,1
N26-078-04798-FISH,77,1
N26-078-04798-FISH,78,1
N26-078-04798-FISH,96,1
N26-078-04798-FISH,99,1
N26-015-04799-HMXX,1,1
N26-015-04799-HMXX,3,1
N26-015-04799-HMXX,15,1
N26-063-04800-LORA,60,1
N26-063-04800-LORA,63,1
N26-024-04801-FLEX,19,1
N26-024-04801-FLEX,20,1
N26-024-04801-FLEX,24,1
N26-024-04801-FLEX,96,1
N26-024-04801-FLEX,99,1
N26-066-04802-LORA,60,1
N26-066-04802-LORA,61,1
N26-066-04802-LORA,66,1
N26-088-04803-SCRI,84,1
N26-088-04803-SCRI,86,1
N26-088-04803-SCRI,88,1
N26-088-04804-PILO,84,1
N26-088-04804-PILO,86,1
N26-088-04804-PILO,88,1
N26-088-04804-PILO,96,1
N26-088-04804-PILO,97,1
N26-013-04805-ADID,1,1
N26-013-04805-ADID,2,1
N26-013-04805-ADID,13,1
N26-013-04805-ADID,96,1
N26-013-04805-ADID,100,1
N26-074-04806-VOIT,69,1
N26-074-04806-VOIT,70,1
N26-074-04806-VOIT,74,1
N26-074-04806-VOIT,96,1
N26-074-04806-VOIT,97,1
N26-059-04807-IKEA,49,1
N26-059-04807-IKEA,54,1
N26-059-04807-IKEA,59,1
N26-083-04808-RAVE,77,1
N26-083-04808-RAVE,83,1
N26-088-04809-FELL,84,1
N26-088-04809-FELL,86,1
N26-088-04809-FELL,88,1
N26-088-04809-FELL,96,1
N26-088-04809-FELL,97,1
N26-092-04810-GONH,89,1
N26-092-04810-GONH,92,1
N26-091-04811-MEGU,89,1
N26-091-04811-MEGU,91,1
N26-091-04811-MEGU,96,1
N26-091-04811-MEGU,98,1
N26-010-04812-CHAR,1,1
N26-010-04812-CHAR,4,1
N26-010-04812-CHAR,10,1
N26-059-04813-SPRI,49,1
N26-059-04813-SPRI,54,1
N26-059-04813-SPRI,59,1
N26-095-04814-WHIS,93,1
N26-095-04814-WHIS,95,1
N26-030-04815-PINE,28,1
N26-030-04815-PINE,30,1
N26-029-04816-ADID,28,1
N26-029-04816-ADID,29,1
N26-046-04817-APPL,36,1
N26-046-04817-APPL,39,1
N26-046-04817-APPL,46,1
N26-076-04818-OZAR,69,1
N26-076-04818-OZAR,76,1
N26-067-04819-GRIS,60,1
N26-067-04819-GRIS,62,1
N26-067-04819-GRIS,67,1
N26-008-04820-PULL,1,1
N26-008-04820-PULL,3,1
N26-008-04820-PULL,8,1
N26-076-04821-OZAR,69,1
N26-076-04821-OZAR,76,1
N26-074-04822-DECA,69,1
N26-074-04822-DECA,70,1
N26-074-04822-DECA,74,1
N26-091-04823-ARMO,89,1
N26-091-04823-ARMO,91,1
N26-073-04824-SPEC,69,1
N26-073-04824-SPEC,73,1
N26-082-04825-HYPE,77,1
N26-082-04825-HYPE,80,1
N26-082-04825-HYPE,82,1
N26-034-04826-DOCK,28,1
N26-034-04826-DOCK,34,1
N26-034-04826-DOCK,96,1
N26-034-04826-DOCK,99,1
N26-076-04827-OZAR,69,1
N26-076-04827-OZAR,76,1
N26-063-04828-GARN,60,1
N26-063-04828-GARN,63,1
N26-078-04829-NATI,77,1
N26-078-04829-NATI,78,1
N26-078-04829-NATI,96,1
N26-078-04829-NATI,97,1
N26-059-04830-VIAN,49,1
N26-059-04830-VIAN,54,1
N26-059-04830-VIAN,59,1
N26-005-04831-CUID,1,1
N26-005-04831-CUID,2,1
N26-005-04831-CUID,5,1
N26-016-04832-HMXX,1,1
N26-016-04832-HMXX,3,1
N26-016-04832-HMXX,16,1
N26-016-04832-HMXX,96,1
N26-016-04832-HMXX,97,1
N26-042-04833-ASUS,36,1
N26-042-04833-ASUS,37,1
N26-042-04833-ASUS,42,1
N26-042-04834-VORA,36,1
N26-042-04834-VORA,37,1
N26-042-04834-VORA,42,1
N26-017-04835-CUID,1,1
N26-017-04835-CUID,4,1
N26-017-04835-CUID,17,1
N26-015-04836-MANG,1,1
N26-015-04836-MANG,3,1
N26-015-04836-MANG,15,1
N26-007-04837-HMXX,1,1
N26-007-04837-HMXX,3,1
N26-007-04837-HMXX,7,1
N26-007-04837-HMXX,96,1
N26-007-04837-HMXX,98,1
N26-010-04838-HMXX,1,1
N26-010-04838-HMXX,4,1
N26-010-04838-HMXX,10,1
N26-006-04839-ZARA,1,1
N26-006-04839-ZARA,2,1
N26-006-04839-ZARA,6,1
N26-024-04840-CLAR,19,1
N26-024-04840-CLAR,20,1
N26-024-04840-CLAR,24,1
N26-083-04841-HASB,77,1
N26-083-04841-HASB,83,1
N26-083-04841-HASB,96,1
N26-083-04841-HASB,100,1
N26-073-04842-SHIM,69,1
N26-073-04842-SHIM,73,1
N26-088-04843-BICX,84,1
N26-088-04843-BICX,86,1
N26-088-04843-BICX,88,1
N26-012-04844-PULL,1,1
N26-012-04844-PULL,4,1
N26-012-04844-PULL,12,1
N26-024-04845-HUSH,19,1
N26-024-04845-HUSH,20,1
N26-024-04845-HUSH,24,1
N26-008-04846-ZARA,1,1
N26-008-04846-ZARA,3,1
N26-008-04846-ZARA,8,1
N26-008-04846-ZARA,96,1
N26-008-04846-ZARA,100,1
N26-025-04847-ALDO,19,1
N26-025-04847-ALDO,21,1
N26-025-04847-ALDO,25,1
N26-018-04848-CHAR,1,1
N26-018-04848-CHAR,4,1
N26-018-04848-CHAR,18,1
N26-018-04848-CHAR,96,1
N26-018-04848-CHAR,98,1
N26-046-04849-SAMS,36,1
N26-046-04849-SAMS,39,1
N26-046-04849-SAMS,46,1
N26-046-04849-SAMS,96,1
N26-046-04849-SAMS,100,1
N26-075-04850-ADID,69,1
N26-075-04850-ADID,70,1
N26-075-04850-ADID,75,1
N26-043-04851-LOGI,36,1
N26-043-04851-LOGI,37,1
N26-043-04851-LOGI,43,1
N26-056-04852-HAMI,49,1
N26-056-04852-HAMI,51,1
N26-056-04852-HAMI,56,1
N26-041-04853-LANI,36,1
N26-041-04853-LANI,37,1
N26-041-04853-LANI,41,1
N26-081-04854-XBOX,77,1
N26-081-04854-XBOX,80,1
N26-081-04854-XBOX,81,1
N26-079-04855-DIST,77,1
N26-079-04855-DIST,79,1
N26-082-04856-STER,77,1
N26-082-04856-STER,80,1
N26-082-04856-STER,82,1
N26-082-04856-STER,96,1
N26-082-04856-STER,99,1
N26-015-04857-CAXX,1,1
N26-015-04857-CAXX,3,1
N26-015-04857-CAXX,15,1
N26-015-04857-CAXX,96,1
N26-015-04857-CAXX,99,1
N26-005-04858-CUID,1,1
N26-005-04858-CUID,2,1
N26-005-04858-CUID,5,1
N26-072-04859-NEWB,69,1
N26-072-04859-NEWB,72,1
N26-035-04860-SAMS,28,1
N26-035-04860-SAMS,35,1
N26-032-04861-HAWK,28,1
N26-032-04861-HAWK,32,1
N26-032-04861-HAWK,96,1
N26-032-04861-HAWK,97,1
N26-018-04862-ADID,1,1
N26-018-04862-ADID,4,1
N26-018-04862-ADID,18,1
N26-042-04863-KING,36,1
N26-042-04863-KING,37,1
N26-042-04863-KING,42,1
N26-023-04864-PIRM,19,1
N26-023-04864-PIRM,20,1
N26-023-04864-PIRM,23,1
N26-013-04865-CUID,1,1
N26-013-04865-CUID,2,1
N26-013-04865-CUID,13,1
N26-016-04866-HMXX,1,1
N26-016-04866-HMXX,3,1
N26-016-04866-HMXX,16,1
N26-016-04866-HMXX,96,1
N26-016-04866-HMXX,98,1
N26-014-04867-LEVI,1,1
N26-014-04867-LEVI,2,1
N26-014-04867-LEVI,14,1
N26-071-04868-VOIT,69,1
N26-071-04868-VOIT,71,1
N26-018-04869-UNDE,1,1
N26-018-04869-UNDE,4,1
N26-018-04869-UNDE,18,1
N26-056-04870-NESP,49,1
N26-056-04870-NESP,51,1
N26-056-04870-NESP,56,1
N26-013-04871-ADID,1,1
N26-013-04871-ADID,2,1
N26-013-04871-ADID,13,1
N26-026-04872-FLEX,19,1
N26-026-04872-FLEX,21,1
N26-026-04872-FLEX,26,1
N26-046-04873-STER,36,1
N26-046-04873-STER,39,1
N26-046-04873-STER,46,1
N26-016-04874-MANG,1,1
N26-016-04874-MANG,3,1
N26-016-04874-MANG,16,1
N26-018-04875-PIRM,1,1
N26-018-04875-PIRM,4,1
N26-018-04875-PIRM,18,1
N26-079-04876-DIST,77,1
N26-079-04876-DIST,79,1
N26-045-04877-SPIG,36,1
N26-045-04877-SPIG,38,1
N26-045-04877-SPIG,45,1
N26-045-04877-SPIG,96,1
N26-045-04877-SPIG,97,1
N26-090-04878-MICH,89,1
N26-090-04878-MICH,90,1
N26-029-04879-ADID,28,1
N26-029-04879-ADID,29,1
N26-046-04880-SONY,36,1
N26-046-04880-SONY,39,1
N26-046-04880-SONY,46,1
N26-083-04881-ASMO,77,1
N26-083-04881-ASMO,83,1
N26-011-04882-CHAR,1,1
N26-011-04882-CHAR,4,1
N26-011-04882-CHAR,11,1
N26-087-04883-TRIL,84,1
N26-087-04883-TRIL,85,1
N26-087-04883-TRIL,87,1
N26-041-04884-ASUS,36,1
N26-041-04884-ASUS,37,1
N26-041-04884-ASUS,41,1
N26-041-04884-ASUS,96,1
N26-041-04884-ASUS,98,1
N26-024-04885-ROCK,19,1
N26-024-04885-ROCK,20,1
N26-024-04885-ROCK,24,1
N26-024-04885-ROCK,96,1
N26-024-04885-ROCK,98,1
N26-041-04886-LANI,36,1
N26-041-04886-LANI,37,1
N26-041-04886-LANI,41,1
N26-034-04887-LEVI,28,1
N26-034-04887-LEVI,34,1
N26-034-04887-LEVI,96,1
N26-034-04887-LEVI,97,1
N26-005-04888-CUID,1,1
N26-005-04888-CUID,2,1
N26-005-04888-CUID,5,1
N26-023-04889-ADID,19,1
N26-023-04889-ADID,20,1
N26-023-04889-ADID,23,1
N26-023-04889-ADID,96,1
N26-023-04889-ADID,100,1
N26-048-04890-LGXX,36,1
N26-048-04890-LGXX,40,1
N26-048-04890-LGXX,48,1
N26-027-04891-ADID,19,1
N26-027-04891-ADID,22,1
N26-027-04891-ADID,27,1
N26-045-04892-STER,36,1
N26-045-04892-STER,38,1
N26-045-04892-STER,45,1
N26-010-04893-CHAR,1,1
N26-010-04893-CHAR,4,1
N26-010-04893-CHAR,10,1
N26-091-04894-MEGU,89,1
N26-091-04894-MEGU,91,1
N26-012-04895-HMXX,1,1
N26-012-04895-HMXX,4,1
N26-012-04895-HMXX,12,1
N26-005-04896-CUID,1,1
N26-005-04896-CUID,2,1
N26-005-04896-CUID,5,1
N26-071-04897-NIKE,69,1
N26-071-04897-NIKE,71,1
N26-071-04897-NIKE,96,1
N26-071-04897-NIKE,98,1
N26-035-04898-PINE,28,1
N26-035-04898-PINE,35,1
N26-056-04899-KOBL,49,1
N26-056-04899-KOBL,51,1
N26-056-04899-KOBL,56,1
N26-056-04899-KOBL,96,1
N26-056-04899-KOBL,99,1
N26-016-04900-HMXX,1,1
N26-016-04900-HMXX,3,1
N26-016-04900-HMXX,16,1
N26-006-04901-HMXX,1,1
N26-006-04901-HMXX,2,1
N26-006-04901-HMXX,6,1
N26-058-04902-IKEA,49,1
N26-058-04902-IKEA,53,1
N26-058-04902-IKEA,58,1
N26-030-04903-PINE,28,1
N26-030-04903-PINE,30,1
N26-015-04904-ZARA,1,1
N26-015-04904-ZARA,3,1
N26-015-04904-ZARA,15,1
N26-008-04905-HMXX,1,1
N26-008-04905-HMXX,3,1
N26-008-04905-HMXX,8,1
N26-008-04905-HMXX,96,1
N26-008-04905-HMXX,99,1
N26-050-04906-TFAL,49,1
N26-050-04906-TFAL,50,1
N26-012-04907-CUID,1,1
N26-012-04907-CUID,4,1
N26-012-04907-CUID,12,1
N26-012-04907-CUID,96,1
N26-012-04907-CUID,99,1
N26-016-04908-MASS,1,1
N26-016-04908-MASS,3,1
N26-016-04908-MASS,16,1
N26-083-04909-DEVI,77,1
N26-083-04909-DEVI,83,1
N26-076-04910-NATU,69,1
N26-076-04910-NATU,76,1
N26-076-04910-NATU,96,1
N26-076-04910-NATU,99,1
N26-058-04911-IKEA,49,1
N26-058-04911-IKEA,53,1
N26-058-04911-IKEA,58,1
N26-005-04912-MASS,1,1
N26-005-04912-MASS,2,1
N26-005-04912-MASS,5,1
N26-088-04913-SCRI,84,1
N26-088-04913-SCRI,86,1
N26-088-04913-SCRI,88,1
N26-088-04913-SCRI,96,1
N26-088-04913-SCRI,98,1
N26-009-04914-GERB,1,1
N26-009-04914-GERB,4,1
N26-009-04914-GERB,9,1
N26-081-04915-XBOX,77,1
N26-081-04915-XBOX,80,1
N26-081-04915-XBOX,81,1
N26-059-04916-HOME,49,1
N26-059-04916-HOME,54,1
N26-059-04916-HOME,59,1
N26-094-04917-NUPE,93,1
N26-094-04917-NUPE,94,1
N26-094-04917-NUPE,96,1
N26-094-04917-NUPE,98,1
N26-017-04918-CUID,1,1
N26-017-04918-CUID,4,1
N26-017-04918-CUID,17,1
N26-027-04919-CART,19,1
N26-027-04919-CART,22,1
N26-027-04919-CART,27,1
N26-009-04920-BABY,1,1
N26-009-04920-BABY,4,1
N26-009-04920-BABY,9,1
N26-059-04921-HOME,49,1
N26-059-04921-HOME,54,1
N26-059-04921-HOME,59,1
N26-092-04922-GATE,89,1
N26-092-04922-GATE,92,1
N26-018-04923-NIKE,1,1
N26-018-04923-NIKE,4,1
N26-018-04923-NIKE,18,1
N26-018-04923-NIKE,96,1
N26-018-04923-NIKE,98,1
N26-074-04924-EVER,69,1
N26-074-04924-EVER,70,1
N26-074-04924-EVER,74,1
N26-074-04924-EVER,96,1
N26-074-04924-EVER,97,1
N26-075-04925-NIKE,69,1
N26-075-04925-NIKE,70,1
N26-075-04925-NIKE,75,1
N26-030-04926-SWAR,28,1
N26-030-04926-SWAR,30,1
N26-056-04927-KOBL,49,1
N26-056-04927-KOBL,51,1
N26-056-04927-KOBL,56,1
N26-056-04927-KOBL,96,1
N26-056-04927-KOBL,97,1
N26-010-04928-CHAR,1,1
N26-010-04928-CHAR,4,1
N26-010-04928-CHAR,10,1
N26-027-04929-CART,19,1
N26-027-04929-CART,22,1
N26-027-04929-CART,27,1
N26-081-04930-PLAY,77,1
N26-081-04930-PLAY,80,1
N26-081-04930-PLAY,81,1
N26-046-04931-STER,36,1
N26-046-04931-STER,39,1
N26-046-04931-STER,46,1
N26-068-04932-EUCE,60,1
N26-068-04932-EUCE,62,1
N26-068-04932-EUCE,68,1
N26-068-04932-EUCE,96,1
N26-068-04932-EUCE,99,1
N26-009-04933-BABY,1,1
N26-009-04933-BABY,4,1
N26-009-04933-BABY,9,1
N26-082-04934-PLAY,77,1
N26-082-04934-PLAY,80,1
N26-082-04934-PLAY,82,1
N26-016-04935-ZARA,1,1
N26-016-04935-ZARA,3,1
N26-016-04935-ZARA,16,1
N26-016-04935-ZARA,96,1
N26-016-04935-ZARA,100,1
N26-063-04936-PANT,60,1
N26-063-04936-PANT,63,1
N26-075-04937-MAND,69,1
N26-075-04937-MAND,70,1
N26-075-04937-MAND,75,1
N26-095-04938-NUPE,93,1
N26-095-04938-NUPE,95,1
N26-016-04939-HMXX,1,1
N26-016-04939-HMXX,3,1
N26-016-04939-HMXX,16,1
N26-094-04940-NUPE,93,1
N26-094-04940-NUPE,94,1
N26-090-04941-BOSC,89,1
N26-090-04941-BOSC,90,1
N26-033-04942-NEWE,28,1
N26-033-04942-NEWE,33,1
N26-025-04943-FLEX,19,1
N26-025-04943-FLEX,21,1
N26-025-04943-FLEX,25,1
N26-025-04943-FLEX,96,1
N26-025-04943-FLEX,98,1
N26-025-04944-STEV,19,1
N26-025-04944-STEV,21,1
N26-025-04944-STEV,25,1
N26-030-04945-PINE,28,1
N26-030-04945-PINE,30,1
N26-065-04946-PAIP,60,1
N26-065-04946-PAIP,61,1
N26-065-04946-PAIP,65,1
N26-065-04946-PAIP,96,1
N26-065-04946-PAIP,97,1
N26-066-04947-MAYB,60,1
N26-066-04947-MAYB,61,1
N26-066-04947-MAYB,66,1
N26-090-04948-BOSC,89,1
N26-090-04948-BOSC,90,1
N26-029-04949-ADID,28,1
N26-029-04949-ADID,29,1
N26-043-04950-RAZE,36,1
N26-043-04950-RAZE,37,1
N26-043-04950-RAZE,43,1
N26-067-04951-GRIS,60,1
N26-067-04951-GRIS,62,1
N26-067-04951-GRIS,67,1
N26-058-04952-PHIL,49,1
N26-058-04952-PHIL,53,1
N26-058-04952-PHIL,58,1
N26-006-04953-CUID,1,1
N26-006-04953-CUID,2,1
N26-006-04953-CUID,6,1
N26-092-04954-GONH,89,1
N26-092-04954-GONH,92,1
N26-092-04954-GONH,96,1
N26-092-04954-GONH,97,1
N26-043-04955-PERF,36,1
N26-043-04955-PERF,37,1
N26-043-04955-PERF,43,1
N26-043-04955-PERF,96,1
N26-043-04955-PERF,97,1
N26-056-04956-KOBL,49,1
N26-056-04956-KOBL,51,1
N26-056-04956-KOBL,56,1
N26-056-04956-KOBL,96,1
N26-056-04956-KOBL,99,1
N26-071-04957-PUMA,69,1
N26-071-04957-PUMA,71,1
N26-082-04958-STER,77,1
N26-082-04958-STER,80,1
N26-082-04958-STER,82,1
N26-082-04958-STER,96,1
N26-082-04958-STER,98,1
N26-057-04959-DICO,49,1
N26-057-04959-DICO,52,1
N26-057-04959-DICO,57,1
N26-057-04959-DICO,96,1
N26-057-04959-DICO,98,1
N26-041-04960-LANI,36,1
N26-041-04960-LANI,37,1
N26-041-04960-LANI,41,1
N26-058-04961-TECN,49,1
N26-058-04961-TECN,53,1
N26-058-04961-TECN,58,1
N26-033-04962-PUMA,28,1
N26-033-04962-PUMA,33,1
N26-033-04962-PUMA,96,1
N26-033-04962-PUMA,97,1
N26-081-04963-VALV,77,1
N26-081-04963-VALV,80,1
N26-081-04963-VALV,81,1
N26-032-04964-OAKL,28,1
N26-032-04964-OAKL,32,1
N26-016-04965-CAXX,1,1
N26-016-04965-CAXX,3,1
N26-016-04965-CAXX,16,1
N26-075-04966-GAIA,69,1
N26-075-04966-GAIA,70,1
N26-075-04966-GAIA,75,1
N26-015-04967-CAXX,1,1
N26-015-04967-CAXX,3,1
N26-015-04967-CAXX,15,1
N26-081-04968-XBOX,77,1
N26-081-04968-XBOX,80,1
N26-081-04968-XBOX,81,1
N26-011-04969-CART,1,1
N26-011-04969-CART,4,1
N26-011-04969-CART,11,1
N26-088-04970-SCRI,84,1
N26-088-04970-SCRI,86,1
N26-088-04970-SCRI,88,1
N26-088-04970-SCRI,96,1
N26-088-04970-SCRI,97,1
N26-072-04971-NIKE,69,1
N26-072-04971-NIKE,72,1
N26-074-04972-CAPB,69,1
N26-074-04972-CAPB,70,1
N26-074-04972-CAPB,74,1
N26-074-04972-CAPB,96,1
N26-074-04972-CAPB,100,1
N26-066-04973-MAYB,60,1
N26-066-04973-MAYB,61,1
N26-066-04973-MAYB,66,1
N26-011-04974-CHAR,1,1
N26-011-04974-CHAR,4,1
N26-011-04974-CHAR,11,1
N26-010-04975-PIRM,1,1
N26-010-04975-PIRM,4,1
N26-010-04975-PIRM,10,1
N26-030-04976-PAND,28,1
N26-030-04976-PAND,30,1
N26-030-04976-PAND,96,1
N26-030-04976-PAND,98,1
N26-030-04977-SWAR,28,1
N26-030-04977-SWAR,30,1
N26-043-04978-MICR,36,1
N26-043-04978-MICR,37,1
N26-043-04978-MICR,43,1
N26-009-04979-GERB,1,1
N26-009-04979-GERB,4,1
N26-009-04979-GERB,9,1
N26-041-04980-ACER,36,1
N26-041-04980-ACER,37,1
N26-041-04980-ACER,41,1
N26-055-04981-OSTE,49,1
N26-055-04981-OSTE,51,1
N26-055-04981-OSTE,55,1
N26-055-04981-OSTE,96,1
N26-055-04981-OSTE,97,1
N26-034-04982-PINE,28,1
N26-034-04982-PINE,34,1
N26-010-04983-CART,1,1
N26-010-04983-CART,4,1
N26-010-04983-CART,10,1
N26-027-04984-NIKE,19,1
N26-027-04984-NIKE,22,1
N26-027-04984-NIKE,27,1
N26-090-04985-MICH,89,1
N26-090-04985-MICH,90,1
N26-090-04985-MICH,96,1
N26-090-04985-MICH,98,1
N26-057-04986-GAIA,49,1
N26-057-04986-GAIA,52,1
N26-057-04986-GAIA,57,1
N26-064-04987-VERS,60,1
N26-064-04987-VERS,64,1
N26-095-04988-NUPE,93,1
N26-095-04988-NUPE,95,1
N26-076-04989-COLE,69,1
N26-076-04989-COLE,76,1
N26-076-04989-COLE,96,1
N26-076-04989-COLE,98,1
N26-074-04990-BOWF,69,1
N26-074-04990-BOWF,70,1
N26-074-04990-BOWF,74,1
N26-024-04991-ALDO,19,1
N26-024-04991-ALDO,20,1
N26-024-04991-ALDO,24,1
N26-045-04992-BELK,36,1
N26-045-04992-BELK,38,1
N26-045-04992-BELK,45,1
N26-056-04993-KOBL,49,1
N26-056-04993-KOBL,51,1
N26-056-04993-KOBL,56,1
N26-056-04993-KOBL,96,1
N26-056-04993-KOBL,97,1
N26-055-04994-OSTE,49,1
N26-055-04994-OSTE,51,1
N26-055-04994-OSTE,55,1
N26-047-04995-MARS,36,1
N26-047-04995-MARS,39,1
N26-047-04995-MARS,47,1
N26-087-04996-OREI,84,1
N26-087-04996-OREI,85,1
N26-087-04996-OREI,87,1
N26-087-04996-OREI,96,1
N26-087-04996-OREI,99,1
N26-031-04997-CASI,28,1
N26-031-04997-CASI,31,1
N26-031-04997-CASI,96,1
N26-031-04997-CASI,100,1
N26-015-04998-MASS,1,1
N26-015-04998-MASS,3,1
N26-015-04998-MASS,15,1
N26-030-04999-PINE,28,1
N26-030-04999-PINE,30,1
N26-029-05000-PINE,28,1
N26-029-05000-PINE,29,1
N26-029-05000-PINE,96,1
N26-029-05000-PINE,99,1
N26-063-05001-HEAD,60,1
N26-063-05001-HEAD,63,1
N26-016-05002-MASS,1,1
N26-016-05002-MASS,3,1
N26-016-05002-MASS,16,1
N26-005-05003-CUID,1,1
N26-005-05003-CUID,2,1
N26-005-05003-CUID,5,1
N26-030-05004-TOUS,28,1
N26-030-05004-TOUS,30,1
N26-013-05005-ADID,1,1
N26-013-05005-ADID,2,1
N26-013-05005-ADID,13,1
N26-057-05006-GAIA,49,1
N26-057-05006-GAIA,52,1
N26-057-05006-GAIA,57,1
N26-014-05007-CUID,1,1
N26-014-05007-CUID,2,1
N26-014-05007-CUID,14,1
N26-055-05008-HAMI,49,1
N26-055-05008-HAMI,51,1
N26-055-05008-HAMI,55,1
N26-072-05009-ADID,69,1
N26-072-05009-ADID,72,1
N26-064-05010-PAIP,60,1
N26-064-05010-PAIP,64,1
N26-064-05010-PAIP,96,1
N26-064-05010-PAIP,98,1
N26-094-05011-NUPE,93,1
N26-094-05011-NUPE,94,1
N26-094-05011-NUPE,96,1
N26-094-05011-NUPE,100,1
N26-017-05012-CUID,1,1
N26-017-05012-CUID,4,1
N26-017-05012-CUID,17,1
N26-045-05013-STER,36,1
N26-045-05013-STER,38,1
N26-045-05013-STER,45,1
N26-045-05013-STER,96,1
N26-045-05013-STER,98,1
N26-088-05014-SCRI,84,1
N26-088-05014-SCRI,86,1
N26-088-05014-SCRI,88,1
N26-013-05015-ADID,1,1
N26-013-05015-ADID,2,1
N26-013-05015-ADID,13,1
N26-013-05015-ADID,96,1
N26-013-05015-ADID,98,1
N26-078-05016-MIAL,77,1
N26-078-05016-MIAL,78,1
N26-055-05017-HAMI,49,1
N26-055-05017-HAMI,51,1
N26-055-05017-HAMI,55,1
N26-075-05018-GAIA,69,1
N26-075-05018-GAIA,70,1
N26-075-05018-GAIA,75,1
N26-007-05019-CUID,1,1
N26-007-05019-CUID,3,1
N26-007-05019-CUID,7,1
N26-007-05019-CUID,96,1
N26-007-05019-CUID,100,1
N26-045-05020-STER,36,1
N26-045-05020-STER,38,1
N26-045-05020-STER,45,1
N26-045-05020-STER,96,1
N26-045-05020-STER,97,1
N26-008-05021-BERS,1,1
N26-008-05021-BERS,3,1
N26-008-05021-BERS,8,1
N26-090-05022-BOSC,89,1
N26-090-05022-BOSC,90,1
N26-091-05023-MIKE,89,1
N26-091-05023-MIKE,91,1
N26-009-05024-CART,1,1
N26-009-05024-CART,4,1
N26-009-05024-CART,9,1
N26-064-05025-VERS,60,1
N26-064-05025-VERS,64,1
N26-094-05026-NUPE,93,1
N26-094-05026-NUPE,94,1
N26-015-05027-MANG,1,1
N26-015-05027-MANG,3,1
N26-015-05027-MANG,15,1
N26-023-05028-NIKE,19,1
N26-023-05028-NIKE,20,1
N26-023-05028-NIKE,23,1
N26-074-05029-CAPB,69,1
N26-074-05029-CAPB,70,1
N26-074-05029-CAPB,74,1
N26-074-05029-CAPB,96,1
N26-074-05029-CAPB,99,1
N26-005-05030-LEVI,1,1
N26-005-05030-LEVI,2,1
N26-005-05030-LEVI,5,1
N26-076-05031-COLE,69,1
N26-076-05031-COLE,76,1
N26-072-05032-NIKE,69,1
N26-072-05032-NIKE,72,1
N26-014-05033-LEVI,1,1
N26-014-05033-LEVI,2,1
N26-014-05033-LEVI,14,1
N26-014-05033-LEVI,96,1
N26-014-05033-LEVI,99,1
N26-072-05034-CHAR,69,1
N26-072-05034-CHAR,72,1
N26-029-05035-KIPL,28,1
N26-029-05035-KIPL,29,1
N26-071-05036-VOIT,69,1
N26-071-05036-VOIT,71,1
N26-014-05037-ZARA,1,1
N26-014-05037-ZARA,2,1
N26-014-05037-ZARA,14,1
N26-030-05038-THOM,28,1
N26-030-05038-THOM,30,1
N26-092-05039-DENS,89,1
N26-092-05039-DENS,92,1
N26-055-05040-MABE,49,1
N26-055-05040-MABE,51,1
N26-055-05040-MABE,55,1
N26-063-05041-PANT,60,1
N26-063-05041-PANT,63,1
N26-047-05042-STER,36,1
N26-047-05042-STER,39,1
N26-047-05042-STER,47,1
N26-016-05043-CAXX,1,1
N26-016-05043-CAXX,3,1
N26-016-05043-CAXX,16,1
N26-016-05044-HMXX,1,1
N26-016-05044-HMXX,3,1
N26-016-05044-HMXX,16,1
N26-087-05045-PORR,84,1
N26-087-05045-PORR,85,1
N26-087-05045-PORR,87,1
N26-044-05046-LANI,36,1
N26-044-05046-LANI,38,1
N26-044-05046-LANI,44,1
N26-056-05047-KOBL,49,1
N26-056-05047-KOBL,51,1
N26-056-05047-KOBL,56,1
N26-063-05048-HEAD,60,1
N26-063-05048-HEAD,63,1
N26-029-05049-ADID,28,1
N26-029-05049-ADID,29,1
N26-063-05050-PANT,60,1
N26-063-05050-PANT,63,1
N26-067-05051-CERA,60,1
N26-067-05051-CERA,62,1
N26-067-05051-CERA,67,1
N26-088-05052-BICX,84,1
N26-088-05052-BICX,86,1
N26-088-05052-BICX,88,1
N26-088-05052-BICX,96,1
N26-088-05052-BICX,99,1
N26-007-05053-ZARA,1,1
N26-007-05053-ZARA,3,1
N26-007-05053-ZARA,7,1
N26-023-05054-PANA,19,1
N26-023-05054-PANA,20,1
N26-023-05054-PANA,23,1
N26-071-05055-ADID,69,1
N26-071-05055-ADID,71,1
N26-013-05056-CUID,1,1
N26-013-05056-CUID,2,1
N26-013-05056-CUID,13,1
N26-015-05057-MASS,1,1
N26-015-05057-MASS,3,1
N26-015-05057-MASS,15,1
N26-078-05058-MIAL,77,1
N26-078-05058-MIAL,78,1
N26-078-05058-MIAL,96,1
N26-078-05058-MIAL,100,1
N26-030-05059-THOM,28,1
N26-030-05059-THOM,30,1
N26-048-05060-HISE,36,1
N26-048-05060-HISE,40,1
N26-048-05060-HISE,48,1
N26-095-05061-WHIS,93,1
N26-095-05061-WHIS,95,1
N26-095-05061-WHIS,96,1
N26-095-05061-WHIS,100,1
N26-050-05062-TRAM,49,1
N26-050-05062-TRAM,50,1
N26-050-05062-TRAM,96,1
N26-050-05062-TRAM,99,1
N26-012-05063-CUID,1,1
N26-012-05063-CUID,4,1
N26-012-05063-CUID,12,1
N26-087-05064-PACK,84,1
N26-087-05064-PACK,85,1
N26-087-05064-PACK,87,1
N26-031-05065-FOSS,28,1
N26-031-05065-FOSS,31,1
N26-033-05066-ADID,28,1
N26-033-05066-ADID,33,1
N26-033-05066-ADID,96,1
N26-033-05066-ADID,100,1
N26-047-05067-STER,36,1
N26-047-05067-STER,39,1
N26-047-05067-STER,47,1
N26-026-05068-FLEX,19,1
N26-026-05068-FLEX,21,1
N26-026-05068-FLEX,26,1
N26-083-05069-RAVE,77,1
N26-083-05069-RAVE,83,1
N26-073-05070-SHIM,69,1
N26-073-05070-SHIM,73,1
N26-016-05071-HMXX,1,1
N26-016-05071-HMXX,3,1
N26-016-05071-HMXX,16,1
N26-071-05072-ADID,69,1
N26-071-05072-ADID,71,1
N26-008-05073-BERS,1,1
N26-008-05073-BERS,3,1
N26-008-05073-BERS,8,1
N26-032-05074-HAWK,28,1
N26-032-05074-HAWK,32,1
N26-017-05075-PUMA,1,1
N26-017-05075-PUMA,4,1
N26-017-05075-PUMA,17,1
N26-078-05076-FISH,77,1
N26-078-05076-FISH,78,1
N26-067-05077-GRIS,60,1
N26-067-05077-GRIS,62,1
N26-067-05077-GRIS,67,1
N26-068-05078-EUCE,60,1
N26-068-05078-EUCE,62,1
N26-068-05078-EUCE,68,1
N26-041-05079-LANI,36,1
N26-041-05079-LANI,37,1
N26-041-05079-LANI,41,1
N26-063-05080-GRIS,60,1
N26-063-05080-GRIS,63,1
N26-014-05081-CUID,1,1
N26-014-05081-CUID,2,1
N26-014-05081-CUID,14,1
N26-027-05082-CROC,19,1
N26-027-05082-CROC,22,1
N26-027-05082-CROC,27,1
N26-068-05083-LARO,60,1
N26-068-05083-LARO,62,1
N26-068-05083-LARO,68,1
N26-047-05084-SONY,36,1
N26-047-05084-SONY,39,1
N26-047-05084-SONY,47,1
N26-088-05085-SCRI,84,1
N26-088-05085-SCRI,86,1
N26-088-05085-SCRI,88,1
N26-088-05085-SCRI,96,1
N26-088-05085-SCRI,97,1
N26-055-05086-OSTE,49,1
N26-055-05086-OSTE,51,1
N26-055-05086-OSTE,55,1
N26-005-05087-CUID,1,1
N26-005-05087-CUID,2,1
N26-005-05087-CUID,5,1
N26-094-05088-NUPE,93,1
N26-094-05088-NUPE,94,1
N26-081-05089-XBOX,77,1
N26-081-05089-XBOX,80,1
N26-081-05089-XBOX,81,1
N26-047-05090-STER,36,1
N26-047-05090-STER,39,1
N26-047-05090-STER,47,1
N26-067-05091-CERA,60,1
N26-067-05091-CERA,62,1
N26-067-05091-CERA,67,1
N26-083-05092-MATT,77,1
N26-083-05092-MATT,83,1
N26-083-05092-MATT,96,1
N26-083-05092-MATT,99,1
N26-026-05093-TIMB,19,1
N26-026-05093-TIMB,21,1
N26-026-05093-TIMB,26,1
N26-026-05093-TIMB,96,1
N26-026-05093-TIMB,98,1
N26-017-05094-CUID,1,1
N26-017-05094-CUID,4,1
N26-017-05094-CUID,17,1
N26-017-05094-CUID,96,1
N26-017-05094-CUID,97,1
N26-023-05095-SKEC,19,1
N26-023-05095-SKEC,20,1
N26-023-05095-SKEC,23,1
N26-016-05096-ZARA,1,1
N26-016-05096-ZARA,3,1
N26-016-05096-ZARA,16,1
N26-016-05096-ZARA,96,1
N26-016-05096-ZARA,97,1
N26-075-05097-VOIT,69,1
N26-075-05097-VOIT,70,1
N26-075-05097-VOIT,75,1
N26-075-05097-VOIT,96,1
N26-075-05097-VOIT,100,1
N26-044-05098-LANI,36,1
N26-044-05098-LANI,38,1
N26-044-05098-LANI,44,1
N26-031-05099-CASI,28,1
N26-031-05099-CASI,31,1
N26-048-05100-SAMS,36,1
N26-048-05100-SAMS,40,1
N26-048-05100-SAMS,48,1
N26-024-05101-ROCK,19,1
N26-024-05101-ROCK,20,1
N26-024-05101-ROCK,24,1
N26-024-05101-ROCK,96,1
N26-024-05101-ROCK,99,1
N26-059-05102-LUUN,49,1
N26-059-05102-LUUN,54,1
N26-059-05102-LUUN,59,1
N26-083-05103-HASB,77,1
N26-083-05103-HASB,83,1
N26-033-05104-UNDE,28,1
N26-033-05104-UNDE,33,1
N26-033-05104-UNDE,96,1
N26-033-05104-UNDE,100,1
N26-023-05105-CHAR,19,1
N26-023-05105-CHAR,20,1
N26-023-05105-CHAR,23,1
N26-042-05106-CRUC,36,1
N26-042-05106-CRUC,37,1
N26-042-05106-CRUC,42,1
N26-006-05107-HMXX,1,1
N26-006-05107-HMXX,2,1
N26-006-05107-HMXX,6,1
N26-064-05108-PAIP,60,1
N26-064-05108-PAIP,64,1
N26-027-05109-CROC,19,1
N26-027-05109-CROC,22,1
N26-027-05109-CROC,27,1
N26-087-05110-PACK,84,1
N26-087-05110-PACK,85,1
N26-087-05110-PACK,87,1
N26-025-05111-ZARA,19,1
N26-025-05111-ZARA,21,1
N26-025-05111-ZARA,25,1
N26-025-05111-ZARA,96,1
N26-025-05111-ZARA,98,1
N26-007-05112-CUID,1,1
N26-007-05112-CUID,3,1
N26-007-05112-CUID,7,1
N26-005-05113-MASS,1,1
N26-005-05113-MASS,2,1
N26-005-05113-MASS,5,1
N26-078-05114-NATI,77,1
N26-078-05114-NATI,78,1
N26-075-05115-ADID,69,1
N26-075-05115-ADID,70,1
N26-075-05115-ADID,75,1
N26-030-05116-TOUS,28,1
N26-030-05116-TOUS,30,1
N26-094-05117-PURI,93,1
N26-094-05117-PURI,94,1
N26-007-05118-CUID,1,1
N26-007-05118-CUID,3,1
N26-007-05118-CUID,7,1
N26-055-05119-KOBL,49,1
N26-055-05119-KOBL,51,1
N26-055-05119-KOBL,55,1
N26-055-05119-KOBL,96,1
N26-055-05119-KOBL,99,1
N26-058-05120-IKEA,49,1
N26-058-05120-IKEA,53,1
N26-058-05120-IKEA,58,1
N26-047-05121-SONY,36,1
N26-047-05121-SONY,39,1
N26-047-05121-SONY,47,1
N26-033-05122-NEWE,28,1
N26-033-05122-NEWE,33,1
N26-073-05123-SPEC,69,1
N26-073-05123-SPEC,73,1
N26-015-05124-ZARA,1,1
N26-015-05124-ZARA,3,1
N26-015-05124-ZARA,15,1
N26-094-05125-NUPE,93,1
N26-094-05125-NUPE,94,1
N26-035-05126-FOSS,28,1
N26-035-05126-FOSS,35,1
N26-067-05127-GRIS,60,1
N26-067-05127-GRIS,62,1
N26-067-05127-GRIS,67,1
N26-009-05128-GERB,1,1
N26-009-05128-GERB,4,1
N26-009-05128-GERB,9,1
N26-009-05128-GERB,96,1
N26-009-05128-GERB,97,1
N26-016-05129-HMXX,1,1
N26-016-05129-HMXX,3,1
N26-016-05129-HMXX,16,1
N26-016-05129-HMXX,96,1
N26-016-05129-HMXX,99,1
N26-012-05130-BERS,1,1
N26-012-05130-BERS,4,1
N26-012-05130-BERS,12,1
N26-047-05131-SONO,36,1
N26-047-05131-SONO,39,1
N26-047-05131-SONO,47,1
N26-047-05131-SONO,96,1
N26-047-05131-SONO,97,1
N26-064-05132-CARO,60,1
N26-064-05132-CARO,64,1
N26-017-05133-PUMA,1,1
N26-017-05133-PUMA,4,1
N26-017-05133-PUMA,17,1
N26-017-05133-PUMA,96,1
N26-017-05133-PUMA,99,1
N26-033-05134-UNDE,28,1
N26-033-05134-UNDE,33,1
N26-095-05135-NUPE,93,1
N26-095-05135-NUPE,95,1
N26-095-05135-NUPE,96,1
N26-095-05135-NUPE,97,1
N26-014-05136-WRAN,1,1
N26-014-05136-WRAN,2,1
N26-014-05136-WRAN,14,1
N26-014-05136-WRAN,96,1
N26-014-05136-WRAN,100,1
N26-082-05137-STER,77,1
N26-082-05137-STER,80,1
N26-082-05137-STER,82,1
N26-082-05137-STER,96,1
N26-082-05137-STER,99,1
N26-088-05138-PILO,84,1
N26-088-05138-PILO,86,1
N26-088-05138-PILO,88,1
N26-011-05139-CAXX,1,1
N26-011-05139-CAXX,4,1
N26-011-05139-CAXX,11,1
N26-065-05140-NYXX,60,1
N26-065-05140-NYXX,61,1
N26-065-05140-NYXX,65,1
N26-094-05141-GANA,93,1
N26-094-05141-GANA,94,1
N26-094-05141-GANA,96,1
N26-094-05141-GANA,99,1
N26-058-05142-TAPO,49,1
N26-058-05142-TAPO,53,1
N26-058-05142-TAPO,58,1
N26-007-05143-MANG,1,1
N26-007-05143-MANG,3,1
N26-007-05143-MANG,7,1
N26-011-05144-CHAR,1,1
N26-011-05144-CHAR,4,1
N26-011-05144-CHAR,11,1
N26-088-05145-SCRI,84,1
N26-088-05145-SCRI,86,1
N26-088-05145-SCRI,88,1
N26-092-05146-GONH,89,1
N26-092-05146-GONH,92,1
N26-092-05146-GONH,96,1
N26-092-05146-GONH,97,1
N26-011-05147-ZARA,1,1
N26-011-05147-ZARA,4,1
N26-011-05147-ZARA,11,1
N26-063-05148-GRIS,60,1
N26-063-05148-GRIS,63,1
N26-030-05149-TOUS,28,1
N26-030-05149-TOUS,30,1
N26-034-05150-LEVI,28,1
N26-034-05150-LEVI,34,1
N26-015-05151-ZARA,1,1
N26-015-05151-ZARA,3,1
N26-015-05151-ZARA,15,1
N26-043-05152-RAZE,36,1
N26-043-05152-RAZE,37,1
N26-043-05152-RAZE,43,1
N26-057-05153-GAIA,49,1
N26-057-05153-GAIA,52,1
N26-057-05153-GAIA,57,1
N26-057-05153-GAIA,96,1
N26-057-05153-GAIA,99,1
N26-094-05154-ROYA,93,1
N26-094-05154-ROYA,94,1
N26-087-05155-PORR,84,1
N26-087-05155-PORR,85,1
N26-087-05155-PORR,87,1
N26-058-05156-STER,49,1
N26-058-05156-STER,53,1
N26-058-05156-STER,58,1
N26-032-05157-HAWK,28,1
N26-032-05157-HAWK,32,1
N26-018-05158-UNDE,1,1
N26-018-05158-UNDE,4,1
N26-018-05158-UNDE,18,1
N26-032-05159-RAYB,28,1
N26-032-05159-RAYB,32,1
N26-055-05160-MABE,49,1
N26-055-05160-MABE,51,1
N26-055-05160-MABE,55,1
N26-005-05161-CUID,1,1
N26-005-05161-CUID,2,1
N26-005-05161-CUID,5,1
N26-043-05162-MICR,36,1
N26-043-05162-MICR,37,1
N26-043-05162-MICR,43,1
N26-043-05162-MICR,96,1
N26-043-05162-MICR,97,1
N26-087-05163-OREI,84,1
N26-087-05163-OREI,85,1
N26-087-05163-OREI,87,1
N26-076-05164-QUEC,69,1
N26-076-05164-QUEC,76,1
N26-083-05165-MATT,77,1
N26-083-05165-MATT,83,1
N26-083-05165-MATT,96,1
N26-083-05165-MATT,99,1
N26-034-05166-DOCK,28,1
N26-034-05166-DOCK,34,1
N26-067-05167-GRIS,60,1
N26-067-05167-GRIS,62,1
N26-067-05167-GRIS,67,1
N26-010-05168-CHAR,1,1
N26-010-05168-CHAR,4,1
N26-010-05168-CHAR,10,1
N26-055-05169-KOBL,49,1
N26-055-05169-KOBL,51,1
N26-055-05169-KOBL,55,1
N26-029-05170-PINE,28,1
N26-029-05170-PINE,29,1
N26-082-05171-STER,77,1
N26-082-05171-STER,80,1
N26-082-05171-STER,82,1
N26-082-05171-STER,96,1
N26-082-05171-STER,99,1
N26-024-05172-FLEX,19,1
N26-024-05172-FLEX,20,1
N26-024-05172-FLEX,24,1
N26-024-05172-FLEX,96,1
N26-024-05172-FLEX,98,1
N26-030-05173-PINE,28,1
N26-030-05173-PINE,30,1
N26-008-05174-HMXX,1,1
N26-008-05174-HMXX,3,1
N26-008-05174-HMXX,8,1
N26-087-05175-MCGR,84,1
N26-087-05175-MCGR,85,1
N26-087-05175-MCGR,87,1
N26-041-05176-DELL,36,1
N26-041-05176-DELL,37,1
N26-041-05176-DELL,41,1
N26-057-05177-ASHL,49,1
N26-057-05177-ASHL,52,1
N26-057-05177-ASHL,57,1
N26-071-05178-NIKE,69,1
N26-071-05178-NIKE,71,1
N26-046-05179-STER,36,1
N26-046-05179-STER,39,1
N26-046-05179-STER,46,1
N26-031-05180-HUAW,28,1
N26-031-05180-HUAW,31,1
N26-031-05180-HUAW,96,1
N26-031-05180-HUAW,97,1
N26-068-05181-LARO,60,1
N26-068-05181-LARO,62,1
N26-068-05181-LARO,68,1
N26-068-05181-LARO,96,1
N26-068-05181-LARO,98,1
N26-079-05182-MATT,77,1
N26-079-05182-MATT,79,1
N26-029-05183-PINE,28,1
N26-029-05183-PINE,29,1
N26-044-05184-LANI,36,1
N26-044-05184-LANI,38,1
N26-044-05184-LANI,44,1
N26-055-05185-KOBL,49,1
N26-055-05185-KOBL,51,1
N26-055-05185-KOBL,55,1
N26-014-05186-DOCK,1,1
N26-014-05186-DOCK,2,1
N26-014-05186-DOCK,14,1
N26-029-05187-SAMS,28,1
N26-029-05187-SAMS,29,1
N26-095-05188-ROYA,93,1
N26-095-05188-ROYA,95,1
N26-095-05188-ROYA,96,1
N26-095-05188-ROYA,100,1
N26-034-05189-TOMM,28,1
N26-034-05189-TOMM,34,1
N26-016-05190-ZARA,1,1
N26-016-05190-ZARA,3,1
N26-016-05190-ZARA,16,1
N26-043-05191-PERF,36,1
N26-043-05191-PERF,37,1
N26-043-05191-PERF,43,1
N26-068-05192-EUCE,60,1
N26-068-05192-EUCE,62,1
N26-068-05192-EUCE,68,1
N26-090-05193-MIKE,89,1
N26-090-05193-MIKE,90,1
N26-013-05194-LEVI,1,1
N26-013-05194-LEVI,2,1
N26-013-05194-LEVI,13,1
N26-013-05194-LEVI,96,1
N26-013-05194-LEVI,97,1
N26-068-05195-ISDI,60,1
N26-068-05195-ISDI,62,1
N26-068-05195-ISDI,68,1
N26-050-05196-PYRE,49,1
N26-050-05196-PYRE,50,1
N26-050-05196-PYRE,96,1
N26-050-05196-PYRE,97,1
N26-033-05197-NIKE,28,1
N26-033-05197-NIKE,33,1
N26-071-05198-CHAR,69,1
N26-071-05198-CHAR,71,1
N26-071-05198-CHAR,96,1
N26-071-05198-CHAR,100,1
N26-088-05199-FELL,84,1
N26-088-05199-FELL,86,1
N26-088-05199-FELL,88,1
N26-005-05200-MASS,1,1
N26-005-05200-MASS,2,1
N26-005-05200-MASS,5,1
N26-005-05200-MASS,96,1
N26-005-05200-MASS,100,1
N26-017-05201-ADID,1,1
N26-017-05201-ADID,4,1
N26-017-05201-ADID,17,1
N26-023-05202-ADID,19,1
N26-023-05202-ADID,20,1
N26-023-05202-ADID,23,1
N26-023-05202-ADID,96,1
N26-023-05202-ADID,98,1
N26-034-05203-TOMM,28,1
N26-034-05203-TOMM,34,1
N26-058-05204-IKEA,49,1
N26-058-05204-IKEA,53,1
N26-058-05204-IKEA,58,1
N26-079-05205-MATT,77,1
N26-079-05205-MATT,79,1
N26-035-05206-TOMM,28,1
N26-035-05206-TOMM,35,1
N26-034-05207-PINE,28,1
N26-034-05207-PINE,34,1
N26-031-05208-HUAW,28,1
N26-031-05208-HUAW,31,1
N26-066-05209-MAYB,60,1
N26-066-05209-MAYB,61,1
N26-066-05209-MAYB,66,1
N26-034-05210-TOMM,28,1
N26-034-05210-TOMM,34,1
N26-024-05211-HUSH,19,1
N26-024-05211-HUSH,20,1
N26-024-05211-HUSH,24,1
N26-024-05211-HUSH,96,1
N26-024-05211-HUSH,100,1
N26-091-05212-3MXX,89,1
N26-091-05212-3MXX,91,1
N26-091-05212-3MXX,96,1
N26-091-05212-3MXX,99,1
N26-087-05213-TRIL,84,1
N26-087-05213-TRIL,85,1
N26-087-05213-TRIL,87,1
N26-041-05214-DELL,36,1
N26-041-05214-DELL,37,1
N26-041-05214-DELL,41,1
N26-088-05215-BICX,84,1
N26-088-05215-BICX,86,1
N26-088-05215-BICX,88,1
N26-068-05216-GRIS,60,1
N26-068-05216-GRIS,62,1
N26-068-05216-GRIS,68,1
N26-068-05216-GRIS,96,1
N26-068-05216-GRIS,98,1
N26-057-05217-GAIA,49,1
N26-057-05217-GAIA,52,1
N26-057-05217-GAIA,57,1
N26-048-05218-TCLX,36,1
N26-048-05218-TCLX,40,1
N26-048-05218-TCLX,48,1
N26-048-05218-TCLX,96,1
N26-048-05218-TCLX,98,1
N26-034-05219-DOCK,28,1
N26-034-05219-DOCK,34,1
N26-073-05220-BENO,69,1
N26-073-05220-BENO,73,1
N26-076-05221-OZAR,69,1
N26-076-05221-OZAR,76,1
N26-063-05222-HEAD,60,1
N26-063-05222-HEAD,63,1
N26-064-05223-CARO,60,1
N26-064-05223-CARO,64,1
N26-042-05224-VORA,36,1
N26-042-05224-VORA,37,1
N26-042-05224-VORA,42,1
N26-056-05225-KOBL,49,1
N26-056-05225-KOBL,51,1
N26-056-05225-KOBL,56,1
N26-075-05226-VOIT,69,1
N26-075-05226-VOIT,70,1
N26-075-05226-VOIT,75,1
N26-008-05227-PULL,1,1
N26-008-05227-PULL,3,1
N26-008-05227-PULL,8,1
N26-008-05227-PULL,96,1
N26-008-05227-PULL,97,1
N26-008-05228-CUID,1,1
N26-008-05228-CUID,3,1
N26-008-05228-CUID,8,1
N26-017-05229-CUID,1,1
N26-017-05229-CUID,4,1
N26-017-05229-CUID,17,1
N26-091-05230-MIKE,89,1
N26-091-05230-MIKE,91,1
N26-091-05230-MIKE,96,1
N26-091-05230-MIKE,100,1
N26-063-05231-GRIS,60,1
N26-063-05231-GRIS,63,1
N26-063-05231-GRIS,96,1
N26-063-05231-GRIS,97,1
N26-042-05232-CRUC,36,1
N26-042-05232-CRUC,37,1
N26-042-05232-CRUC,42,1
N26-016-05233-CAXX,1,1
N26-016-05233-CAXX,3,1
N26-016-05233-CAXX,16,1
N26-056-05234-HAMI,49,1
N26-056-05234-HAMI,51,1
N26-056-05234-HAMI,56,1
N26-027-05235-ADID,19,1
N26-027-05235-ADID,22,1
N26-027-05235-ADID,27,1
N26-027-05235-ADID,96,1
N26-027-05235-ADID,98,1
N26-007-05236-CUID,1,1
N26-007-05236-CUID,3,1
N26-007-05236-CUID,7,1
N26-007-05236-CUID,96,1
N26-007-05236-CUID,99,1
N26-011-05237-HMXX,1,1
N26-011-05237-HMXX,4,1
N26-011-05237-HMXX,11,1
N26-017-05238-CUID,1,1
N26-017-05238-CUID,4,1
N26-017-05238-CUID,17,1
N26-017-05238-CUID,96,1
N26-017-05238-CUID,100,1
N26-012-05239-HMXX,1,1
N26-012-05239-HMXX,4,1
N26-012-05239-HMXX,12,1
N26-012-05239-HMXX,96,1
N26-012-05239-HMXX,99,1
N26-088-05240-FELL,84,1
N26-088-05240-FELL,86,1
N26-088-05240-FELL,88,1
N26-076-05241-NATU,69,1
N26-076-05241-NATU,76,1
N26-076-05241-NATU,96,1
N26-076-05241-NATU,97,1
N26-046-05242-APPL,36,1
N26-046-05242-APPL,39,1
N26-046-05242-APPL,46,1
N26-014-05243-CUID,1,1
N26-014-05243-CUID,2,1
N26-014-05243-CUID,14,1
N26-014-05244-CUID,1,1
N26-014-05244-CUID,2,1
N26-014-05244-CUID,14,1
N26-014-05245-CUID,1,1
N26-014-05245-CUID,2,1
N26-014-05245-CUID,14,1
N26-023-05246-PUMA,19,1
N26-023-05246-PUMA,20,1
N26-023-05246-PUMA,23,1
N26-057-05247-DICO,49,1
N26-057-05247-DICO,52,1
N26-057-05247-DICO,57,1
N26-057-05247-DICO,96,1
N26-057-05247-DICO,98,1
N26-034-05248-TOMM,28,1
N26-034-05248-TOMM,34,1
N26-071-05249-PIRM,69,1
N26-071-05249-PIRM,71,1
N26-045-05250-SPIG,36,1
N26-045-05250-SPIG,38,1
N26-045-05250-SPIG,45,1
N26-025-05251-ZARA,19,1
N26-025-05251-ZARA,21,1
N26-025-05251-ZARA,25,1
N26-013-05252-ADID,1,1
N26-013-05252-ADID,2,1
N26-013-05252-ADID,13,1
N26-013-05252-ADID,96,1
N26-013-05252-ADID,100,1
N26-071-05253-CHAR,69,1
N26-071-05253-CHAR,71,1
N26-067-05254-GRIS,60,1
N26-067-05254-GRIS,62,1
N26-067-05254-GRIS,67,1
N26-072-05255-ASIC,69,1
N26-072-05255-ASIC,72,1
N26-072-05255-ASIC,96,1
N26-072-05255-ASIC,99,1
N26-064-05256-NATU,60,1
N26-064-05256-NATU,64,1
N26-068-05257-NIVE,60,1
N26-068-05257-NIVE,62,1
N26-068-05257-NIVE,68,1
N26-065-05258-BISS,60,1
N26-065-05258-BISS,61,1
N26-065-05258-BISS,65,1
N26-045-05259-BELK,36,1
N26-045-05259-BELK,38,1
N26-045-05259-BELK,45,1
N26-045-05259-BELK,96,1
N26-045-05259-BELK,97,1
N26-013-05260-CUID,1,1
N26-013-05260-CUID,2,1
N26-013-05260-CUID,13,1
N26-074-05261-BOWF,69,1
N26-074-05261-BOWF,70,1
N26-074-05261-BOWF,74,1
N26-074-05261-BOWF,96,1
N26-074-05261-BOWF,99,1
N26-007-05262-CUID,1,1
N26-007-05262-CUID,3,1
N26-007-05262-CUID,7,1
N26-045-05263-BELK,36,1
N26-045-05263-BELK,38,1
N26-045-05263-BELK,45,1
N26-015-05264-MANG,1,1
N26-015-05264-MANG,3,1
N26-015-05264-MANG,15,1
N26-015-05264-MANG,96,1
N26-015-05264-MANG,100,1
N26-090-05265-3MXX,89,1
N26-090-05265-3MXX,90,1
N26-090-05265-3MXX,96,1
N26-090-05265-3MXX,98,1
N26-050-05266-TFAL,49,1
N26-050-05266-TFAL,50,1
N26-050-05266-TFAL,96,1
N26-050-05266-TFAL,97,1
N26-006-05267-PULL,1,1
N26-006-05267-PULL,2,1
N26-006-05267-PULL,6,1
N26-007-05268-CUID,1,1
N26-007-05268-CUID,3,1
N26-007-05268-CUID,7,1
N26-007-05268-CUID,96,1
N26-007-05268-CUID,98,1
N26-081-05269-VALV,77,1
N26-081-05269-VALV,80,1
N26-081-05269-VALV,81,1
N26-063-05270-PANT,60,1
N26-063-05270-PANT,63,1
N26-083-05271-HASB,77,1
N26-083-05271-HASB,83,1
N26-092-05272-NGKX,89,1
N26-092-05272-NGKX,92,1
N26-057-05273-IKEA,49,1
N26-057-05273-IKEA,52,1
N26-057-05273-IKEA,57,1
N26-083-05274-MATT,77,1
N26-083-05274-MATT,83,1
N26-057-05275-BOCO,49,1
N26-057-05275-BOCO,52,1
N26-057-05275-BOCO,57,1
N26-011-05276-HMXX,1,1
N26-011-05276-HMXX,4,1
N26-011-05276-HMXX,11,1
N26-011-05277-CHAR,1,1
N26-011-05277-CHAR,4,1
N26-011-05277-CHAR,11,1
N26-011-05277-CHAR,96,1
N26-011-05277-CHAR,97,1
N26-055-05278-HAMI,49,1
N26-055-05278-HAMI,51,1
N26-055-05278-HAMI,55,1
N26-055-05278-HAMI,96,1
N26-055-05278-HAMI,98,1
N26-033-05279-NIKE,28,1
N26-033-05279-NIKE,33,1
N26-047-05280-STER,36,1
N26-047-05280-STER,39,1
N26-047-05280-STER,47,1
N26-059-05281-SPRI,49,1
N26-059-05281-SPRI,54,1
N26-059-05281-SPRI,59,1
N26-088-05282-BICX,84,1
N26-088-05282-BICX,86,1
N26-088-05282-BICX,88,1
N26-088-05282-BICX,96,1
N26-088-05282-BICX,99,1
N26-017-05283-CUID,1,1
N26-017-05283-CUID,4,1
N26-017-05283-CUID,17,1
N26-026-05284-FLEX,19,1
N26-026-05284-FLEX,21,1
N26-026-05284-FLEX,26,1
N26-026-05284-FLEX,96,1
N26-026-05284-FLEX,100,1
N26-068-05285-NIVE,60,1
N26-068-05285-NIVE,62,1
N26-068-05285-NIVE,68,1
N26-076-05286-OZAR,69,1
N26-076-05286-OZAR,76,1
N26-033-05287-UNDE,28,1
N26-033-05287-UNDE,33,1
N26-017-05288-NIKE,1,1
N26-017-05288-NIKE,4,1
N26-017-05288-NIKE,17,1
N26-065-05289-MACX,60,1
N26-065-05289-MACX,61,1
N26-065-05289-MACX,65,1
N26-027-05290-NIKE,19,1
N26-027-05290-NIKE,22,1
N26-027-05290-NIKE,27,1
N26-091-05291-TURT,89,1
N26-091-05291-TURT,91,1
N26-026-05292-FLEX,19,1
N26-026-05292-FLEX,21,1
N26-026-05292-FLEX,26,1
N26-083-05293-MATT,77,1
N26-083-05293-MATT,83,1
N26-083-05293-MATT,96,1
N26-083-05293-MATT,98,1
N26-011-05294-CHAR,1,1
N26-011-05294-CHAR,4,1
N26-011-05294-CHAR,11,1
N26-047-05295-JBLX,36,1
N26-047-05295-JBLX,39,1
N26-047-05295-JBLX,47,1
N26-064-05296-CARO,60,1
N26-064-05296-CARO,64,1
N26-030-05297-PAND,28,1
N26-030-05297-PAND,30,1
N26-071-05298-PIRM,69,1
N26-071-05298-PIRM,71,1
N26-074-05299-BOWF,69,1
N26-074-05299-BOWF,70,1
N26-074-05299-BOWF,74,1
N26-011-05300-CHAR,1,1
N26-011-05300-CHAR,4,1
N26-011-05300-CHAR,11,1
N26-048-05301-PHIL,36,1
N26-048-05301-PHIL,40,1
N26-048-05301-PHIL,48,1
N26-007-05302-CUID,1,1
N26-007-05302-CUID,3,1
N26-007-05302-CUID,7,1
N26-072-05303-ADID,69,1
N26-072-05303-ADID,72,1
N26-055-05304-KOBL,49,1
N26-055-05304-KOBL,51,1
N26-055-05304-KOBL,55,1
N26-081-05305-PLAY,77,1
N26-081-05305-PLAY,80,1
N26-081-05305-PLAY,81,1
N26-081-05305-PLAY,96,1
N26-081-05305-PLAY,100,1
N26-055-05306-HAMI,49,1
N26-055-05306-HAMI,51,1
N26-055-05306-HAMI,55,1
N26-055-05306-HAMI,96,1
N26-055-05306-HAMI,100,1
N26-063-05307-GRIS,60,1
N26-063-05307-GRIS,63,1
N26-063-05307-GRIS,96,1
N26-063-05307-GRIS,97,1
N26-056-05308-NESP,49,1
N26-056-05308-NESP,51,1
N26-056-05308-NESP,56,1
N26-030-05309-PINE,28,1
N26-030-05309-PINE,30,1
N26-068-05310-GRIS,60,1
N26-068-05310-GRIS,62,1
N26-068-05310-GRIS,68,1
N26-075-05311-MAND,69,1
N26-075-05311-MAND,70,1
N26-075-05311-MAND,75,1
N26-047-05312-MARS,36,1
N26-047-05312-MARS,39,1
N26-047-05312-MARS,47,1
N26-083-05313-ASMO,77,1
N26-083-05313-ASMO,83,1
N26-081-05314-PLAY,77,1
N26-081-05314-PLAY,80,1
N26-081-05314-PLAY,81,1
N26-042-05315-CORS,36,1
N26-042-05315-CORS,37,1
N26-042-05315-CORS,42,1
N26-042-05315-CORS,96,1
N26-042-05315-CORS,98,1
N26-030-05316-PAND,28,1
N26-030-05316-PAND,30,1
N26-071-05317-NIKE,69,1
N26-071-05317-NIKE,71,1
N26-071-05318-PUMA,69,1
N26-071-05318-PUMA,71,1
N26-071-05318-PUMA,96,1
N26-071-05318-PUMA,98,1
N26-024-05319-FLEX,19,1
N26-024-05319-FLEX,20,1
N26-024-05319-FLEX,24,1
N26-048-05320-LGXX,36,1
N26-048-05320-LGXX,40,1
N26-048-05320-LGXX,48,1
N26-048-05320-LGXX,96,1
N26-048-05320-LGXX,100,1
N26-068-05321-GRIS,60,1
N26-068-05321-GRIS,62,1
N26-068-05321-GRIS,68,1
N26-058-05322-TECN,49,1
N26-058-05322-TECN,53,1
N26-058-05322-TECN,58,1
N26-005-05323-CUID,1,1
N26-005-05323-CUID,2,1
N26-005-05323-CUID,5,1
N26-079-05324-DIST,77,1
N26-079-05324-DIST,79,1
N26-083-05325-DEVI,77,1
N26-083-05325-DEVI,83,1
N26-016-05326-HMXX,1,1
N26-016-05326-HMXX,3,1
N26-016-05326-HMXX,16,1
N26-016-05326-HMXX,96,1
N26-016-05326-HMXX,100,1
N26-087-05327-PORR,84,1
N26-087-05327-PORR,85,1
N26-087-05327-PORR,87,1
N26-059-05328-HOME,49,1
N26-059-05328-HOME,54,1
N26-059-05328-HOME,59,1
N26-092-05329-BOSC,89,1
N26-092-05329-BOSC,92,1
N26-018-05330-UNDE,1,1
N26-018-05330-UNDE,4,1
N26-018-05330-UNDE,18,1
N26-018-05330-UNDE,96,1
N26-018-05330-UNDE,97,1
N26-076-05331-QUEC,69,1
N26-076-05331-QUEC,76,1
N26-014-05332-LEVI,1,1
N26-014-05332-LEVI,2,1
N26-014-05332-LEVI,14,1
N26-014-05332-LEVI,96,1
N26-014-05332-LEVI,97,1
N26-035-05333-COAC,28,1
N26-035-05333-COAC,35,1
N26-092-05334-GONH,89,1
N26-092-05334-GONH,92,1
N26-063-05335-GARN,60,1
N26-063-05335-GARN,63,1
N26-063-05335-GARN,96,1
N26-063-05335-GARN,100,1
N26-058-05336-STER,49,1
N26-058-05336-STER,53,1
N26-058-05336-STER,58,1
N26-007-05337-CUID,1,1
N26-007-05337-CUID,3,1
N26-007-05337-CUID,7,1
N26-009-05338-CAXX,1,1
N26-009-05338-CAXX,4,1
N26-009-05338-CAXX,9,1
N26-031-05339-FOSS,28,1
N26-031-05339-FOSS,31,1
N26-066-05340-BISS,60,1
N26-066-05340-BISS,61,1
N26-066-05340-BISS,66,1
N26-011-05341-CART,1,1
N26-011-05341-CART,4,1
N26-011-05341-CART,11,1
N26-073-05342-SHIM,69,1
N26-073-05342-SHIM,73,1
N26-073-05342-SHIM,96,1
N26-073-05342-SHIM,98,1
N26-017-05343-ADID,1,1
N26-017-05343-ADID,4,1
N26-017-05343-ADID,17,1
N26-065-05344-MAYB,60,1
N26-065-05344-MAYB,61,1
N26-065-05344-MAYB,65,1
N26-082-05345-STER,77,1
N26-082-05345-STER,80,1
N26-082-05345-STER,82,1
N26-011-05346-CHAR,1,1
N26-011-05346-CHAR,4,1
N26-011-05346-CHAR,11,1
N26-058-05347-TAPO,49,1
N26-058-05347-TAPO,53,1
N26-058-05347-TAPO,58,1
N26-058-05347-TAPO,96,1
N26-058-05347-TAPO,98,1
N26-009-05348-BABY,1,1
N26-009-05348-BABY,4,1
N26-009-05348-BABY,9,1
N26-009-05348-BABY,96,1
N26-009-05348-BABY,99,1
N26-079-05349-LEGO,77,1
N26-079-05349-LEGO,79,1
N26-007-05350-HMXX,1,1
N26-007-05350-HMXX,3,1
N26-007-05350-HMXX,7,1
N26-007-05350-HMXX,96,1
N26-007-05350-HMXX,99,1
N26-067-05351-NIVE,60,1
N26-067-05351-NIVE,62,1
N26-067-05351-NIVE,67,1
N26-011-05352-CHAR,1,1
N26-011-05352-CHAR,4,1
N26-011-05352-CHAR,11,1
N26-011-05352-CHAR,96,1
N26-011-05352-CHAR,98,1
N26-068-05353-ISDI,60,1
N26-068-05353-ISDI,62,1
N26-068-05353-ISDI,68,1
N26-079-05354-DIST,77,1
N26-079-05354-DIST,79,1
N26-057-05355-DICO,49,1
N26-057-05355-DICO,52,1
N26-057-05355-DICO,57,1
N26-011-05356-ZARA,1,1
N26-011-05356-ZARA,4,1
N26-011-05356-ZARA,11,1
N26-011-05356-ZARA,96,1
N26-011-05356-ZARA,99,1
N26-031-05357-FOSS,28,1
N26-031-05357-FOSS,31,1
N26-031-05357-FOSS,96,1
N26-031-05357-FOSS,100,1
N26-074-05358-VOIT,69,1
N26-074-05358-VOIT,70,1
N26-074-05358-VOIT,74,1
N26-074-05358-VOIT,96,1
N26-074-05358-VOIT,98,1
N26-010-05359-PIRM,1,1
N26-010-05359-PIRM,4,1
N26-010-05359-PIRM,10,1
N26-094-05360-NUPE,93,1
N26-094-05360-NUPE,94,1
N26-081-05361-PLAY,77,1
N26-081-05361-PLAY,80,1
N26-081-05361-PLAY,81,1
N26-091-05362-MEGU,89,1
N26-091-05362-MEGU,91,1
N26-091-05362-MEGU,96,1
N26-091-05362-MEGU,99,1
N26-010-05363-CAXX,1,1
N26-010-05363-CAXX,4,1
N26-010-05363-CAXX,10,1
N26-010-05363-CAXX,96,1
N26-010-05363-CAXX,98,1
N26-076-05364-OZAR,69,1
N26-076-05364-OZAR,76,1
N26-026-05365-FLEX,19,1
N26-026-05365-FLEX,21,1
N26-026-05365-FLEX,26,1
N26-026-05365-FLEX,96,1
N26-026-05365-FLEX,97,1
N26-033-05366-NIKE,28,1
N26-033-05366-NIKE,33,1
N26-007-05367-CUID,1,1
N26-007-05367-CUID,3,1
N26-007-05367-CUID,7,1
N26-007-05367-CUID,96,1
N26-007-05367-CUID,99,1
N26-018-05368-NIKE,1,1
N26-018-05368-NIKE,4,1
N26-018-05368-NIKE,18,1
N26-058-05369-TECN,49,1
N26-058-05369-TECN,53,1
N26-058-05369-TECN,58,1
N26-068-05370-LARO,60,1
N26-068-05370-LARO,62,1
N26-068-05370-LARO,68,1
N26-031-05371-SEIK,28,1
N26-031-05371-SEIK,31,1
N26-031-05371-SEIK,96,1
N26-031-05371-SEIK,98,1
N26-046-05372-SONY,36,1
N26-046-05372-SONY,39,1
N26-046-05372-SONY,46,1
N26-046-05372-SONY,96,1
N26-046-05372-SONY,98,1
N26-007-05373-HMXX,1,1
N26-007-05373-HMXX,3,1
N26-007-05373-HMXX,7,1
N26-023-05374-NIKE,19,1
N26-023-05374-NIKE,20,1
N26-023-05374-NIKE,23,1
N26-023-05374-NIKE,96,1
N26-023-05374-NIKE,99,1
N26-065-05375-NYXX,60,1
N26-065-05375-NYXX,61,1
N26-065-05375-NYXX,65,1
N26-005-05376-DOCK,1,1
N26-005-05376-DOCK,2,1
N26-005-05376-DOCK,5,1
N26-005-05376-DOCK,96,1
N26-005-05376-DOCK,98,1
N26-031-05377-HUAW,28,1
N26-031-05377-HUAW,31,1
N26-032-05378-RAYB,28,1
N26-032-05378-RAYB,32,1
N26-056-05379-KOBL,49,1
N26-056-05379-KOBL,51,1
N26-056-05379-KOBL,56,1
N26-074-05380-DECA,69,1
N26-074-05380-DECA,70,1
N26-074-05380-DECA,74,1
N26-074-05380-DECA,96,1
N26-074-05380-DECA,99,1
N26-011-05381-CHAR,1,1
N26-011-05381-CHAR,4,1
N26-011-05381-CHAR,11,1
N26-087-05382-PORR,84,1
N26-087-05382-PORR,85,1
N26-087-05382-PORR,87,1
N26-010-05383-PIRM,1,1
N26-010-05383-PIRM,4,1
N26-010-05383-PIRM,10,1
N26-026-05384-TIMB,19,1
N26-026-05384-TIMB,21,1
N26-026-05384-TIMB,26,1
N26-095-05385-ROYA,93,1
N26-095-05385-ROYA,95,1
N26-095-05385-ROYA,96,1
N26-095-05385-ROYA,100,1
N26-079-05386-MATT,77,1
N26-079-05386-MATT,79,1
N26-064-05387-PAIP,60,1
N26-064-05387-PAIP,64,1
N26-029-05388-PINE,28,1
N26-029-05388-PINE,29,1
N26-041-05389-LANI,36,1
N26-041-05389-LANI,37,1
N26-041-05389-LANI,41,1
N26-041-05389-LANI,96,1
N26-041-05389-LANI,99,1
N26-065-05390-BISS,60,1
N26-065-05390-BISS,61,1
N26-065-05390-BISS,65,1
N26-065-05390-BISS,96,1
N26-065-05390-BISS,97,1
N26-083-05391-DEVI,77,1
N26-083-05391-DEVI,83,1
N26-050-05392-PYRE,49,1
N26-050-05392-PYRE,50,1
N26-083-05393-HASB,77,1
N26-083-05393-HASB,83,1
N26-088-05394-BICX,84,1
N26-088-05394-BICX,86,1
N26-088-05394-BICX,88,1
N26-009-05395-BABY,1,1
N26-009-05395-BABY,4,1
N26-009-05395-BABY,9,1
N26-009-05395-BABY,96,1
N26-009-05395-BABY,100,1
N26-075-05396-ADID,69,1
N26-075-05396-ADID,70,1
N26-075-05396-ADID,75,1
N26-075-05396-ADID,96,1
N26-075-05396-ADID,99,1
N26-013-05397-HMXX,1,1
N26-013-05397-HMXX,2,1
N26-013-05397-HMXX,13,1
N26-013-05397-HMXX,96,1
N26-013-05397-HMXX,98,1
N26-027-05398-CROC,19,1
N26-027-05398-CROC,22,1
N26-027-05398-CROC,27,1
N26-027-05398-CROC,96,1
N26-027-05398-CROC,97,1
N26-009-05399-CART,1,1
N26-009-05399-CART,4,1
N26-009-05399-CART,9,1
N26-048-05400-HISE,36,1
N26-048-05400-HISE,40,1
N26-048-05400-HISE,48,1
N26-079-05401-DIST,77,1
N26-079-05401-DIST,79,1
N26-079-05401-DIST,96,1
N26-079-05401-DIST,97,1
N26-009-05402-CAXX,1,1
N26-009-05402-CAXX,4,1
N26-009-05402-CAXX,9,1
N26-009-05402-CAXX,96,1
N26-009-05402-CAXX,100,1
N26-082-05403-HYPE,77,1
N26-082-05403-HYPE,80,1
N26-082-05403-HYPE,82,1
N26-075-05404-GAIA,69,1
N26-075-05404-GAIA,70,1
N26-075-05404-GAIA,75,1
N26-095-05405-ROYA,93,1
N26-095-05405-ROYA,95,1
N26-045-05406-STER,36,1
N26-045-05406-STER,38,1
N26-045-05406-STER,45,1
N26-045-05406-STER,96,1
N26-045-05406-STER,97,1
N26-090-05407-MIKE,89,1
N26-090-05407-MIKE,90,1
N26-071-05408-NIKE,69,1
N26-071-05408-NIKE,71,1
N26-005-05409-CUID,1,1
N26-005-05409-CUID,2,1
N26-005-05409-CUID,5,1
N26-005-05409-CUID,96,1
N26-005-05409-CUID,100,1
N26-072-05410-ASIC,69,1
N26-072-05410-ASIC,72,1
N26-072-05410-ASIC,96,1
N26-072-05410-ASIC,99,1
N26-027-05411-ADID,19,1
N26-027-05411-ADID,22,1
N26-027-05411-ADID,27,1
N26-044-05412-MOTO,36,1
N26-044-05412-MOTO,38,1
N26-044-05412-MOTO,44,1
N26-076-05413-THEN,69,1
N26-076-05413-THEN,76,1
N26-035-05414-FOSS,28,1
N26-035-05414-FOSS,35,1
N26-076-05415-COLE,69,1
N26-076-05415-COLE,76,1
N26-009-05416-CART,1,1
N26-009-05416-CART,4,1
N26-009-05416-CART,9,1
N26-091-05417-MIKE,89,1
N26-091-05417-MIKE,91,1
N26-091-05418-3MXX,89,1
N26-091-05418-3MXX,91,1
N26-044-05419-HONO,36,1
N26-044-05419-HONO,38,1
N26-044-05419-HONO,44,1
N26-072-05420-NIKE,69,1
N26-072-05420-NIKE,72,1
N26-072-05420-NIKE,96,1
N26-072-05420-NIKE,100,1
N26-009-05421-BABY,1,1
N26-009-05421-BABY,4,1
N26-009-05421-BABY,9,1
N26-091-05422-MIKE,89,1
N26-091-05422-MIKE,91,1
N26-091-05422-MIKE,96,1
N26-091-05422-MIKE,100,1
N26-045-05423-ESRX,36,1
N26-045-05423-ESRX,38,1
N26-045-05423-ESRX,45,1
N26-045-05423-ESRX,96,1
N26-045-05423-ESRX,100,1
N26-078-05424-FISH,77,1
N26-078-05424-FISH,78,1
N26-047-05425-BOSE,36,1
N26-047-05425-BOSE,39,1
N26-047-05425-BOSE,47,1
N26-067-05426-LARO,60,1
N26-067-05426-LARO,62,1
N26-067-05426-LARO,67,1
N26-067-05426-LARO,96,1
N26-067-05426-LARO,98,1
N26-033-05427-UNDE,28,1
N26-033-05427-UNDE,33,1
N26-046-05428-STER,36,1
N26-046-05428-STER,39,1
N26-046-05428-STER,46,1
N26-018-05429-NIKE,1,1
N26-018-05429-NIKE,4,1
N26-018-05429-NIKE,18,1
N26-066-05430-BISS,60,1
N26-066-05430-BISS,61,1
N26-066-05430-BISS,66,1
N26-010-05431-HMXX,1,1
N26-010-05431-HMXX,4,1
N26-010-05431-HMXX,10,1
N26-030-05432-PAND,28,1
N26-030-05432-PAND,30,1
N26-065-05433-MAYB,60,1
N26-065-05433-MAYB,61,1
N26-065-05433-MAYB,65,1
N26-034-05434-PINE,28,1
N26-034-05434-PINE,34,1
N26-017-05435-CUID,1,1
N26-017-05435-CUID,4,1
N26-017-05435-CUID,17,1
N26-017-05435-CUID,96,1
N26-017-05435-CUID,97,1
N26-046-05436-STER,36,1
N26-046-05436-STER,39,1
N26-046-05436-STER,46,1
N26-029-05437-SAMS,28,1
N26-029-05437-SAMS,29,1
N26-068-05438-GRIS,60,1
N26-068-05438-GRIS,62,1
N26-068-05438-GRIS,68,1
N26-076-05439-THEN,69,1
N26-076-05439-THEN,76,1
N26-094-05440-HILL,93,1
N26-094-05440-HILL,94,1
N26-082-05441-STER,77,1
N26-082-05441-STER,80,1
N26-082-05441-STER,82,1
N26-050-05442-TFAL,49,1
N26-050-05442-TFAL,50,1
N26-055-05443-NINJ,49,1
N26-055-05443-NINJ,51,1
N26-055-05443-NINJ,55,1
N26-024-05444-CLAR,19,1
N26-024-05444-CLAR,20,1
N26-024-05444-CLAR,24,1
N26-047-05445-STER,36,1
N26-047-05445-STER,39,1
N26-047-05445-STER,47,1
N26-047-05445-STER,96,1
N26-047-05445-STER,97,1
N26-015-05446-HMXX,1,1
N26-015-05446-HMXX,3,1
N26-015-05446-HMXX,15,1
N26-008-05447-PULL,1,1
N26-008-05447-PULL,3,1
N26-008-05447-PULL,8,1
N26-008-05447-PULL,96,1
N26-008-05447-PULL,100,1
N26-066-05448-LORA,60,1
N26-066-05448-LORA,61,1
N26-066-05448-LORA,66,1
N26-050-05449-TFAL,49,1
N26-050-05449-TFAL,50,1
N26-014-05450-DOCK,1,1
N26-014-05450-DOCK,2,1
N26-014-05450-DOCK,14,1
N26-009-05451-GERB,1,1
N26-009-05451-GERB,4,1
N26-009-05451-GERB,9,1
N26-067-05452-CERA,60,1
N26-067-05452-CERA,62,1
N26-067-05452-CERA,67,1
N26-067-05452-CERA,96,1
N26-067-05452-CERA,97,1
N26-095-05453-NUPE,93,1
N26-095-05453-NUPE,95,1
N26-011-05454-HMXX,1,1
N26-011-05454-HMXX,4,1
N26-011-05454-HMXX,11,1
N26-011-05454-HMXX,96,1
N26-011-05454-HMXX,98,1
N26-059-05455-LUUN,49,1
N26-059-05455-LUUN,54,1
N26-059-05455-LUUN,59,1
N26-059-05455-LUUN,96,1
N26-059-05455-LUUN,99,1
N26-033-05456-NIKE,28,1
N26-033-05456-NIKE,33,1
N26-026-05457-DRMA,19,1
N26-026-05457-DRMA,21,1
N26-026-05457-DRMA,26,1
N26-012-05458-CUID,1,1
N26-012-05458-CUID,4,1
N26-012-05458-CUID,12,1
N26-081-05459-NINT,77,1
N26-081-05459-NINT,80,1
N26-081-05459-NINT,81,1
N26-063-05460-HEAD,60,1
N26-063-05460-HEAD,63,1
N26-045-05461-STER,36,1
N26-045-05461-STER,38,1
N26-045-05461-STER,45,1
N26-045-05461-STER,96,1
N26-045-05461-STER,99,1
N26-090-05462-MICH,89,1
N26-090-05462-MICH,90,1
N26-042-05463-WEST,36,1
N26-042-05463-WEST,37,1
N26-042-05463-WEST,42,1
N26-079-05464-DIST,77,1
N26-079-05464-DIST,79,1
N26-076-05465-COLE,69,1
N26-076-05465-COLE,76,1
N26-064-05466-PAIP,60,1
N26-064-05466-PAIP,64,1
N26-064-05466-PAIP,96,1
N26-064-05466-PAIP,100,1
N26-042-05467-VORA,36,1
N26-042-05467-VORA,37,1
N26-042-05467-VORA,42,1
N26-006-05468-PULL,1,1
N26-006-05468-PULL,2,1
N26-006-05468-PULL,6,1
N26-092-05469-GONH,89,1
N26-092-05469-GONH,92,1
N26-007-05470-ZARA,1,1
N26-007-05470-ZARA,3,1
N26-007-05470-ZARA,7,1
N26-024-05471-CLAR,19,1
N26-024-05471-CLAR,20,1
N26-024-05471-CLAR,24,1
N26-016-05472-HMXX,1,1
N26-016-05472-HMXX,3,1
N26-016-05472-HMXX,16,1
N26-065-05473-MAYB,60,1
N26-065-05473-MAYB,61,1
N26-065-05473-MAYB,65,1
N26-011-05474-CHAR,1,1
N26-011-05474-CHAR,4,1
N26-011-05474-CHAR,11,1
N26-027-05475-CART,19,1
N26-027-05475-CART,22,1
N26-027-05475-CART,27,1
N26-027-05476-ADID,19,1
N26-027-05476-ADID,22,1
N26-027-05476-ADID,27,1
N26-042-05477-SEAG,36,1
N26-042-05477-SEAG,37,1
N26-042-05477-SEAG,42,1
N26-012-05478-CUID,1,1
N26-012-05478-CUID,4,1
N26-012-05478-CUID,12,1
N26-026-05479-FLEX,19,1
N26-026-05479-FLEX,21,1
N26-026-05479-FLEX,26,1
N26-092-05480-GONH,89,1
N26-092-05480-GONH,92,1
N26-092-05480-GONH,96,1
N26-092-05480-GONH,98,1
N26-081-05481-VALV,77,1
N26-081-05481-VALV,80,1
N26-081-05481-VALV,81,1
N26-024-05482-FLEX,19,1
N26-024-05482-FLEX,20,1
N26-024-05482-FLEX,24,1
N26-024-05482-FLEX,96,1
N26-024-05482-FLEX,100,1
N26-074-05483-EVER,69,1
N26-074-05483-EVER,70,1
N26-074-05483-EVER,74,1
N26-023-05484-PANA,19,1
N26-023-05484-PANA,20,1
N26-023-05484-PANA,23,1
N26-014-05485-CUID,1,1
N26-014-05485-CUID,2,1
N26-014-05485-CUID,14,1
N26-014-05485-CUID,96,1
N26-014-05485-CUID,98,1
N26-006-05486-CUID,1,1
N26-006-05486-CUID,2,1
N26-006-05486-CUID,6,1
N26-056-05487-KOBL,49,1
N26-056-05487-KOBL,51,1
N26-056-05487-KOBL,56,1
N26-092-05488-BOSC,89,1
N26-092-05488-BOSC,92,1
N26-064-05489-PAIP,60,1
N26-064-05489-PAIP,64,1
N26-064-05489-PAIP,96,1
N26-064-05489-PAIP,98,1
N26-034-05490-PINE,28,1
N26-034-05490-PINE,34,1
N26-047-05491-STER,36,1
N26-047-05491-STER,39,1
N26-047-05491-STER,47,1
N26-041-05492-LANI,36,1
N26-041-05492-LANI,37,1
N26-041-05492-LANI,41,1
N26-041-05492-LANI,96,1
N26-041-05492-LANI,99,1
N26-044-05493-APPL,36,1
N26-044-05493-APPL,38,1
N26-044-05493-APPL,44,1
N26-029-05494-KIPL,28,1
N26-029-05494-KIPL,29,1
N26-035-05495-SAMS,28,1
N26-035-05495-SAMS,35,1
N26-082-05496-STER,77,1
N26-082-05496-STER,80,1
N26-082-05496-STER,82,1
N26-082-05496-STER,96,1
N26-082-05496-STER,99,1
N26-058-05497-STER,49,1
N26-058-05497-STER,53,1
N26-058-05497-STER,58,1
N26-058-05497-STER,96,1
N26-058-05497-STER,99,1
N26-065-05498-MACX,60,1
N26-065-05498-MACX,61,1
N26-065-05498-MACX,65,1
N26-079-05499-DIST,77,1
N26-079-05499-DIST,79,1
N26-079-05499-DIST,96,1
N26-079-05499-DIST,97,1
N26-041-05500-LANI,36,1
N26-041-05500-LANI,37,1
N26-041-05500-LANI,41,1
N26-072-05501-CHAR,69,1
N26-072-05501-CHAR,72,1
N26-072-05501-CHAR,96,1
N26-072-05501-CHAR,99,1
N26-016-05502-MASS,1,1
N26-016-05502-MASS,3,1
N26-016-05502-MASS,16,1
N26-007-05503-CUID,1,1
N26-007-05503-CUID,3,1
N26-007-05503-CUID,7,1
N26-087-05504-PORR,84,1
N26-087-05504-PORR,85,1
N26-087-05504-PORR,87,1
N26-087-05504-PORR,96,1
N26-087-05504-PORR,99,1
N26-090-05505-MIKE,89,1
N26-090-05505-MIKE,90,1
N26-030-05506-THOM,28,1
N26-030-05506-THOM,30,1
N26-030-05506-THOM,96,1
N26-030-05506-THOM,97,1
N26-027-05507-ADID,19,1
N26-027-05507-ADID,22,1
N26-027-05507-ADID,27,1
N26-047-05508-STER,36,1
N26-047-05508-STER,39,1
N26-047-05508-STER,47,1
N26-083-05509-DEVI,77,1
N26-083-05509-DEVI,83,1
N26-083-05509-DEVI,96,1
N26-083-05509-DEVI,97,1
N26-026-05510-FLEX,19,1
N26-026-05510-FLEX,21,1
N26-026-05510-FLEX,26,1
N26-026-05511-FLEX,19,1
N26-026-05511-FLEX,21,1
N26-026-05511-FLEX,26,1
N26-026-05511-FLEX,96,1
N26-026-05511-FLEX,99,1
N26-044-05512-SAMS,36,1
N26-044-05512-SAMS,38,1
N26-044-05512-SAMS,44,1
N26-044-05512-SAMS,96,1
N26-044-05512-SAMS,98,1
N26-063-05513-LORA,60,1
N26-063-05513-LORA,63,1
N26-091-05514-MEGU,89,1
N26-091-05514-MEGU,91,1
N26-091-05514-MEGU,96,1
N26-091-05514-MEGU,99,1
N26-074-05515-DECA,69,1
N26-074-05515-DECA,70,1
N26-074-05515-DECA,74,1
N26-092-05516-NGKX,89,1
N26-092-05516-NGKX,92,1
N26-042-05517-VORA,36,1
N26-042-05517-VORA,37,1
N26-042-05517-VORA,42,1
N26-042-05517-VORA,96,1
N26-042-05517-VORA,99,1
N26-092-05518-DENS,89,1
N26-092-05518-DENS,92,1
N26-030-05519-TOUS,28,1
N26-030-05519-TOUS,30,1
N26-072-05520-CHAR,69,1
N26-072-05520-CHAR,72,1
N26-064-05521-PAIP,60,1
N26-064-05521-PAIP,64,1
N26-016-05522-MANG,1,1
N26-016-05522-MANG,3,1
N26-016-05522-MANG,16,1
N26-016-05522-MANG,96,1
N26-016-05522-MANG,100,1
N26-029-05523-PINE,28,1
N26-029-05523-PINE,29,1
N26-094-05524-GANA,93,1
N26-094-05524-GANA,94,1
N26-043-05525-RAZE,36,1
N26-043-05525-RAZE,37,1
N26-043-05525-RAZE,43,1
N26-043-05525-RAZE,96,1
N26-043-05525-RAZE,99,1
N26-056-05526-KOBL,49,1
N26-056-05526-KOBL,51,1
N26-056-05526-KOBL,56,1
N26-055-05527-MABE,49,1
N26-055-05527-MABE,51,1
N26-055-05527-MABE,55,1
N26-025-05528-STEV,19,1
N26-025-05528-STEV,21,1
N26-025-05528-STEV,25,1
N26-091-05529-MEGU,89,1
N26-091-05529-MEGU,91,1
N26-068-05530-NIVE,60,1
N26-068-05530-NIVE,62,1
N26-068-05530-NIVE,68,1
N26-068-05530-NIVE,96,1
N26-068-05530-NIVE,98,1
N26-007-05531-HMXX,1,1
N26-007-05531-HMXX,3,1
N26-007-05531-HMXX,7,1
N26-087-05532-TRIL,84,1
N26-087-05532-TRIL,85,1
N26-087-05532-TRIL,87,1
N26-087-05532-TRIL,96,1
N26-087-05532-TRIL,100,1
N26-047-05533-SONY,36,1
N26-047-05533-SONY,39,1
N26-047-05533-SONY,47,1
N26-081-05534-NINT,77,1
N26-081-05534-NINT,80,1
N26-081-05534-NINT,81,1
N26-068-05535-NIVE,60,1
N26-068-05535-NIVE,62,1
N26-068-05535-NIVE,68,1
N26-068-05536-NIVE,60,1
N26-068-05536-NIVE,62,1
N26-068-05536-NIVE,68,1
N26-075-05537-MAND,69,1
N26-075-05537-MAND,70,1
N26-075-05537-MAND,75,1
N26-074-05538-BOWF,69,1
N26-074-05538-BOWF,70,1
N26-074-05538-BOWF,74,1
N26-074-05538-BOWF,96,1
N26-074-05538-BOWF,97,1
N26-030-05539-TOUS,28,1
N26-030-05539-TOUS,30,1
N26-011-05540-CHAR,1,1
N26-011-05540-CHAR,4,1
N26-011-05540-CHAR,11,1
N26-064-05541-CALV,60,1
N26-064-05541-CALV,64,1
N26-043-05542-PERF,36,1
N26-043-05542-PERF,37,1
N26-043-05542-PERF,43,1
N26-042-05543-CORS,36,1
N26-042-05543-CORS,37,1
N26-042-05543-CORS,42,1
N26-016-05544-ZARA,1,1
N26-016-05544-ZARA,3,1
N26-016-05544-ZARA,16,1
N26-015-05545-MASS,1,1
N26-015-05545-MASS,3,1
N26-015-05545-MASS,15,1
N26-015-05545-MASS,96,1
N26-015-05545-MASS,98,1
N26-058-05546-PHIL,49,1
N26-058-05546-PHIL,53,1
N26-058-05546-PHIL,58,1
N26-012-05547-CUID,1,1
N26-012-05547-CUID,4,1
N26-012-05547-CUID,12,1
N26-012-05547-CUID,96,1
N26-012-05547-CUID,100,1
N26-092-05548-MONR,89,1
N26-092-05548-MONR,92,1
N26-066-05549-LORA,60,1
N26-066-05549-LORA,61,1
N26-066-05549-LORA,66,1
N26-013-05550-HMXX,1,1
N26-013-05550-HMXX,2,1
N26-013-05550-HMXX,13,1
N26-031-05551-SEIK,28,1
N26-031-05551-SEIK,31,1
N26-031-05552-SEIK,28,1
N26-031-05552-SEIK,31,1
N26-011-05553-ZARA,1,1
N26-011-05553-ZARA,4,1
N26-011-05553-ZARA,11,1
N26-024-05554-FLEX,19,1
N26-024-05554-FLEX,20,1
N26-024-05554-FLEX,24,1
N26-079-05555-MATT,77,1
N26-079-05555-MATT,79,1
N26-009-05556-CART,1,1
N26-009-05556-CART,4,1
N26-009-05556-CART,9,1
N26-014-05557-WRAN,1,1
N26-014-05557-WRAN,2,1
N26-014-05557-WRAN,14,1
N26-056-05558-NESP,49,1
N26-056-05558-NESP,51,1
N26-056-05558-NESP,56,1
N26-087-05559-PACK,84,1
N26-087-05559-PACK,85,1
N26-087-05559-PACK,87,1
N26-016-05560-CAXX,1,1
N26-016-05560-CAXX,3,1
N26-016-05560-CAXX,16,1
N26-016-05560-CAXX,96,1
N26-016-05560-CAXX,99,1
N26-023-05561-ADID,19,1
N26-023-05561-ADID,20,1
N26-023-05561-ADID,23,1
N26-088-05562-PILO,84,1
N26-088-05562-PILO,86,1
N26-088-05562-PILO,88,1
N26-087-05563-PEAR,84,1
N26-087-05563-PEAR,85,1
N26-087-05563-PEAR,87,1
N26-074-05564-CAPB,69,1
N26-074-05564-CAPB,70,1
N26-074-05564-CAPB,74,1
N26-074-05564-CAPB,96,1
N26-074-05564-CAPB,98,1
N26-006-05565-CUID,1,1
N26-006-05565-CUID,2,1
N26-006-05565-CUID,6,1
N26-072-05566-CHAR,69,1
N26-072-05566-CHAR,72,1
N26-045-05567-STER,36,1
N26-045-05567-STER,38,1
N26-045-05567-STER,45,1
N26-010-05568-PIRM,1,1
N26-010-05568-PIRM,4,1
N26-010-05568-PIRM,10,1
N26-010-05568-PIRM,96,1
N26-010-05568-PIRM,100,1
N26-025-05569-ALDO,19,1
N26-025-05569-ALDO,21,1
N26-025-05569-ALDO,25,1
N26-025-05569-ALDO,96,1
N26-025-05569-ALDO,100,1
N26-033-05570-ADID,28,1
N26-033-05570-ADID,33,1
N26-082-05571-STER,77,1
N26-082-05571-STER,80,1
N26-082-05571-STER,82,1
N26-076-05572-OZAR,69,1
N26-076-05572-OZAR,76,1
N26-007-05573-HMXX,1,1
N26-007-05573-HMXX,3,1
N26-007-05573-HMXX,7,1
N26-011-05574-HMXX,1,1
N26-011-05574-HMXX,4,1
N26-011-05574-HMXX,11,1
N26-013-05575-NIKE,1,1
N26-013-05575-NIKE,2,1
N26-013-05575-NIKE,13,1
N26-058-05576-STER,49,1
N26-058-05576-STER,53,1
N26-058-05576-STER,58,1
N26-058-05576-STER,96,1
N26-058-05576-STER,98,1
N26-076-05577-COLE,69,1
N26-076-05577-COLE,76,1
N26-058-05578-TECN,49,1
N26-058-05578-TECN,53,1
N26-058-05578-TECN,58,1
N26-058-05578-TECN,96,1
N26-058-05578-TECN,100,1
N26-017-05579-ADID,1,1
N26-017-05579-ADID,4,1
N26-017-05579-ADID,17,1
N26-027-05580-NIKE,19,1
N26-027-05580-NIKE,22,1
N26-027-05580-NIKE,27,1
N26-043-05581-MICR,36,1
N26-043-05581-MICR,37,1
N26-043-05581-MICR,43,1
N26-027-05582-CROC,19,1
N26-027-05582-CROC,22,1
N26-027-05582-CROC,27,1
N26-016-05583-ZARA,1,1
N26-016-05583-ZARA,3,1
N26-016-05583-ZARA,16,1
N26-016-05583-ZARA,96,1
N26-016-05583-ZARA,98,1
N26-033-05584-ADID,28,1
N26-033-05584-ADID,33,1
N26-058-05585-STER,49,1
N26-058-05585-STER,53,1
N26-058-05585-STER,58,1
N26-058-05585-STER,96,1
N26-058-05585-STER,97,1
N26-055-05586-HAMI,49,1
N26-055-05586-HAMI,51,1
N26-055-05586-HAMI,55,1
N26-067-05587-GRIS,60,1
N26-067-05587-GRIS,62,1
N26-067-05587-GRIS,67,1
N26-067-05587-GRIS,96,1
N26-067-05587-GRIS,100,1
N26-063-05588-PANT,60,1
N26-063-05588-PANT,63,1
N26-095-05589-NUPE,93,1
N26-095-05589-NUPE,95,1
N26-095-05589-NUPE,96,1
N26-095-05589-NUPE,100,1
N26-081-05590-XBOX,77,1
N26-081-05590-XBOX,80,1
N26-081-05590-XBOX,81,1
N26-087-05591-PORR,84,1
N26-087-05591-PORR,85,1
N26-087-05591-PORR,87,1
N26-046-05592-STER,36,1
N26-046-05592-STER,39,1
N26-046-05592-STER,46,1
N26-046-05592-STER,96,1
N26-046-05592-STER,100,1
N26-024-05593-ROCK,19,1
N26-024-05593-ROCK,20,1
N26-024-05593-ROCK,24,1
N26-072-05594-CHAR,69,1
N26-072-05594-CHAR,72,1
N26-044-05595-GOOG,36,1
N26-044-05595-GOOG,38,1
N26-044-05595-GOOG,44,1
N26-027-05596-HAVA,19,1
N26-027-05596-HAVA,22,1
N26-027-05596-HAVA,27,1
N26-032-05597-POLA,28,1
N26-032-05597-POLA,32,1
N26-042-05598-VORA,36,1
N26-042-05598-VORA,37,1
N26-042-05598-VORA,42,1
N26-066-05599-REVL,60,1
N26-066-05599-REVL,61,1
N26-066-05599-REVL,66,1
N26-027-05600-CROC,19,1
N26-027-05600-CROC,22,1
N26-027-05600-CROC,27,1
N26-088-05601-BARR,84,1
N26-088-05601-BARR,86,1
N26-088-05601-BARR,88,1
N26-079-05602-LEGO,77,1
N26-079-05602-LEGO,79,1
N26-032-05603-RAYB,28,1
N26-032-05603-RAYB,32,1
N26-064-05604-PAIP,60,1
N26-064-05604-PAIP,64,1
N26-034-05605-PINE,28,1
N26-034-05605-PINE,34,1
N26-034-05605-PINE,96,1
N26-034-05605-PINE,97,1
N26-032-05606-VOGU,28,1
N26-032-05606-VOGU,32,1
N26-025-05607-FLEX,19,1
N26-025-05607-FLEX,21,1
N26-025-05607-FLEX,25,1
N26-092-05608-NGKX,89,1
N26-092-05608-NGKX,92,1
N26-013-05609-CUID,1,1
N26-013-05609-CUID,2,1
N26-013-05609-CUID,13,1
N26-087-05610-PACK,84,1
N26-087-05610-PACK,85,1
N26-087-05610-PACK,87,1
N26-087-05610-PACK,96,1
N26-087-05610-PACK,100,1
N26-023-05611-PIRM,19,1
N26-023-05611-PIRM,20,1
N26-023-05611-PIRM,23,1
N26-074-05612-DECA,69,1
N26-074-05612-DECA,70,1
N26-074-05612-DECA,74,1
N26-094-05613-NUPE,93,1
N26-094-05613-NUPE,94,1
N26-094-05613-NUPE,96,1
N26-094-05613-NUPE,97,1
N26-088-05614-BARR,84,1
N26-088-05614-BARR,86,1
N26-088-05614-BARR,88,1
N26-088-05614-BARR,96,1
N26-088-05614-BARR,100,1
N26-013-05615-CUID,1,1
N26-013-05615-CUID,2,1
N26-013-05615-CUID,13,1
N26-027-05616-HAVA,19,1
N26-027-05616-HAVA,22,1
N26-027-05616-HAVA,27,1
N26-034-05617-PINE,28,1
N26-034-05617-PINE,34,1
N26-047-05618-STER,36,1
N26-047-05618-STER,39,1
N26-047-05618-STER,47,1
N26-047-05618-STER,96,1
N26-047-05618-STER,100,1
N26-068-05619-LARO,60,1
N26-068-05619-LARO,62,1
N26-068-05619-LARO,68,1
N26-057-05620-GAIA,49,1
N26-057-05620-GAIA,52,1
N26-057-05620-GAIA,57,1
N26-092-05621-MONR,89,1
N26-092-05621-MONR,92,1
N26-011-05622-CHAR,1,1
N26-011-05622-CHAR,4,1
N26-011-05622-CHAR,11,1
N26-071-05623-CHAR,69,1
N26-071-05623-CHAR,71,1
N26-031-05624-HUAW,28,1
N26-031-05624-HUAW,31,1
N26-071-05625-PIRM,69,1
N26-071-05625-PIRM,71,1
N26-059-05626-SPRI,49,1
N26-059-05626-SPRI,54,1
N26-059-05626-SPRI,59,1
N26-059-05626-SPRI,96,1
N26-059-05626-SPRI,98,1
N26-083-05627-ASMO,77,1
N26-083-05627-ASMO,83,1
N26-083-05627-ASMO,96,1
N26-083-05627-ASMO,97,1
N26-082-05628-LOGI,77,1
N26-082-05628-LOGI,80,1
N26-082-05628-LOGI,82,1
N26-047-05629-BOSE,36,1
N26-047-05629-BOSE,39,1
N26-047-05629-BOSE,47,1
N26-056-05630-KOBL,49,1
N26-056-05630-KOBL,51,1
N26-056-05630-KOBL,56,1
N26-094-05631-HILL,93,1
N26-094-05631-HILL,94,1
N26-087-05632-PEAR,84,1
N26-087-05632-PEAR,85,1
N26-087-05632-PEAR,87,1
N26-066-05633-MACX,60,1
N26-066-05633-MACX,61,1
N26-066-05633-MACX,66,1
N26-017-05634-PUMA,1,1
N26-017-05634-PUMA,4,1
N26-017-05634-PUMA,17,1
N26-031-05635-FOSS,28,1
N26-031-05635-FOSS,31,1
N26-026-05636-FLEX,19,1
N26-026-05636-FLEX,21,1
N26-026-05636-FLEX,26,1
N26-013-05637-CUID,1,1
N26-013-05637-CUID,2,1
N26-013-05637-CUID,13,1
N26-013-05637-CUID,96,1
N26-013-05637-CUID,98,1
N26-015-05638-CAXX,1,1
N26-015-05638-CAXX,3,1
N26-015-05638-CAXX,15,1
N26-095-05639-NUPE,93,1
N26-095-05639-NUPE,95,1
N26-056-05640-KOBL,49,1
N26-056-05640-KOBL,51,1
N26-056-05640-KOBL,56,1
N26-014-05641-CUID,1,1
N26-014-05641-CUID,2,1
N26-014-05641-CUID,14,1
N26-008-05642-BERS,1,1
N26-008-05642-BERS,3,1
N26-008-05642-BERS,8,1
N26-056-05643-NESP,49,1
N26-056-05643-NESP,51,1
N26-056-05643-NESP,56,1
N26-048-05644-SONY,36,1
N26-048-05644-SONY,40,1
N26-048-05644-SONY,48,1
N26-087-05645-PORR,84,1
N26-087-05645-PORR,85,1
N26-087-05645-PORR,87,1
N26-088-05646-SCRI,84,1
N26-088-05646-SCRI,86,1
N26-088-05646-SCRI,88,1
N26-083-05647-HASB,77,1
N26-083-05647-HASB,83,1
N26-092-05648-GONH,89,1
N26-092-05648-GONH,92,1
N26-031-05649-CASI,28,1
N26-031-05649-CASI,31,1
N26-042-05650-WEST,36,1
N26-042-05650-WEST,37,1
N26-042-05650-WEST,42,1
N26-087-05651-PORR,84,1
N26-087-05651-PORR,85,1
N26-087-05651-PORR,87,1
N26-029-05652-ADID,28,1
N26-029-05652-ADID,29,1
N26-029-05652-ADID,96,1
N26-029-05652-ADID,100,1
N26-094-05653-NUPE,93,1
N26-094-05653-NUPE,94,1
N26-057-05654-GAIA,49,1
N26-057-05654-GAIA,52,1
N26-057-05654-GAIA,57,1
N26-007-05655-HMXX,1,1
N26-007-05655-HMXX,3,1
N26-007-05655-HMXX,7,1
N26-025-05656-STEV,19,1
N26-025-05656-STEV,21,1
N26-025-05656-STEV,25,1
N26-068-05657-GRIS,60,1
N26-068-05657-GRIS,62,1
N26-068-05657-GRIS,68,1
N26-034-05658-DOCK,28,1
N26-034-05658-DOCK,34,1
N26-034-05658-DOCK,96,1
N26-034-05658-DOCK,99,1
N26-094-05659-NUPE,93,1
N26-094-05659-NUPE,94,1
N26-007-05660-CUID,1,1
N26-007-05660-CUID,3,1
N26-007-05660-CUID,7,1
N26-050-05661-VASC,49,1
N26-050-05661-VASC,50,1
N26-082-05662-STER,77,1
N26-082-05662-STER,80,1
N26-082-05662-STER,82,1
N26-082-05662-STER,96,1
N26-082-05662-STER,97,1
N26-047-05663-STER,36,1
N26-047-05663-STER,39,1
N26-047-05663-STER,47,1
N26-090-05664-MIKE,89,1
N26-090-05664-MIKE,90,1
N26-090-05664-MIKE,96,1
N26-090-05664-MIKE,98,1
N26-031-05665-SEIK,28,1
N26-031-05665-SEIK,31,1
N26-031-05665-SEIK,96,1
N26-031-05665-SEIK,97,1
N26-005-05666-CUID,1,1
N26-005-05666-CUID,2,1
N26-005-05666-CUID,5,1
N26-043-05667-STER,36,1
N26-043-05667-STER,37,1
N26-043-05667-STER,43,1
N26-082-05668-STER,77,1
N26-082-05668-STER,80,1
N26-082-05668-STER,82,1
N26-023-05669-PANA,19,1
N26-023-05669-PANA,20,1
N26-023-05669-PANA,23,1
N26-043-05670-LOGI,36,1
N26-043-05670-LOGI,37,1
N26-043-05670-LOGI,43,1
N26-075-05671-MAND,69,1
N26-075-05671-MAND,70,1
N26-075-05671-MAND,75,1
N26-079-05672-HASB,77,1
N26-079-05672-HASB,79,1
N26-018-05673-NIKE,1,1
N26-018-05673-NIKE,4,1
N26-018-05673-NIKE,18,1
N26-082-05674-STER,77,1
N26-082-05674-STER,80,1
N26-082-05674-STER,82,1
N26-045-05675-STER,36,1
N26-045-05675-STER,38,1
N26-045-05675-STER,45,1
N26-015-05676-CAXX,1,1
N26-015-05676-CAXX,3,1
N26-015-05676-CAXX,15,1
N26-015-05676-CAXX,96,1
N26-015-05676-CAXX,100,1
N26-072-05677-NEWB,69,1
N26-072-05677-NEWB,72,1
N26-072-05677-NEWB,96,1
N26-072-05677-NEWB,97,1
N26-065-05678-PAIP,60,1
N26-065-05678-PAIP,61,1
N26-065-05678-PAIP,65,1
N26-033-05679-ADID,28,1
N26-033-05679-ADID,33,1
N26-033-05679-ADID,96,1
N26-033-05679-ADID,98,1
N26-081-05680-PLAY,77,1
N26-081-05680-PLAY,80,1
N26-081-05680-PLAY,81,1
N26-081-05680-PLAY,96,1
N26-081-05680-PLAY,99,1
N26-071-05681-PIRM,69,1
N26-071-05681-PIRM,71,1
N26-010-05682-CHAR,1,1
N26-010-05682-CHAR,4,1
N26-010-05682-CHAR,10,1
N26-010-05682-CHAR,96,1
N26-010-05682-CHAR,99,1
N26-083-05683-RAVE,77,1
N26-083-05683-RAVE,83,1
N26-030-05684-TOUS,28,1
N26-030-05684-TOUS,30,1
N26-030-05684-TOUS,96,1
N26-030-05684-TOUS,99,1
N26-045-05685-OTTE,36,1
N26-045-05685-OTTE,38,1
N26-045-05685-OTTE,45,1
N26-045-05685-OTTE,96,1
N26-045-05685-OTTE,98,1
N26-073-05686-BENO,69,1
N26-073-05686-BENO,73,1
N26-005-05687-LEVI,1,1
N26-005-05687-LEVI,2,1
N26-005-05687-LEVI,5,1
N26-026-05688-DRMA,19,1
N26-026-05688-DRMA,21,1
N26-026-05688-DRMA,26,1
N26-024-05689-FLEX,19,1
N26-024-05689-FLEX,20,1
N26-024-05689-FLEX,24,1
N26-048-05690-PHIL,36,1
N26-048-05690-PHIL,40,1
N26-048-05690-PHIL,48,1
N26-013-05691-NIKE,1,1
N26-013-05691-NIKE,2,1
N26-013-05691-NIKE,13,1
N26-091-05692-TURT,89,1
N26-091-05692-TURT,91,1
N26-091-05692-TURT,96,1
N26-091-05692-TURT,98,1
N26-067-05693-GRIS,60,1
N26-067-05693-GRIS,62,1
N26-067-05693-GRIS,67,1
N26-083-05694-ASMO,77,1
N26-083-05694-ASMO,83,1
N26-091-05695-3MXX,89,1
N26-091-05695-3MXX,91,1
N26-091-05695-3MXX,96,1
N26-091-05695-3MXX,97,1
N26-079-05696-HASB,77,1
N26-079-05696-HASB,79,1
N26-030-05697-SWAR,28,1
N26-030-05697-SWAR,30,1
N26-074-05698-CAPB,69,1
N26-074-05698-CAPB,70,1
N26-074-05698-CAPB,74,1
N26-095-05699-NUPE,93,1
N26-095-05699-NUPE,95,1
N26-016-05700-MANG,1,1
N26-016-05700-MANG,3,1
N26-016-05700-MANG,16,1
N26-047-05701-STER,36,1
N26-047-05701-STER,39,1
N26-047-05701-STER,47,1
N26-047-05701-STER,96,1
N26-047-05701-STER,100,1
N26-017-05702-CUID,1,1
N26-017-05702-CUID,4,1
N26-017-05702-CUID,17,1
N26-005-05703-CUID,1,1
N26-005-05703-CUID,2,1
N26-005-05703-CUID,5,1
N26-073-05704-TREK,69,1
N26-073-05704-TREK,73,1
N26-013-05705-CUID,1,1
N26-013-05705-CUID,2,1
N26-013-05705-CUID,13,1
N26-057-05706-GAIA,49,1
N26-057-05706-GAIA,52,1
N26-057-05706-GAIA,57,1
N26-014-05707-DOCK,1,1
N26-014-05707-DOCK,2,1
N26-014-05707-DOCK,14,1
N26-023-05708-NIKE,19,1
N26-023-05708-NIKE,20,1
N26-023-05708-NIKE,23,1
N26-031-05709-FOSS,28,1
N26-031-05709-FOSS,31,1
N26-023-05710-ADID,19,1
N26-023-05710-ADID,20,1
N26-023-05710-ADID,23,1
N26-010-05711-PIRM,1,1
N26-010-05711-PIRM,4,1
N26-010-05711-PIRM,10,1
N26-090-05712-MIKE,89,1
N26-090-05712-MIKE,90,1
N26-024-05713-HUSH,19,1
N26-024-05713-HUSH,20,1
N26-024-05713-HUSH,24,1
N26-024-05713-HUSH,96,1
N26-024-05713-HUSH,97,1
N26-015-05714-ZARA,1,1
N26-015-05714-ZARA,3,1
N26-015-05714-ZARA,15,1
N26-015-05714-ZARA,96,1
N26-015-05714-ZARA,99,1
N26-010-05715-CART,1,1
N26-010-05715-CART,4,1
N26-010-05715-CART,10,1
N26-010-05715-CART,96,1
N26-010-05715-CART,98,1
N26-046-05716-STER,36,1
N26-046-05716-STER,39,1
N26-046-05716-STER,46,1
N26-079-05717-HASB,77,1
N26-079-05717-HASB,79,1
N26-058-05718-STER,49,1
N26-058-05718-STER,53,1
N26-058-05718-STER,58,1
N26-083-05719-HASB,77,1
N26-083-05719-HASB,83,1
N26-092-05720-GONH,89,1
N26-092-05720-GONH,92,1
N26-081-05721-VALV,77,1
N26-081-05721-VALV,80,1
N26-081-05721-VALV,81,1
N26-081-05721-VALV,96,1
N26-081-05721-VALV,98,1
N26-088-05722-PILO,84,1
N26-088-05722-PILO,86,1
N26-088-05722-PILO,88,1
N26-088-05722-PILO,96,1
N26-088-05722-PILO,99,1
N26-078-05723-CLEM,77,1
N26-078-05723-CLEM,78,1
N26-066-05724-BISS,60,1
N26-066-05724-BISS,61,1
N26-066-05724-BISS,66,1
N26-066-05724-BISS,96,1
N26-066-05724-BISS,98,1
N26-091-05725-MIKE,89,1
N26-091-05725-MIKE,91,1
N26-091-05725-MIKE,96,1
N26-091-05725-MIKE,98,1
N26-008-05726-ZARA,1,1
N26-008-05726-ZARA,3,1
N26-008-05726-ZARA,8,1
N26-075-05727-MAND,69,1
N26-075-05727-MAND,70,1
N26-075-05727-MAND,75,1
N26-075-05727-MAND,96,1
N26-075-05727-MAND,100,1
N26-013-05728-CUID,1,1
N26-013-05728-CUID,2,1
N26-013-05728-CUID,13,1
N26-013-05728-CUID,96,1
N26-013-05728-CUID,99,1
N26-017-05729-PUMA,1,1
N26-017-05729-PUMA,4,1
N26-017-05729-PUMA,17,1
N26-024-05730-ROCK,19,1
N26-024-05730-ROCK,20,1
N26-024-05730-ROCK,24,1
N26-006-05731-HMXX,1,1
N26-006-05731-HMXX,2,1
N26-006-05731-HMXX,6,1
N26-047-05732-JBLX,36,1
N26-047-05732-JBLX,39,1
N26-047-05732-JBLX,47,1
N26-047-05732-JBLX,96,1
N26-047-05732-JBLX,98,1
N26-092-05733-GATE,89,1
N26-092-05733-GATE,92,1
N26-079-05734-FUNK,77,1
N26-079-05734-FUNK,79,1
N26-079-05734-FUNK,96,1
N26-079-05734-FUNK,99,1
N26-044-05735-APPL,36,1
N26-044-05735-APPL,38,1
N26-044-05735-APPL,44,1
N26-045-05736-STER,36,1
N26-045-05736-STER,38,1
N26-045-05736-STER,45,1
N26-045-05736-STER,96,1
N26-045-05736-STER,100,1
N26-023-05737-CHAR,19,1
N26-023-05737-CHAR,20,1
N26-023-05737-CHAR,23,1
N26-018-05738-PIRM,1,1
N26-018-05738-PIRM,4,1
N26-018-05738-PIRM,18,1
N26-018-05739-ADID,1,1
N26-018-05739-ADID,4,1
N26-018-05739-ADID,18,1
N26-027-05740-NIKE,19,1
N26-027-05740-NIKE,22,1
N26-027-05740-NIKE,27,1
N26-011-05741-HMXX,1,1
N26-011-05741-HMXX,4,1
N26-011-05741-HMXX,11,1
N26-083-05742-ASMO,77,1
N26-083-05742-ASMO,83,1
N26-083-05742-ASMO,96,1
N26-083-05742-ASMO,98,1
N26-064-05743-PAIP,60,1
N26-064-05743-PAIP,64,1
N26-012-05744-CUID,1,1
N26-012-05744-CUID,4,1
N26-012-05744-CUID,12,1
N26-029-05745-PINE,28,1
N26-029-05745-PINE,29,1
N26-045-05746-SPIG,36,1
N26-045-05746-SPIG,38,1
N26-045-05746-SPIG,45,1
N26-033-05747-NIKE,28,1
N26-033-05747-NIKE,33,1
N26-056-05748-OSTE,49,1
N26-056-05748-OSTE,51,1
N26-056-05748-OSTE,56,1
N26-056-05748-OSTE,96,1
N26-056-05748-OSTE,100,1
N26-013-05749-NIKE,1,1
N26-013-05749-NIKE,2,1
N26-013-05749-NIKE,13,1
N26-016-05750-MANG,1,1
N26-016-05750-MANG,3,1
N26-016-05750-MANG,16,1
N26-075-05751-ADID,69,1
N26-075-05751-ADID,70,1
N26-075-05751-ADID,75,1
N26-006-05752-BERS,1,1
N26-006-05752-BERS,2,1
N26-006-05752-BERS,6,1
N26-026-05753-TIMB,19,1
N26-026-05753-TIMB,21,1
N26-026-05753-TIMB,26,1
N26-026-05753-TIMB,96,1
N26-026-05753-TIMB,99,1
N26-026-05754-FLEX,19,1
N26-026-05754-FLEX,21,1
N26-026-05754-FLEX,26,1
N26-050-05755-VASC,49,1
N26-050-05755-VASC,50,1
N26-050-05755-VASC,96,1
N26-050-05755-VASC,99,1
N26-007-05756-HMXX,1,1
N26-007-05756-HMXX,3,1
N26-007-05756-HMXX,7,1
N26-050-05757-EKCO,49,1
N26-050-05757-EKCO,50,1
N26-050-05757-EKCO,96,1
N26-050-05757-EKCO,98,1
N26-017-05758-HMXX,1,1
N26-017-05758-HMXX,4,1
N26-017-05758-HMXX,17,1
N26-026-05759-TIMB,19,1
N26-026-05759-TIMB,21,1
N26-026-05759-TIMB,26,1
N26-067-05760-NIVE,60,1
N26-067-05760-NIVE,62,1
N26-067-05760-NIVE,67,1
N26-067-05760-NIVE,96,1
N26-067-05760-NIVE,100,1
N26-094-05761-PURI,93,1
N26-094-05761-PURI,94,1
N26-095-05762-NUPE,93,1
N26-095-05762-NUPE,95,1
N26-075-05763-MAND,69,1
N26-075-05763-MAND,70,1
N26-075-05763-MAND,75,1
N26-075-05764-NIKE,69,1
N26-075-05764-NIKE,70,1
N26-075-05764-NIKE,75,1
N26-015-05765-CAXX,1,1
N26-015-05765-CAXX,3,1
N26-015-05765-CAXX,15,1
N26-015-05765-CAXX,96,1
N26-015-05765-CAXX,97,1
N26-042-05766-VORA,36,1
N26-042-05766-VORA,37,1
N26-042-05766-VORA,42,1
N26-092-05767-GATE,89,1
N26-092-05767-GATE,92,1
N26-092-05767-GATE,96,1
N26-092-05767-GATE,98,1
N26-013-05768-HMXX,1,1
N26-013-05768-HMXX,2,1
N26-013-05768-HMXX,13,1
N26-013-05768-HMXX,96,1
N26-013-05768-HMXX,97,1
N26-057-05769-GAIA,49,1
N26-057-05769-GAIA,52,1
N26-057-05769-GAIA,57,1
N26-081-05770-VALV,77,1
N26-081-05770-VALV,80,1
N26-081-05770-VALV,81,1
N26-065-05771-BISS,60,1
N26-065-05771-BISS,61,1
N26-065-05771-BISS,65,1
N26-065-05771-BISS,96,1
N26-065-05771-BISS,100,1
N26-090-05772-MICH,89,1
N26-090-05772-MICH,90,1
N26-087-05773-PORR,84,1
N26-087-05773-PORR,85,1
N26-087-05773-PORR,87,1
N26-095-05774-NUPE,93,1
N26-095-05774-NUPE,95,1
N26-017-05775-CUID,1,1
N26-017-05775-CUID,4,1
N26-017-05775-CUID,17,1
N26-095-05776-WHIS,93,1
N26-095-05776-WHIS,95,1
N26-095-05776-WHIS,96,1
N26-095-05776-WHIS,100,1
N26-091-05777-MIKE,89,1
N26-091-05777-MIKE,91,1
N26-091-05777-MIKE,96,1
N26-091-05777-MIKE,99,1
N26-066-05778-BISS,60,1
N26-066-05778-BISS,61,1
N26-066-05778-BISS,66,1
N26-066-05778-BISS,96,1
N26-066-05778-BISS,98,1
N26-027-05779-HAVA,19,1
N26-027-05779-HAVA,22,1
N26-027-05779-HAVA,27,1
N26-009-05780-BABY,1,1
N26-009-05780-BABY,4,1
N26-009-05780-BABY,9,1
N26-009-05780-BABY,96,1
N26-009-05780-BABY,100,1
N26-007-05781-MANG,1,1
N26-007-05781-MANG,3,1
N26-007-05781-MANG,7,1
N26-007-05781-MANG,96,1
N26-007-05781-MANG,100,1
N26-025-05782-ALDO,19,1
N26-025-05782-ALDO,21,1
N26-025-05782-ALDO,25,1
N26-094-05783-GANA,93,1
N26-094-05783-GANA,94,1
N26-032-05784-HAWK,28,1
N26-032-05784-HAWK,32,1
N26-029-05785-KIPL,28,1
N26-029-05785-KIPL,29,1
N26-066-05786-MAYB,60,1
N26-066-05786-MAYB,61,1
N26-066-05786-MAYB,66,1
N26-095-05787-NUPE,93,1
N26-095-05787-NUPE,95,1
N26-091-05788-MIKE,89,1
N26-091-05788-MIKE,91,1
N26-013-05789-HMXX,1,1
N26-013-05789-HMXX,2,1
N26-013-05789-HMXX,13,1
N26-016-05790-MASS,1,1
N26-016-05790-MASS,3,1
N26-016-05790-MASS,16,1
N26-016-05790-MASS,96,1
N26-016-05790-MASS,98,1
N26-068-05791-GRIS,60,1
N26-068-05791-GRIS,62,1
N26-068-05791-GRIS,68,1
N26-048-05792-PHIL,36,1
N26-048-05792-PHIL,40,1
N26-048-05792-PHIL,48,1
N26-094-05793-NUPE,93,1
N26-094-05793-NUPE,94,1
N26-094-05793-NUPE,96,1
N26-094-05793-NUPE,98,1
N26-058-05794-STER,49,1
N26-058-05794-STER,53,1
N26-058-05794-STER,58,1
N26-058-05795-IKEA,49,1
N26-058-05795-IKEA,53,1
N26-058-05795-IKEA,58,1
N26-013-05796-NIKE,1,1
N26-013-05796-NIKE,2,1
N26-013-05796-NIKE,13,1
N26-057-05797-GAIA,49,1
N26-057-05797-GAIA,52,1
N26-057-05797-GAIA,57,1
N26-057-05797-GAIA,96,1
N26-057-05797-GAIA,100,1
N26-056-05798-NESP,49,1
N26-056-05798-NESP,51,1
N26-056-05798-NESP,56,1
N26-056-05798-NESP,96,1
N26-056-05798-NESP,100,1
N26-078-05799-CLEM,77,1
N26-078-05799-CLEM,78,1
N26-024-05800-ALDO,19,1
N26-024-05800-ALDO,20,1
N26-024-05800-ALDO,24,1
N26-023-05801-ADID,19,1
N26-023-05801-ADID,20,1
N26-023-05801-ADID,23,1
N26-078-05802-CLEM,77,1
N26-078-05802-CLEM,78,1
N26-092-05803-GONH,89,1
N26-092-05803-GONH,92,1
N26-048-05804-LGXX,36,1
N26-048-05804-LGXX,40,1
N26-048-05804-LGXX,48,1
N26-048-05804-LGXX,96,1
N26-048-05804-LGXX,98,1
N26-073-05805-BENO,69,1
N26-073-05805-BENO,73,1
N26-055-05806-NINJ,49,1
N26-055-05806-NINJ,51,1
N26-055-05806-NINJ,55,1
N26-055-05806-NINJ,96,1
N26-055-05806-NINJ,98,1
N26-078-05807-NATI,77,1
N26-078-05807-NATI,78,1
N26-082-05808-STER,77,1
N26-082-05808-STER,80,1
N26-082-05808-STER,82,1
N26-082-05808-STER,96,1
N26-082-05808-STER,100,1
N26-041-05809-APPL,36,1
N26-041-05809-APPL,37,1
N26-041-05809-APPL,41,1
N26-087-05810-MCGR,84,1
N26-087-05810-MCGR,85,1
N26-087-05810-MCGR,87,1
N26-095-05811-WHIS,93,1
N26-095-05811-WHIS,95,1
N26-095-05811-WHIS,96,1
N26-095-05811-WHIS,99,1
N26-072-05812-NEWB,69,1
N26-072-05812-NEWB,72,1
N26-072-05812-NEWB,96,1
N26-072-05812-NEWB,99,1
N26-031-05813-HUAW,28,1
N26-031-05813-HUAW,31,1
N26-031-05813-HUAW,96,1
N26-031-05813-HUAW,100,1
N26-024-05814-FLEX,19,1
N26-024-05814-FLEX,20,1
N26-024-05814-FLEX,24,1
N26-094-05815-NUPE,93,1
N26-094-05815-NUPE,94,1
N26-050-05816-PYRE,49,1
N26-050-05816-PYRE,50,1
N26-050-05816-PYRE,96,1
N26-050-05816-PYRE,98,1
N26-009-05817-CAXX,1,1
N26-009-05817-CAXX,4,1
N26-009-05817-CAXX,9,1
N26-009-05817-CAXX,96,1
N26-009-05817-CAXX,97,1
N26-065-05818-MAYB,60,1
N26-065-05818-MAYB,61,1
N26-065-05818-MAYB,65,1
N26-065-05818-MAYB,96,1
N26-065-05818-MAYB,100,1
N26-042-05819-VORA,36,1
N26-042-05819-VORA,37,1
N26-042-05819-VORA,42,1
N26-045-05820-OTTE,36,1
N26-045-05820-OTTE,38,1
N26-045-05820-OTTE,45,1
N26-055-05821-NINJ,49,1
N26-055-05821-NINJ,51,1
N26-055-05821-NINJ,55,1
N26-064-05822-NATU,60,1
N26-064-05822-NATU,64,1
N26-064-05822-NATU,96,1
N26-064-05822-NATU,98,1
N26-047-05823-SONY,36,1
N26-047-05823-SONY,39,1
N26-047-05823-SONY,47,1
N26-014-05824-CUID,1,1
N26-014-05824-CUID,2,1
N26-014-05824-CUID,14,1
N26-010-05825-PIRM,1,1
N26-010-05825-PIRM,4,1
N26-010-05825-PIRM,10,1
N26-065-05826-BISS,60,1
N26-065-05826-BISS,61,1
N26-065-05826-BISS,65,1
N26-075-05827-VOIT,69,1
N26-075-05827-VOIT,70,1
N26-075-05827-VOIT,75,1
N26-075-05827-VOIT,96,1
N26-075-05827-VOIT,99,1
N26-025-05828-FLEX,19,1
N26-025-05828-FLEX,21,1
N26-025-05828-FLEX,25,1
N26-029-05829-HERS,28,1
N26-029-05829-HERS,29,1
N26-094-05830-HILL,93,1
N26-094-05830-HILL,94,1
N26-087-05831-PEAR,84,1
N26-087-05831-PEAR,85,1
N26-087-05831-PEAR,87,1
N26-034-05832-TOMM,28,1
N26-034-05832-TOMM,34,1
N26-047-05833-BOSE,36,1
N26-047-05833-BOSE,39,1
N26-047-05833-BOSE,47,1
N26-033-05834-ADID,28,1
N26-033-05834-ADID,33,1
N26-033-05834-ADID,96,1
N26-033-05834-ADID,99,1
N26-075-05835-ADID,69,1
N26-075-05835-ADID,70,1
N26-075-05835-ADID,75,1
N26-075-05836-ADID,69,1
N26-075-05836-ADID,70,1
N26-075-05836-ADID,75,1
N26-075-05836-ADID,96,1
N26-075-05836-ADID,97,1
N26-032-05837-HAWK,28,1
N26-032-05837-HAWK,32,1
N26-017-05838-CUID,1,1
N26-017-05838-CUID,4,1
N26-017-05838-CUID,17,1
N26-017-05838-CUID,96,1
N26-017-05838-CUID,100,1
N26-087-05839-MCGR,84,1
N26-087-05839-MCGR,85,1
N26-087-05839-MCGR,87,1
N26-029-05840-ADID,28,1
N26-029-05840-ADID,29,1
N26-055-05841-KOBL,49,1
N26-055-05841-KOBL,51,1
N26-055-05841-KOBL,55,1
N26-047-05842-BOSE,36,1
N26-047-05842-BOSE,39,1
N26-047-05842-BOSE,47,1
N26-072-05843-ASIC,69,1
N26-072-05843-ASIC,72,1
N26-072-05843-ASIC,96,1
N26-072-05843-ASIC,97,1
N26-011-05844-ZARA,1,1
N26-011-05844-ZARA,4,1
N26-011-05844-ZARA,11,1
N26-011-05844-ZARA,96,1
N26-011-05844-ZARA,100,1
N26-076-05845-QUEC,69,1
N26-076-05845-QUEC,76,1
N26-023-05846-NIKE,19,1
N26-023-05846-NIKE,20,1
N26-023-05846-NIKE,23,1
N26-057-05847-DICO,49,1
N26-057-05847-DICO,52,1
N26-057-05847-DICO,57,1
N26-082-05848-STER,77,1
N26-082-05848-STER,80,1
N26-082-05848-STER,82,1
N26-076-05849-QUEC,69,1
N26-076-05849-QUEC,76,1
N26-076-05849-QUEC,96,1
N26-076-05849-QUEC,99,1
N26-055-05850-OSTE,49,1
N26-055-05850-OSTE,51,1
N26-055-05850-OSTE,55,1
N26-034-05851-HUGO,28,1
N26-034-05851-HUGO,34,1
N26-064-05852-CARO,60,1
N26-064-05852-CARO,64,1
N26-027-05853-CART,19,1
N26-027-05853-CART,22,1
N26-027-05853-CART,27,1
N26-043-05854-LOGI,36,1
N26-043-05854-LOGI,37,1
N26-043-05854-LOGI,43,1
N26-005-05855-DOCK,1,1
N26-005-05855-DOCK,2,1
N26-005-05855-DOCK,5,1
N26-011-05856-ZARA,1,1
N26-011-05856-ZARA,4,1
N26-011-05856-ZARA,11,1
N26-081-05857-NINT,77,1
N26-081-05857-NINT,80,1
N26-081-05857-NINT,81,1
N26-079-05858-MATT,77,1
N26-079-05858-MATT,79,1
N26-045-05859-ESRX,36,1
N26-045-05859-ESRX,38,1
N26-045-05859-ESRX,45,1
N26-045-05859-ESRX,96,1
N26-045-05859-ESRX,100,1
N26-024-05860-CLAR,19,1
N26-024-05860-CLAR,20,1
N26-024-05860-CLAR,24,1
N26-035-05861-COAC,28,1
N26-035-05861-COAC,35,1
N26-063-05862-GRIS,60,1
N26-063-05862-GRIS,63,1
N26-030-05863-PINE,28,1
N26-030-05863-PINE,30,1
N26-031-05864-FOSS,28,1
N26-031-05864-FOSS,31,1
N26-044-05865-LANI,36,1
N26-044-05865-LANI,38,1
N26-044-05865-LANI,44,1
N26-023-05866-SKEC,19,1
N26-023-05866-SKEC,20,1
N26-023-05866-SKEC,23,1
N26-057-05867-ASHL,49,1
N26-057-05867-ASHL,52,1
N26-057-05867-ASHL,57,1
N26-092-05868-GONH,89,1
N26-092-05868-GONH,92,1
N26-092-05868-GONH,96,1
N26-092-05868-GONH,97,1
N26-071-05869-CHAR,69,1
N26-071-05869-CHAR,71,1
N26-057-05870-GAIA,49,1
N26-057-05870-GAIA,52,1
N26-057-05870-GAIA,57,1
N26-047-05871-STER,36,1
N26-047-05871-STER,39,1
N26-047-05871-STER,47,1
N26-095-05872-NUPE,93,1
N26-095-05872-NUPE,95,1
N26-079-05873-DIST,77,1
N26-079-05873-DIST,79,1
N26-057-05874-GAIA,49,1
N26-057-05874-GAIA,52,1
N26-057-05874-GAIA,57,1
N26-057-05874-GAIA,96,1
N26-057-05874-GAIA,99,1
N26-031-05875-CITI,28,1
N26-031-05875-CITI,31,1
N26-059-05876-VIAN,49,1
N26-059-05876-VIAN,54,1
N26-059-05876-VIAN,59,1
N26-068-05877-ISDI,60,1
N26-068-05877-ISDI,62,1
N26-068-05877-ISDI,68,1
N26-033-05878-NEWE,28,1
N26-033-05878-NEWE,33,1
N26-074-05879-DECA,69,1
N26-074-05879-DECA,70,1
N26-074-05879-DECA,74,1
N26-083-05880-DEVI,77,1
N26-083-05880-DEVI,83,1
N26-016-05881-MANG,1,1
N26-016-05881-MANG,3,1
N26-016-05881-MANG,16,1
N26-043-05882-MICR,36,1
N26-043-05882-MICR,37,1
N26-043-05882-MICR,43,1
N26-043-05882-MICR,96,1
N26-043-05882-MICR,98,1
N26-046-05883-BOSE,36,1
N26-046-05883-BOSE,39,1
N26-046-05883-BOSE,46,1
N26-048-05884-LGXX,36,1
N26-048-05884-LGXX,40,1
N26-048-05884-LGXX,48,1
N26-025-05885-FLEX,19,1
N26-025-05885-FLEX,21,1
N26-025-05885-FLEX,25,1
N26-094-05886-PURI,93,1
N26-094-05886-PURI,94,1
N26-082-05887-STER,77,1
N26-082-05887-STER,80,1
N26-082-05887-STER,82,1
N26-082-05887-STER,96,1
N26-082-05887-STER,99,1
N26-013-05888-HMXX,1,1
N26-013-05888-HMXX,2,1
N26-013-05888-HMXX,13,1
N26-029-05889-HERS,28,1
N26-029-05889-HERS,29,1
N26-029-05889-HERS,96,1
N26-029-05889-HERS,98,1
N26-074-05890-CAPB,69,1
N26-074-05890-CAPB,70,1
N26-074-05890-CAPB,74,1
N26-074-05890-CAPB,96,1
N26-074-05890-CAPB,97,1
N26-006-05891-CUID,1,1
N26-006-05891-CUID,2,1
N26-006-05891-CUID,6,1
N26-029-05892-SAMS,28,1
N26-029-05892-SAMS,29,1
N26-056-05893-DELO,49,1
N26-056-05893-DELO,51,1
N26-056-05893-DELO,56,1
N26-088-05894-FELL,84,1
N26-088-05894-FELL,86,1
N26-088-05894-FELL,88,1
N26-088-05894-FELL,96,1
N26-088-05894-FELL,97,1
N26-014-05895-ZARA,1,1
N26-014-05895-ZARA,2,1
N26-014-05895-ZARA,14,1
N26-014-05895-ZARA,96,1
N26-014-05895-ZARA,97,1
N26-007-05896-MASS,1,1
N26-007-05896-MASS,3,1
N26-007-05896-MASS,7,1
N26-050-05897-TRAM,49,1
N26-050-05897-TRAM,50,1
N26-079-05898-MATT,77,1
N26-079-05898-MATT,79,1
N26-064-05899-PAIP,60,1
N26-064-05899-PAIP,64,1
N26-064-05899-PAIP,96,1
N26-064-05899-PAIP,99,1
N26-059-05900-IKEA,49,1
N26-059-05900-IKEA,54,1
N26-059-05900-IKEA,59,1
N26-082-05901-HYPE,77,1
N26-082-05901-HYPE,80,1
N26-082-05901-HYPE,82,1
N26-050-05902-TRAM,49,1
N26-050-05902-TRAM,50,1
N26-050-05902-TRAM,96,1
N26-050-05902-TRAM,100,1
N26-027-05903-NIKE,19,1
N26-027-05903-NIKE,22,1
N26-027-05903-NIKE,27,1
N26-027-05903-NIKE,96,1
N26-027-05903-NIKE,99,1
N26-035-05904-TOMM,28,1
N26-035-05904-TOMM,35,1
N26-015-05905-CAXX,1,1
N26-015-05905-CAXX,3,1
N26-015-05905-CAXX,15,1
N26-015-05905-CAXX,96,1
N26-015-05905-CAXX,100,1
N26-057-05906-GAIA,49,1
N26-057-05906-GAIA,52,1
N26-057-05906-GAIA,57,1
N26-047-05907-STER,36,1
N26-047-05907-STER,39,1
N26-047-05907-STER,47,1
N26-050-05908-TRAM,49,1
N26-050-05908-TRAM,50,1
N26-058-05909-IKEA,49,1
N26-058-05909-IKEA,53,1
N26-058-05909-IKEA,58,1
N26-058-05910-TECN,49,1
N26-058-05910-TECN,53,1
N26-058-05910-TECN,58,1
N26-058-05910-TECN,96,1
N26-058-05910-TECN,100,1
N26-032-05911-RAYB,28,1
N26-032-05911-RAYB,32,1
N26-047-05912-STER,36,1
N26-047-05912-STER,39,1
N26-047-05912-STER,47,1
N26-075-05913-VOIT,69,1
N26-075-05913-VOIT,70,1
N26-075-05913-VOIT,75,1
N26-083-05914-RAVE,77,1
N26-083-05914-RAVE,83,1
N26-092-05915-GONH,89,1
N26-092-05915-GONH,92,1
N26-092-05915-GONH,96,1
N26-092-05915-GONH,98,1
N26-092-05916-BOSC,89,1
N26-092-05916-BOSC,92,1
N26-079-05917-MATT,77,1
N26-079-05917-MATT,79,1
N26-026-05918-FLEX,19,1
N26-026-05918-FLEX,21,1
N26-026-05918-FLEX,26,1
N26-026-05919-TIMB,19,1
N26-026-05919-TIMB,21,1
N26-026-05919-TIMB,26,1
N26-026-05919-TIMB,96,1
N26-026-05919-TIMB,97,1
N26-007-05920-CUID,1,1
N26-007-05920-CUID,3,1
N26-007-05920-CUID,7,1
N26-007-05920-CUID,96,1
N26-007-05920-CUID,100,1
N26-072-05921-CHAR,69,1
N26-072-05921-CHAR,72,1
N26-072-05921-CHAR,96,1
N26-072-05921-CHAR,100,1
N26-082-05922-LOGI,77,1
N26-082-05922-LOGI,80,1
N26-082-05922-LOGI,82,1
N26-057-05923-GAIA,49,1
N26-057-05923-GAIA,52,1
N26-057-05923-GAIA,57,1
N26-043-05924-STER,36,1
N26-043-05924-STER,37,1
N26-043-05924-STER,43,1
N26-011-05925-CART,1,1
N26-011-05925-CART,4,1
N26-011-05925-CART,11,1
N26-063-05926-PANT,60,1
N26-063-05926-PANT,63,1
N26-006-05927-HMXX,1,1
N26-006-05927-HMXX,2,1
N26-006-05927-HMXX,6,1
N26-088-05928-SCRI,84,1
N26-088-05928-SCRI,86,1
N26-088-05928-SCRI,88,1
N26-065-05929-BISS,60,1
N26-065-05929-BISS,61,1
N26-065-05929-BISS,65,1
N26-065-05929-BISS,96,1
N26-065-05929-BISS,99,1
N26-009-05930-BABY,1,1
N26-009-05930-BABY,4,1
N26-009-05930-BABY,9,1
N26-017-05931-PUMA,1,1
N26-017-05931-PUMA,4,1
N26-017-05931-PUMA,17,1
N26-015-05932-HMXX,1,1
N26-015-05932-HMXX,3,1
N26-015-05932-HMXX,15,1
N26-032-05933-RAYB,28,1
N26-032-05933-RAYB,32,1
N26-032-05933-RAYB,96,1
N26-032-05933-RAYB,99,1
N26-059-05934-LUUN,49,1
N26-059-05934-LUUN,54,1
N26-059-05934-LUUN,59,1
N26-043-05935-LOGI,36,1
N26-043-05935-LOGI,37,1
N26-043-05935-LOGI,43,1
N26-017-05936-CUID,1,1
N26-017-05936-CUID,4,1
N26-017-05936-CUID,17,1
N26-056-05937-HAMI,49,1
N26-056-05937-HAMI,51,1
N26-056-05937-HAMI,56,1
N26-018-05938-UNDE,1,1
N26-018-05938-UNDE,4,1
N26-018-05938-UNDE,18,1
N26-018-05938-UNDE,96,1
N26-018-05938-UNDE,99,1
N26-034-05939-DOCK,28,1
N26-034-05939-DOCK,34,1
N26-034-05939-DOCK,96,1
N26-034-05939-DOCK,100,1
N26-014-05940-CUID,1,1
N26-014-05940-CUID,2,1
N26-014-05940-CUID,14,1
N26-078-05941-NATI,77,1
N26-078-05941-NATI,78,1
N26-075-05942-ADID,69,1
N26-075-05942-ADID,70,1
N26-075-05942-ADID,75,1
N26-065-05943-MACX,60,1
N26-065-05943-MACX,61,1
N26-065-05943-MACX,65,1
N26-091-05944-MEGU,89,1
N26-091-05944-MEGU,91,1
N26-008-05945-CUID,1,1
N26-008-05945-CUID,3,1
N26-008-05945-CUID,8,1
N26-032-05946-VOGU,28,1
N26-032-05946-VOGU,32,1
N26-073-05947-BENO,69,1
N26-073-05947-BENO,73,1
N26-071-05948-NIKE,69,1
N26-071-05948-NIKE,71,1
N26-031-05949-SEIK,28,1
N26-031-05949-SEIK,31,1
N26-087-05950-MCGR,84,1
N26-087-05950-MCGR,85,1
N26-087-05950-MCGR,87,1
N26-087-05950-MCGR,96,1
N26-087-05950-MCGR,98,1
N26-058-05951-PHIL,49,1
N26-058-05951-PHIL,53,1
N26-058-05951-PHIL,58,1
N26-024-05952-CLAR,19,1
N26-024-05952-CLAR,20,1
N26-024-05952-CLAR,24,1
N26-015-05953-HMXX,1,1
N26-015-05953-HMXX,3,1
N26-015-05953-HMXX,15,1
N26-044-05954-XIAO,36,1
N26-044-05954-XIAO,38,1
N26-044-05954-XIAO,44,1
N26-087-05955-PORR,84,1
N26-087-05955-PORR,85,1
N26-087-05955-PORR,87,1
N26-087-05955-PORR,96,1
N26-087-05955-PORR,98,1
N26-005-05956-CUID,1,1
N26-005-05956-CUID,2,1
N26-005-05956-CUID,5,1
N26-055-05957-NINJ,49,1
N26-055-05957-NINJ,51,1
N26-055-05957-NINJ,55,1
N26-041-05958-APPL,36,1
N26-041-05958-APPL,37,1
N26-041-05958-APPL,41,1
N26-017-05959-NIKE,1,1
N26-017-05959-NIKE,4,1
N26-017-05959-NIKE,17,1
N26-011-05960-CHAR,1,1
N26-011-05960-CHAR,4,1
N26-011-05960-CHAR,11,1
N26-011-05960-CHAR,96,1
N26-011-05960-CHAR,99,1
N26-014-05961-LEVI,1,1
N26-014-05961-LEVI,2,1
N26-014-05961-LEVI,14,1
N26-014-05961-LEVI,96,1
N26-014-05961-LEVI,99,1
N26-029-05962-HERS,28,1
N26-029-05962-HERS,29,1
N26-076-05963-QUEC,69,1
N26-076-05963-QUEC,76,1
N26-017-05964-CUID,1,1
N26-017-05964-CUID,4,1
N26-017-05964-CUID,17,1
N26-068-05965-EUCE,60,1
N26-068-05965-EUCE,62,1
N26-068-05965-EUCE,68,1
N26-075-05966-VOIT,69,1
N26-075-05966-VOIT,70,1
N26-075-05966-VOIT,75,1
N26-075-05966-VOIT,96,1
N26-075-05966-VOIT,97,1
N26-014-05967-WRAN,1,1
N26-014-05967-WRAN,2,1
N26-014-05967-WRAN,14,1
N26-047-05968-BOSE,36,1
N26-047-05968-BOSE,39,1
N26-047-05968-BOSE,47,1
N26-076-05969-OZAR,69,1
N26-076-05969-OZAR,76,1
N26-076-05969-OZAR,96,1
N26-076-05969-OZAR,99,1
N26-030-05970-THOM,28,1
N26-030-05970-THOM,30,1
N26-071-05971-NIKE,69,1
N26-071-05971-NIKE,71,1
N26-044-05972-GOOG,36,1
N26-044-05972-GOOG,38,1
N26-044-05972-GOOG,44,1
N26-044-05972-GOOG,96,1
N26-044-05972-GOOG,97,1
N26-023-05973-PUMA,19,1
N26-023-05973-PUMA,20,1
N26-023-05973-PUMA,23,1
N26-081-05974-XBOX,77,1
N26-081-05974-XBOX,80,1
N26-081-05974-XBOX,81,1
N26-064-05975-DIOR,60,1
N26-064-05975-DIOR,64,1
N26-035-05976-SAMS,28,1
N26-035-05976-SAMS,35,1
N26-078-05977-FISH,77,1
N26-078-05977-FISH,78,1
N26-092-05978-MONR,89,1
N26-092-05978-MONR,92,1
N26-009-05979-BABY,1,1
N26-009-05979-BABY,4,1
N26-009-05979-BABY,9,1
N26-048-05980-PHIL,36,1
N26-048-05980-PHIL,40,1
N26-048-05980-PHIL,48,1
N26-048-05980-PHIL,96,1
N26-048-05980-PHIL,99,1
N26-074-05981-VOIT,69,1
N26-074-05981-VOIT,70,1
N26-074-05981-VOIT,74,1
N26-066-05982-BISS,60,1
N26-066-05982-BISS,61,1
N26-066-05982-BISS,66,1
N26-055-05983-OSTE,49,1
N26-055-05983-OSTE,51,1
N26-055-05983-OSTE,55,1
N26-046-05984-SAMS,36,1
N26-046-05984-SAMS,39,1
N26-046-05984-SAMS,46,1
N26-046-05984-SAMS,96,1
N26-046-05984-SAMS,99,1
N26-008-05985-BERS,1,1
N26-008-05985-BERS,3,1
N26-008-05985-BERS,8,1
N26-027-05986-CROC,19,1
N26-027-05986-CROC,22,1
N26-027-05986-CROC,27,1
N26-090-05987-ARMO,89,1
N26-090-05987-ARMO,90,1
N26-083-05988-HASB,77,1
N26-083-05988-HASB,83,1
N26-083-05988-HASB,96,1
N26-083-05988-HASB,98,1
N26-043-05989-MICR,36,1
N26-043-05989-MICR,37,1
N26-043-05989-MICR,43,1
N26-064-05990-CARO,60,1
N26-064-05990-CARO,64,1
N26-013-05991-CUID,1,1
N26-013-05991-CUID,2,1
N26-013-05991-CUID,13,1
N26-050-05992-VASC,49,1
N26-050-05992-VASC,50,1
N26-064-05993-VERS,60,1
N26-064-05993-VERS,64,1
N26-010-05994-CART,1,1
N26-010-05994-CART,4,1
N26-010-05994-CART,10,1
N26-033-05995-NIKE,28,1
N26-033-05995-NIKE,33,1
N26-033-05995-NIKE,96,1
N26-033-05995-NIKE,97,1
N26-082-05996-PLAY,77,1
N26-082-05996-PLAY,80,1
N26-082-05996-PLAY,82,1
N26-017-05997-CUID,1,1
N26-017-05997-CUID,4,1
N26-017-05997-CUID,17,1
N26-014-05998-DOCK,1,1
N26-014-05998-DOCK,2,1
N26-014-05998-DOCK,14,1
N26-033-05999-PUMA,28,1
N26-033-05999-PUMA,33,1
N26-023-06000-PIRM,19,1
N26-023-06000-PIRM,20,1
N26-023-06000-PIRM,23,1
N26-023-06000-PIRM,96,1
N26-023-06000-PIRM,99,1
N26-078-06001-LEGO,77,1
N26-078-06001-LEGO,78,1
N26-078-06001-LEGO,96,1
N26-078-06001-LEGO,100,1
N26-048-06002-HISE,36,1
N26-048-06002-HISE,40,1
N26-048-06002-HISE,48,1
N26-048-06002-HISE,96,1
N26-048-06002-HISE,99,1
N26-034-06003-LEVI,28,1
N26-034-06003-LEVI,34,1
N26-067-06004-NEUT,60,1
N26-067-06004-NEUT,62,1
N26-067-06004-NEUT,67,1
N26-067-06004-NEUT,96,1
N26-067-06004-NEUT,98,1
N26-016-06005-HMXX,1,1
N26-016-06005-HMXX,3,1
N26-016-06005-HMXX,16,1
N26-088-06006-ZEBR,84,1
N26-088-06006-ZEBR,86,1
N26-088-06006-ZEBR,88,1
N26-042-06007-VORA,36,1
N26-042-06007-VORA,37,1
N26-042-06007-VORA,42,1
N26-042-06007-VORA,96,1
N26-042-06007-VORA,99,1
N26-078-06008-MIAL,77,1
N26-078-06008-MIAL,78,1
N26-063-06009-GRIS,60,1
N26-063-06009-GRIS,63,1
N26-071-06010-PUMA,69,1
N26-071-06010-PUMA,71,1
N26-035-06011-PINE,28,1
N26-035-06011-PINE,35,1
N26-008-06012-CUID,1,1
N26-008-06012-CUID,3,1
N26-008-06012-CUID,8,1
N26-056-06013-KOBL,49,1
N26-056-06013-KOBL,51,1
N26-056-06013-KOBL,56,1
N26-090-06014-3MXX,89,1
N26-090-06014-3MXX,90,1
N26-094-06015-ROYA,93,1
N26-094-06015-ROYA,94,1
N26-014-06016-CUID,1,1
N26-014-06016-CUID,2,1
N26-014-06016-CUID,14,1
N26-014-06016-CUID,96,1
N26-014-06016-CUID,99,1
N26-005-06017-CUID,1,1
N26-005-06017-CUID,2,1
N26-005-06017-CUID,5,1
N26-095-06018-HILL,93,1
N26-095-06018-HILL,95,1
N26-095-06018-HILL,96,1
N26-095-06018-HILL,98,1
N26-065-06019-MACX,60,1
N26-065-06019-MACX,61,1
N26-065-06019-MACX,65,1
N26-066-06020-MACX,60,1
N26-066-06020-MACX,61,1
N26-066-06020-MACX,66,1
N26-018-06021-NIKE,1,1
N26-018-06021-NIKE,4,1
N26-018-06021-NIKE,18,1
N26-064-06022-PAIP,60,1
N26-064-06022-PAIP,64,1
N26-029-06023-PINE,28,1
N26-029-06023-PINE,29,1
N26-015-06024-MANG,1,1
N26-015-06024-MANG,3,1
N26-015-06024-MANG,15,1
N26-025-06025-ALDO,19,1
N26-025-06025-ALDO,21,1
N26-025-06025-ALDO,25,1
N26-018-06026-CHAR,1,1
N26-018-06026-CHAR,4,1
N26-018-06026-CHAR,18,1
N26-041-06027-LANI,36,1
N26-041-06027-LANI,37,1
N26-041-06027-LANI,41,1
N26-074-06028-DECA,69,1
N26-074-06028-DECA,70,1
N26-074-06028-DECA,74,1
N26-047-06029-SONY,36,1
N26-047-06029-SONY,39,1
N26-047-06029-SONY,47,1
N26-047-06030-JBLX,36,1
N26-047-06030-JBLX,39,1
N26-047-06030-JBLX,47,1
N26-013-06031-CUID,1,1
N26-013-06031-CUID,2,1
N26-013-06031-CUID,13,1
N26-094-06032-PURI,93,1
N26-094-06032-PURI,94,1
N26-094-06032-PURI,96,1
N26-094-06032-PURI,100,1
N26-073-06033-GIAN,69,1
N26-073-06033-GIAN,73,1
N26-018-06034-NIKE,1,1
N26-018-06034-NIKE,4,1
N26-018-06034-NIKE,18,1
N26-081-06035-VALV,77,1
N26-081-06035-VALV,80,1
N26-081-06035-VALV,81,1
N26-044-06036-GOOG,36,1
N26-044-06036-GOOG,38,1
N26-044-06036-GOOG,44,1
N26-056-06037-KOBL,49,1
N26-056-06037-KOBL,51,1
N26-056-06037-KOBL,56,1
N26-035-06038-SAMS,28,1
N26-035-06038-SAMS,35,1
N26-063-06039-PANT,60,1
N26-063-06039-PANT,63,1
N26-047-06040-STER,36,1
N26-047-06040-STER,39,1
N26-047-06040-STER,47,1
N26-065-06041-PAIP,60,1
N26-065-06041-PAIP,61,1
N26-065-06041-PAIP,65,1
N26-057-06042-GAIA,49,1
N26-057-06042-GAIA,52,1
N26-057-06042-GAIA,57,1
N26-023-06043-PANA,19,1
N26-023-06043-PANA,20,1
N26-023-06043-PANA,23,1
N26-073-06044-SPEC,69,1
N26-073-06044-SPEC,73,1
N26-059-06045-LUUN,49,1
N26-059-06045-LUUN,54,1
N26-059-06045-LUUN,59,1
N26-094-06046-NUPE,93,1
N26-094-06046-NUPE,94,1
N26-048-06047-SONY,36,1
N26-048-06047-SONY,40,1
N26-048-06047-SONY,48,1
N26-048-06047-SONY,96,1
N26-048-06047-SONY,97,1
N26-066-06048-REVL,60,1
N26-066-06048-REVL,61,1
N26-066-06048-REVL,66,1
N26-059-06049-IKEA,49,1
N26-059-06049-IKEA,54,1
N26-059-06049-IKEA,59,1
N26-032-06050-VOGU,28,1
N26-032-06050-VOGU,32,1
N26-092-06051-DENS,89,1
N26-092-06051-DENS,92,1
N26-092-06051-DENS,96,1
N26-092-06051-DENS,97,1
N26-032-06052-VOGU,28,1
N26-032-06052-VOGU,32,1
N26-076-06053-THEN,69,1
N26-076-06053-THEN,76,1
N26-066-06054-LORA,60,1
N26-066-06054-LORA,61,1
N26-066-06054-LORA,66,1
N26-016-06055-MANG,1,1
N26-016-06055-MANG,3,1
N26-016-06055-MANG,16,1
N26-068-06056-NIVE,60,1
N26-068-06056-NIVE,62,1
N26-068-06056-NIVE,68,1
N26-068-06056-NIVE,96,1
N26-068-06056-NIVE,99,1
N26-056-06057-OSTE,49,1
N26-056-06057-OSTE,51,1
N26-056-06057-OSTE,56,1
N26-010-06058-CHAR,1,1
N26-010-06058-CHAR,4,1
N26-010-06058-CHAR,10,1
N26-067-06059-CERA,60,1
N26-067-06059-CERA,62,1
N26-067-06059-CERA,67,1
N26-066-06060-LORA,60,1
N26-066-06060-LORA,61,1
N26-066-06060-LORA,66,1
N26-042-06061-CORS,36,1
N26-042-06061-CORS,37,1
N26-042-06061-CORS,42,1
N26-042-06061-CORS,96,1
N26-042-06061-CORS,100,1
N26-048-06062-SONY,36,1
N26-048-06062-SONY,40,1
N26-048-06062-SONY,48,1
N26-012-06063-CUID,1,1
N26-012-06063-CUID,4,1
N26-012-06063-CUID,12,1
N26-088-06064-BARR,84,1
N26-088-06064-BARR,86,1
N26-088-06064-BARR,88,1
N26-045-06065-STER,36,1
N26-045-06065-STER,38,1
N26-045-06065-STER,45,1
N26-045-06065-STER,96,1
N26-045-06065-STER,100,1
N26-050-06066-PYRE,49,1
N26-050-06066-PYRE,50,1
N26-026-06067-TIMB,19,1
N26-026-06067-TIMB,21,1
N26-026-06067-TIMB,26,1
N26-091-06068-MIKE,89,1
N26-091-06068-MIKE,91,1
N26-091-06068-MIKE,96,1
N26-091-06068-MIKE,100,1
N26-018-06069-UNDE,1,1
N26-018-06069-UNDE,4,1
N26-018-06069-UNDE,18,1
N26-018-06069-UNDE,96,1
N26-018-06069-UNDE,98,1
N26-059-06070-IKEA,49,1
N26-059-06070-IKEA,54,1
N26-059-06070-IKEA,59,1
N26-031-06071-FOSS,28,1
N26-031-06071-FOSS,31,1
N26-073-06072-BENO,69,1
N26-073-06072-BENO,73,1
N26-032-06073-OAKL,28,1
N26-032-06073-OAKL,32,1
N26-068-06074-GRIS,60,1
N26-068-06074-GRIS,62,1
N26-068-06074-GRIS,68,1
N26-065-06075-MACX,60,1
N26-065-06075-MACX,61,1
N26-065-06075-MACX,65,1
N26-009-06076-HMXX,1,1
N26-009-06076-HMXX,4,1
N26-009-06076-HMXX,9,1
N26-046-06077-SAMS,36,1
N26-046-06077-SAMS,39,1
N26-046-06077-SAMS,46,1
N26-013-06078-CUID,1,1
N26-013-06078-CUID,2,1
N26-013-06078-CUID,13,1
N26-088-06079-SCRI,84,1
N26-088-06079-SCRI,86,1
N26-088-06079-SCRI,88,1
N26-013-06080-LEVI,1,1
N26-013-06080-LEVI,2,1
N26-013-06080-LEVI,13,1
N26-013-06080-LEVI,96,1
N26-013-06080-LEVI,100,1
N26-078-06081-MIAL,77,1
N26-078-06081-MIAL,78,1
N26-087-06082-PEAR,84,1
N26-087-06082-PEAR,85,1
N26-087-06082-PEAR,87,1
N26-076-06083-OZAR,69,1
N26-076-06083-OZAR,76,1
N26-075-06084-VOIT,69,1
N26-075-06084-VOIT,70,1
N26-075-06084-VOIT,75,1
N26-035-06085-SAMS,28,1
N26-035-06085-SAMS,35,1
N26-063-06086-GARN,60,1
N26-063-06086-GARN,63,1
N26-063-06086-GARN,96,1
N26-063-06086-GARN,99,1
N26-063-06087-GRIS,60,1
N26-063-06087-GRIS,63,1
N26-063-06087-GRIS,96,1
N26-063-06087-GRIS,99,1
N26-012-06088-PULL,1,1
N26-012-06088-PULL,4,1
N26-012-06088-PULL,12,1
N26-018-06089-CHAR,1,1
N26-018-06089-CHAR,4,1
N26-018-06089-CHAR,18,1
N26-018-06089-CHAR,96,1
N26-018-06089-CHAR,98,1
N26-073-06090-BENO,69,1
N26-073-06090-BENO,73,1
N26-073-06090-BENO,96,1
N26-073-06090-BENO,100,1
N26-034-06091-LEVI,28,1
N26-034-06091-LEVI,34,1
N26-008-06092-ZARA,1,1
N26-008-06092-ZARA,3,1
N26-008-06092-ZARA,8,1
N26-008-06092-ZARA,96,1
N26-008-06092-ZARA,98,1
N26-073-06093-SPEC,69,1
N26-073-06093-SPEC,73,1
N26-032-06094-OAKL,28,1
N26-032-06094-OAKL,32,1
N26-058-06095-PHIL,49,1
N26-058-06095-PHIL,53,1
N26-058-06095-PHIL,58,1
N26-078-06096-CLEM,77,1
N26-078-06096-CLEM,78,1
N26-056-06097-KOBL,49,1
N26-056-06097-KOBL,51,1
N26-056-06097-KOBL,56,1
N26-029-06098-ADID,28,1
N26-029-06098-ADID,29,1
N26-025-06099-FLEX,19,1
N26-025-06099-FLEX,21,1
N26-025-06099-FLEX,25,1
N26-015-06100-CAXX,1,1
N26-015-06100-CAXX,3,1
N26-015-06100-CAXX,15,1
N26-025-06101-ALDO,19,1
N26-025-06101-ALDO,21,1
N26-025-06101-ALDO,25,1
N26-025-06101-ALDO,96,1
N26-025-06101-ALDO,97,1
N26-006-06102-CUID,1,1
N26-006-06102-CUID,2,1
N26-006-06102-CUID,6,1
N26-092-06103-MONR,89,1
N26-092-06103-MONR,92,1
N26-079-06104-DIST,77,1
N26-079-06104-DIST,79,1
N26-079-06104-DIST,96,1
N26-079-06104-DIST,99,1
N26-045-06105-STER,36,1
N26-045-06105-STER,38,1
N26-045-06105-STER,45,1
N26-056-06106-KOBL,49,1
N26-056-06106-KOBL,51,1
N26-056-06106-KOBL,56,1
N26-011-06107-CAXX,1,1
N26-011-06107-CAXX,4,1
N26-011-06107-CAXX,11,1
N26-014-06108-WRAN,1,1
N26-014-06108-WRAN,2,1
N26-014-06108-WRAN,14,1
N26-056-06109-NESP,49,1
N26-056-06109-NESP,51,1
N26-056-06109-NESP,56,1
N26-013-06110-CUID,1,1
N26-013-06110-CUID,2,1
N26-013-06110-CUID,13,1
N26-013-06111-CUID,1,1
N26-013-06111-CUID,2,1
N26-013-06111-CUID,13,1
N26-066-06112-LORA,60,1
N26-066-06112-LORA,61,1
N26-066-06112-LORA,66,1
N26-063-06113-GRIS,60,1
N26-063-06113-GRIS,63,1
N26-067-06114-CERA,60,1
N26-067-06114-CERA,62,1
N26-067-06114-CERA,67,1
N26-067-06114-CERA,96,1
N26-067-06114-CERA,98,1
N26-058-06115-PHIL,49,1
N26-058-06115-PHIL,53,1
N26-058-06115-PHIL,58,1
N26-013-06116-NIKE,1,1
N26-013-06116-NIKE,2,1
N26-013-06116-NIKE,13,1
N26-090-06117-MIKE,89,1
N26-090-06117-MIKE,90,1
N26-090-06117-MIKE,96,1
N26-090-06117-MIKE,97,1
N26-073-06118-BENO,69,1
N26-073-06118-BENO,73,1
N26-024-06119-FLEX,19,1
N26-024-06119-FLEX,20,1
N26-024-06119-FLEX,24,1
N26-072-06120-CHAR,69,1
N26-072-06120-CHAR,72,1
N26-013-06121-NIKE,1,1
N26-013-06121-NIKE,2,1
N26-013-06121-NIKE,13,1
N26-018-06122-PIRM,1,1
N26-018-06122-PIRM,4,1
N26-018-06122-PIRM,18,1
N26-018-06122-PIRM,96,1
N26-018-06122-PIRM,97,1
N26-034-06123-PINE,28,1
N26-034-06123-PINE,34,1
N26-007-06124-MANG,1,1
N26-007-06124-MANG,3,1
N26-007-06124-MANG,7,1
N26-016-06125-ZARA,1,1
N26-016-06125-ZARA,3,1
N26-016-06125-ZARA,16,1
N26-066-06126-MAYB,60,1
N26-066-06126-MAYB,61,1
N26-066-06126-MAYB,66,1
N26-048-06127-HISE,36,1
N26-048-06127-HISE,40,1
N26-048-06127-HISE,48,1
N26-091-06128-MIKE,89,1
N26-091-06128-MIKE,91,1
N26-091-06128-MIKE,96,1
N26-091-06128-MIKE,97,1
N26-067-06129-LARO,60,1
N26-067-06129-LARO,62,1
N26-067-06129-LARO,67,1
N26-082-06130-RAZE,77,1
N26-082-06130-RAZE,80,1
N26-082-06130-RAZE,82,1
N26-082-06130-RAZE,96,1
N26-082-06130-RAZE,97,1
N26-023-06131-PANA,19,1
N26-023-06131-PANA,20,1
N26-023-06131-PANA,23,1
N26-018-06132-PIRM,1,1
N26-018-06132-PIRM,4,1
N26-018-06132-PIRM,18,1
N26-017-06133-CUID,1,1
N26-017-06133-CUID,4,1
N26-017-06133-CUID,17,1
N26-012-06134-CUID,1,1
N26-012-06134-CUID,4,1
N26-012-06134-CUID,12,1
N26-032-06135-POLA,28,1
N26-032-06135-POLA,32,1
N26-025-06136-ALDO,19,1
N26-025-06136-ALDO,21,1
N26-025-06136-ALDO,25,1
N26-092-06137-GONH,89,1
N26-092-06137-GONH,92,1
N26-092-06138-GONH,89,1
N26-092-06138-GONH,92,1
N26-046-06139-APPL,36,1
N26-046-06139-APPL,39,1
N26-046-06139-APPL,46,1
N26-046-06139-APPL,96,1
N26-046-06139-APPL,100,1
N26-092-06140-GONH,89,1
N26-092-06140-GONH,92,1
N26-090-06141-MIKE,89,1
N26-090-06141-MIKE,90,1
N26-058-06142-TECN,49,1
N26-058-06142-TECN,53,1
N26-058-06142-TECN,58,1
N26-091-06143-MIKE,89,1
N26-091-06143-MIKE,91,1
N26-081-06144-XBOX,77,1
N26-081-06144-XBOX,80,1
N26-081-06144-XBOX,81,1
N26-081-06144-XBOX,96,1
N26-081-06144-XBOX,99,1
N26-074-06145-VOIT,69,1
N26-074-06145-VOIT,70,1
N26-074-06145-VOIT,74,1
N26-074-06145-VOIT,96,1
N26-074-06145-VOIT,99,1
N26-029-06146-HERS,28,1
N26-029-06146-HERS,29,1
N26-012-06147-ZARA,1,1
N26-012-06147-ZARA,4,1
N26-012-06147-ZARA,12,1
N26-092-06148-GONH,89,1
N26-092-06148-GONH,92,1
N26-034-06149-TOMM,28,1
N26-034-06149-TOMM,34,1
N26-005-06150-DOCK,1,1
N26-005-06150-DOCK,2,1
N26-005-06150-DOCK,5,1
N26-005-06150-DOCK,96,1
N26-005-06150-DOCK,100,1
N26-041-06151-LENO,36,1
N26-041-06151-LENO,37,1
N26-041-06151-LENO,41,1
N26-071-06152-PIRM,69,1
N26-071-06152-PIRM,71,1
N26-092-06153-GONH,89,1
N26-092-06153-GONH,92,1
N26-072-06154-CHAR,69,1
N26-072-06154-CHAR,72,1
N26-072-06154-CHAR,96,1
N26-072-06154-CHAR,98,1
N26-071-06155-CHAR,69,1
N26-071-06155-CHAR,71,1
N26-059-06156-LUUN,49,1
N26-059-06156-LUUN,54,1
N26-059-06156-LUUN,59,1
N26-073-06157-BENO,69,1
N26-073-06157-BENO,73,1
N26-068-06158-EUCE,60,1
N26-068-06158-EUCE,62,1
N26-068-06158-EUCE,68,1
N26-068-06158-EUCE,96,1
N26-068-06158-EUCE,100,1
N26-046-06159-STER,36,1
N26-046-06159-STER,39,1
N26-046-06159-STER,46,1
N26-027-06160-CROC,19,1
N26-027-06160-CROC,22,1
N26-027-06160-CROC,27,1
N26-055-06161-HAMI,49,1
N26-055-06161-HAMI,51,1
N26-055-06161-HAMI,55,1
N26-008-06162-ZARA,1,1
N26-008-06162-ZARA,3,1
N26-008-06162-ZARA,8,1
N26-008-06162-ZARA,96,1
N26-008-06162-ZARA,98,1
N26-009-06163-BABY,1,1
N26-009-06163-BABY,4,1
N26-009-06163-BABY,9,1
N26-068-06164-EUCE,60,1
N26-068-06164-EUCE,62,1
N26-068-06164-EUCE,68,1
N26-068-06164-EUCE,96,1
N26-068-06164-EUCE,97,1
N26-050-06165-KITC,49,1
N26-050-06165-KITC,50,1
N26-026-06166-TIMB,19,1
N26-026-06166-TIMB,21,1
N26-026-06166-TIMB,26,1
N26-024-06167-FLEX,19,1
N26-024-06167-FLEX,20,1
N26-024-06167-FLEX,24,1
N26-074-06168-EVER,69,1
N26-074-06168-EVER,70,1
N26-074-06168-EVER,74,1
N26-057-06169-GAIA,49,1
N26-057-06169-GAIA,52,1
N26-057-06169-GAIA,57,1
N26-079-06170-LEGO,77,1
N26-079-06170-LEGO,79,1
N26-082-06171-PLAY,77,1
N26-082-06171-PLAY,80,1
N26-082-06171-PLAY,82,1
N26-088-06172-SCRI,84,1
N26-088-06172-SCRI,86,1
N26-088-06172-SCRI,88,1
N26-088-06172-SCRI,96,1
N26-088-06172-SCRI,98,1
N26-091-06173-MIKE,89,1
N26-091-06173-MIKE,91,1
N26-066-06174-REVL,60,1
N26-066-06174-REVL,61,1
N26-066-06174-REVL,66,1
N26-066-06174-REVL,96,1
N26-066-06174-REVL,100,1
N26-055-06175-OSTE,49,1
N26-055-06175-OSTE,51,1
N26-055-06175-OSTE,55,1
N26-057-06176-GAIA,49,1
N26-057-06176-GAIA,52,1
N26-057-06176-GAIA,57,1
N26-005-06177-HUGO,1,1
N26-005-06177-HUGO,2,1
N26-005-06177-HUGO,5,1
N26-005-06177-HUGO,96,1
N26-005-06177-HUGO,97,1
N26-018-06178-UNDE,1,1
N26-018-06178-UNDE,4,1
N26-018-06178-UNDE,18,1
N26-066-06179-BISS,60,1
N26-066-06179-BISS,61,1
N26-066-06179-BISS,66,1
N26-066-06179-BISS,96,1
N26-066-06179-BISS,99,1
N26-083-06180-RAVE,77,1
N26-083-06180-RAVE,83,1
N26-091-06181-TURT,89,1
N26-091-06181-TURT,91,1
N26-032-06182-POLA,28,1
N26-032-06182-POLA,32,1
N26-032-06182-POLA,96,1
N26-032-06182-POLA,100,1
N26-041-06183-LANI,36,1
N26-041-06183-LANI,37,1
N26-041-06183-LANI,41,1
N26-092-06184-NGKX,89,1
N26-092-06184-NGKX,92,1
N26-057-06185-DICO,49,1
N26-057-06185-DICO,52,1
N26-057-06185-DICO,57,1
N26-057-06185-DICO,96,1
N26-057-06185-DICO,98,1
N26-079-06186-LEGO,77,1
N26-079-06186-LEGO,79,1
N26-066-06187-BISS,60,1
N26-066-06187-BISS,61,1
N26-066-06187-BISS,66,1
N26-034-06188-DOCK,28,1
N26-034-06188-DOCK,34,1
N26-046-06189-STER,36,1
N26-046-06189-STER,39,1
N26-046-06189-STER,46,1
N26-065-06190-MACX,60,1
N26-065-06190-MACX,61,1
N26-065-06190-MACX,65,1
N26-034-06191-TOMM,28,1
N26-034-06191-TOMM,34,1
N26-043-06192-STER,36,1
N26-043-06192-STER,37,1
N26-043-06192-STER,43,1
N26-067-06193-NIVE,60,1
N26-067-06193-NIVE,62,1
N26-067-06193-NIVE,67,1
N26-067-06193-NIVE,96,1
N26-067-06193-NIVE,98,1
N26-034-06194-TOMM,28,1
N26-034-06194-TOMM,34,1
N26-014-06195-CUID,1,1
N26-014-06195-CUID,2,1
N26-014-06195-CUID,14,1
N26-010-06196-HMXX,1,1
N26-010-06196-HMXX,4,1
N26-010-06196-HMXX,10,1
N26-017-06197-CUID,1,1
N26-017-06197-CUID,4,1
N26-017-06197-CUID,17,1
N26-042-06198-SEAG,36,1
N26-042-06198-SEAG,37,1
N26-042-06198-SEAG,42,1
N26-042-06198-SEAG,96,1
N26-042-06198-SEAG,97,1
N26-068-06199-LARO,60,1
N26-068-06199-LARO,62,1
N26-068-06199-LARO,68,1
N26-006-06200-CUID,1,1
N26-006-06200-CUID,2,1
N26-006-06200-CUID,6,1
N26-092-06201-DENS,89,1
N26-092-06201-DENS,92,1
N26-045-06202-STER,36,1
N26-045-06202-STER,38,1
N26-045-06202-STER,45,1
N26-079-06203-DIST,77,1
N26-079-06203-DIST,79,1
N26-079-06203-DIST,96,1
N26-079-06203-DIST,100,1
N26-071-06204-PIRM,69,1
N26-071-06204-PIRM,71,1
N26-010-06205-CAXX,1,1
N26-010-06205-CAXX,4,1
N26-010-06205-CAXX,10,1
N26-013-06206-HMXX,1,1
N26-013-06206-HMXX,2,1
N26-013-06206-HMXX,13,1
N26-030-06207-PAND,28,1
N26-030-06207-PAND,30,1
N26-010-06208-CHAR,1,1
N26-010-06208-CHAR,4,1
N26-010-06208-CHAR,10,1
N26-063-06209-LORA,60,1
N26-063-06209-LORA,63,1
N26-035-06210-TOMM,28,1
N26-035-06210-TOMM,35,1
N26-035-06210-TOMM,96,1
N26-035-06210-TOMM,100,1
N26-042-06211-GIGA,36,1
N26-042-06211-GIGA,37,1
N26-042-06211-GIGA,42,1
N26-088-06212-SCRI,84,1
N26-088-06212-SCRI,86,1
N26-088-06212-SCRI,88,1
N26-006-06213-CUID,1,1
N26-006-06213-CUID,2,1
N26-006-06213-CUID,6,1
N26-026-06214-CATE,19,1
N26-026-06214-CATE,21,1
N26-026-06214-CATE,26,1
N26-005-06215-CUID,1,1
N26-005-06215-CUID,2,1
N26-005-06215-CUID,5,1
N26-073-06216-SHIM,69,1
N26-073-06216-SHIM,73,1
N26-079-06217-DIST,77,1
N26-079-06217-DIST,79,1
N26-079-06217-DIST,96,1
N26-079-06217-DIST,98,1
N26-090-06218-MIKE,89,1
N26-090-06218-MIKE,90,1
N26-090-06218-MIKE,96,1
N26-090-06218-MIKE,99,1
N26-055-06219-OSTE,49,1
N26-055-06219-OSTE,51,1
N26-055-06219-OSTE,55,1
N26-007-06220-CUID,1,1
N26-007-06220-CUID,3,1
N26-007-06220-CUID,7,1
N26-087-06221-TRIL,84,1
N26-087-06221-TRIL,85,1
N26-087-06221-TRIL,87,1
N26-056-06222-DELO,49,1
N26-056-06222-DELO,51,1
N26-056-06222-DELO,56,1
N26-031-06223-HUAW,28,1
N26-031-06223-HUAW,31,1
N26-026-06224-FLEX,19,1
N26-026-06224-FLEX,21,1
N26-026-06224-FLEX,26,1
N26-072-06225-NIKE,69,1
N26-072-06225-NIKE,72,1
N26-072-06225-NIKE,96,1
N26-072-06225-NIKE,97,1
N26-091-06226-TURT,89,1
N26-091-06226-TURT,91,1
N26-091-06226-TURT,96,1
N26-091-06226-TURT,98,1
N26-012-06227-ZARA,1,1
N26-012-06227-ZARA,4,1
N26-012-06227-ZARA,12,1
N26-078-06228-MIAL,77,1
N26-078-06228-MIAL,78,1
N26-042-06229-ASUS,36,1
N26-042-06229-ASUS,37,1
N26-042-06229-ASUS,42,1
N26-095-06230-WHIS,93,1
N26-095-06230-WHIS,95,1
N26-095-06230-WHIS,96,1
N26-095-06230-WHIS,97,1
N26-095-06231-ROYA,93,1
N26-095-06231-ROYA,95,1
N26-008-06232-CUID,1,1
N26-008-06232-CUID,3,1
N26-008-06232-CUID,8,1
N26-016-06233-HMXX,1,1
N26-016-06233-HMXX,3,1
N26-016-06233-HMXX,16,1
N26-035-06234-COAC,28,1
N26-035-06234-COAC,35,1
N26-035-06234-COAC,96,1
N26-035-06234-COAC,98,1
N26-024-06235-FLEX,19,1
N26-024-06235-FLEX,20,1
N26-024-06235-FLEX,24,1
N26-007-06236-CUID,1,1
N26-007-06236-CUID,3,1
N26-007-06236-CUID,7,1
N26-007-06236-CUID,96,1
N26-007-06236-CUID,97,1
N26-059-06237-SPRI,49,1
N26-059-06237-SPRI,54,1
N26-059-06237-SPRI,59,1
N26-059-06237-SPRI,96,1
N26-059-06237-SPRI,100,1
N26-030-06238-SWAR,28,1
N26-030-06238-SWAR,30,1
N26-025-06239-FLEX,19,1
N26-025-06239-FLEX,21,1
N26-025-06239-FLEX,25,1
N26-055-06240-KOBL,49,1
N26-055-06240-KOBL,51,1
N26-055-06240-KOBL,55,1
N26-048-06241-PHIL,36,1
N26-048-06241-PHIL,40,1
N26-048-06241-PHIL,48,1
N26-087-06242-PEAR,84,1
N26-087-06242-PEAR,85,1
N26-087-06242-PEAR,87,1
N26-087-06243-OREI,84,1
N26-087-06243-OREI,85,1
N26-087-06243-OREI,87,1
N26-091-06244-3MXX,89,1
N26-091-06244-3MXX,91,1
N26-058-06245-TAPO,49,1
N26-058-06245-TAPO,53,1
N26-058-06245-TAPO,58,1
N26-045-06246-STER,36,1
N26-045-06246-STER,38,1
N26-045-06246-STER,45,1
N26-012-06247-CUID,1,1
N26-012-06247-CUID,4,1
N26-012-06247-CUID,12,1
N26-074-06248-EVER,69,1
N26-074-06248-EVER,70,1
N26-074-06248-EVER,74,1
N26-009-06249-BABY,1,1
N26-009-06249-BABY,4,1
N26-009-06249-BABY,9,1
N26-094-06250-NUPE,93,1
N26-094-06250-NUPE,94,1
N26-090-06251-MIKE,89,1
N26-090-06251-MIKE,90,1
N26-064-06252-DIOR,60,1
N26-064-06252-DIOR,64,1
N26-007-06253-CUID,1,1
N26-007-06253-CUID,3,1
N26-007-06253-CUID,7,1
N26-045-06254-STER,36,1
N26-045-06254-STER,38,1
N26-045-06254-STER,45,1
N26-091-06255-MEGU,89,1
N26-091-06255-MEGU,91,1
N26-065-06256-NYXX,60,1
N26-065-06256-NYXX,61,1
N26-065-06256-NYXX,65,1
N26-045-06257-OTTE,36,1
N26-045-06257-OTTE,38,1
N26-045-06257-OTTE,45,1
N26-068-06258-EUCE,60,1
N26-068-06258-EUCE,62,1
N26-068-06258-EUCE,68,1
N26-031-06259-FOSS,28,1
N26-031-06259-FOSS,31,1
N26-042-06260-KING,36,1
N26-042-06260-KING,37,1
N26-042-06260-KING,42,1
N26-046-06261-STER,36,1
N26-046-06261-STER,39,1
N26-046-06261-STER,46,1
N26-046-06261-STER,96,1
N26-046-06261-STER,98,1
N26-015-06262-CAXX,1,1
N26-015-06262-CAXX,3,1
N26-015-06262-CAXX,15,1
N26-044-06263-GOOG,36,1
N26-044-06263-GOOG,38,1
N26-044-06263-GOOG,44,1
N26-079-06264-DIST,77,1
N26-079-06264-DIST,79,1
N26-079-06264-DIST,96,1
N26-079-06264-DIST,98,1
N26-035-06265-FOSS,28,1
N26-035-06265-FOSS,35,1
N26-035-06265-FOSS,96,1
N26-035-06265-FOSS,100,1
N26-025-06266-ALDO,19,1
N26-025-06266-ALDO,21,1
N26-025-06266-ALDO,25,1
N26-025-06266-ALDO,96,1
N26-025-06266-ALDO,98,1
N26-068-06267-LARO,60,1
N26-068-06267-LARO,62,1
N26-068-06267-LARO,68,1
N26-094-06268-NUPE,93,1
N26-094-06268-NUPE,94,1
N26-094-06268-NUPE,96,1
N26-094-06268-NUPE,100,1
N26-031-06269-FOSS,28,1
N26-031-06269-FOSS,31,1
N26-068-06270-GRIS,60,1
N26-068-06270-GRIS,62,1
N26-068-06270-GRIS,68,1
N26-091-06271-MEGU,89,1
N26-091-06271-MEGU,91,1
N26-088-06272-SCRI,84,1
N26-088-06272-SCRI,86,1
N26-088-06272-SCRI,88,1
N26-087-06273-PORR,84,1
N26-087-06273-PORR,85,1
N26-087-06273-PORR,87,1
N26-087-06273-PORR,96,1
N26-087-06273-PORR,99,1
N26-066-06274-LORA,60,1
N26-066-06274-LORA,61,1
N26-066-06274-LORA,66,1
N26-066-06274-LORA,96,1
N26-066-06274-LORA,100,1
N26-067-06275-CERA,60,1
N26-067-06275-CERA,62,1
N26-067-06275-CERA,67,1
N26-046-06276-SAMS,36,1
N26-046-06276-SAMS,39,1
N26-046-06276-SAMS,46,1
N26-008-06277-CUID,1,1
N26-008-06277-CUID,3,1
N26-008-06277-CUID,8,1
N26-045-06278-BELK,36,1
N26-045-06278-BELK,38,1
N26-045-06278-BELK,45,1
N26-027-06279-ADID,19,1
N26-027-06279-ADID,22,1
N26-027-06279-ADID,27,1
N26-055-06280-HAMI,49,1
N26-055-06280-HAMI,51,1
N26-055-06280-HAMI,55,1
N26-031-06281-SEIK,28,1
N26-031-06281-SEIK,31,1
N26-011-06282-CART,1,1
N26-011-06282-CART,4,1
N26-011-06282-CART,11,1
N26-045-06283-STER,36,1
N26-045-06283-STER,38,1
N26-045-06283-STER,45,1
N26-047-06284-STER,36,1
N26-047-06284-STER,39,1
N26-047-06284-STER,47,1
N26-044-06285-LANI,36,1
N26-044-06285-LANI,38,1
N26-044-06285-LANI,44,1
N26-014-06286-DOCK,1,1
N26-014-06286-DOCK,2,1
N26-014-06286-DOCK,14,1
N26-071-06287-ADID,69,1
N26-071-06287-ADID,71,1
N26-078-06288-NATI,77,1
N26-078-06288-NATI,78,1
N26-048-06289-SAMS,36,1
N26-048-06289-SAMS,40,1
N26-048-06289-SAMS,48,1
N26-087-06290-TRIL,84,1
N26-087-06290-TRIL,85,1
N26-087-06290-TRIL,87,1
N26-092-06291-BOSC,89,1
N26-092-06291-BOSC,92,1
N26-092-06291-BOSC,96,1
N26-092-06291-BOSC,99,1
N26-064-06292-VERS,60,1
N26-064-06292-VERS,64,1
N26-008-06293-CUID,1,1
N26-008-06293-CUID,3,1
N26-008-06293-CUID,8,1
N26-008-06293-CUID,96,1
N26-008-06293-CUID,99,1
N26-095-06294-ROYA,93,1
N26-095-06294-ROYA,95,1
N26-071-06295-ADID,69,1
N26-071-06295-ADID,71,1
N26-044-06296-LANI,36,1
N26-044-06296-LANI,38,1
N26-044-06296-LANI,44,1
N26-092-06297-DENS,89,1
N26-092-06297-DENS,92,1
N26-055-06298-KOBL,49,1
N26-055-06298-KOBL,51,1
N26-055-06298-KOBL,55,1
N26-057-06299-DICO,49,1
N26-057-06299-DICO,52,1
N26-057-06299-DICO,57,1
N26-057-06299-DICO,96,1
N26-057-06299-DICO,100,1
N26-033-06300-NIKE,28,1
N26-033-06300-NIKE,33,1
N26-033-06300-NIKE,96,1
N26-033-06300-NIKE,99,1
N26-006-06301-ZARA,1,1
N26-006-06301-ZARA,2,1
N26-006-06301-ZARA,6,1
N26-071-06302-CHAR,69,1
N26-071-06302-CHAR,71,1
N26-092-06303-BOSC,89,1
N26-092-06303-BOSC,92,1
N26-092-06303-BOSC,96,1
N26-092-06303-BOSC,97,1
N26-063-06304-HEAD,60,1
N26-063-06304-HEAD,63,1
N26-075-06305-GAIA,69,1
N26-075-06305-GAIA,70,1
N26-075-06305-GAIA,75,1
N26-075-06305-GAIA,96,1
N26-075-06305-GAIA,99,1
N26-016-06306-ZARA,1,1
N26-016-06306-ZARA,3,1
N26-016-06306-ZARA,16,1
N26-016-06306-ZARA,96,1
N26-016-06306-ZARA,100,1
N26-006-06307-CUID,1,1
N26-006-06307-CUID,2,1
N26-006-06307-CUID,6,1
N26-033-06308-NIKE,28,1
N26-033-06308-NIKE,33,1
N26-073-06309-BENO,69,1
N26-073-06309-BENO,73,1
N26-010-06310-CAXX,1,1
N26-010-06310-CAXX,4,1
N26-010-06310-CAXX,10,1
N26-057-06311-DICO,49,1
N26-057-06311-DICO,52,1
N26-057-06311-DICO,57,1
N26-010-06312-CART,1,1
N26-010-06312-CART,4,1
N26-010-06312-CART,10,1
N26-032-06313-HAWK,28,1
N26-032-06313-HAWK,32,1
N26-032-06313-HAWK,96,1
N26-032-06313-HAWK,100,1
N26-056-06314-KOBL,49,1
N26-056-06314-KOBL,51,1
N26-056-06314-KOBL,56,1
N26-056-06314-KOBL,96,1
N26-056-06314-KOBL,100,1
N26-032-06315-VOGU,28,1
N26-032-06315-VOGU,32,1
N26-034-06316-DOCK,28,1
N26-034-06316-DOCK,34,1
N26-074-06317-DECA,69,1
N26-074-06317-DECA,70,1
N26-074-06317-DECA,74,1
N26-015-06318-CAXX,1,1
N26-015-06318-CAXX,3,1
N26-015-06318-CAXX,15,1
N26-013-06319-CUID,1,1
N26-013-06319-CUID,2,1
N26-013-06319-CUID,13,1
N26-095-06320-NUPE,93,1
N26-095-06320-NUPE,95,1
N26-012-06321-PULL,1,1
N26-012-06321-PULL,4,1
N26-012-06321-PULL,12,1
N26-013-06322-HMXX,1,1
N26-013-06322-HMXX,2,1
N26-013-06322-HMXX,13,1
N26-068-06323-GRIS,60,1
N26-068-06323-GRIS,62,1
N26-068-06323-GRIS,68,1
N26-033-06324-NEWE,28,1
N26-033-06324-NEWE,33,1
N26-090-06325-ARMO,89,1
N26-090-06325-ARMO,90,1
N26-005-06326-LEVI,1,1
N26-005-06326-LEVI,2,1
N26-005-06326-LEVI,5,1
N26-005-06326-LEVI,96,1
N26-005-06326-LEVI,100,1
N26-081-06327-XBOX,77,1
N26-081-06327-XBOX,80,1
N26-081-06327-XBOX,81,1
N26-081-06327-XBOX,96,1
N26-081-06327-XBOX,100,1
N26-072-06328-NIKE,69,1
N26-072-06328-NIKE,72,1
N26-072-06328-NIKE,96,1
N26-072-06328-NIKE,98,1
N26-058-06329-TAPO,49,1
N26-058-06329-TAPO,53,1
N26-058-06329-TAPO,58,1
N26-058-06329-TAPO,96,1
N26-058-06329-TAPO,99,1
N26-034-06330-TOMM,28,1
N26-034-06330-TOMM,34,1
N26-034-06330-TOMM,96,1
N26-034-06330-TOMM,98,1
N26-064-06331-PAIP,60,1
N26-064-06331-PAIP,64,1
N26-088-06332-BICX,84,1
N26-088-06332-BICX,86,1
N26-088-06332-BICX,88,1
N26-073-06333-GIAN,69,1
N26-073-06333-GIAN,73,1
N26-090-06334-3MXX,89,1
N26-090-06334-3MXX,90,1
N26-090-06335-MIKE,89,1
N26-090-06335-MIKE,90,1
N26-009-06336-HMXX,1,1
N26-009-06336-HMXX,4,1
N26-009-06336-HMXX,9,1
N26-009-06336-HMXX,96,1
N26-009-06336-HMXX,99,1
N26-006-06337-CUID,1,1
N26-006-06337-CUID,2,1
N26-006-06337-CUID,6,1
N26-009-06338-HMXX,1,1
N26-009-06338-HMXX,4,1
N26-009-06338-HMXX,9,1
N26-009-06338-HMXX,96,1
N26-009-06338-HMXX,98,1
N26-026-06339-CATE,19,1
N26-026-06339-CATE,21,1
N26-026-06339-CATE,26,1
N26-066-06340-LORA,60,1
N26-066-06340-LORA,61,1
N26-066-06340-LORA,66,1
N26-012-06341-ZARA,1,1
N26-012-06341-ZARA,4,1
N26-012-06341-ZARA,12,1
N26-027-06342-CART,19,1
N26-027-06342-CART,22,1
N26-027-06342-CART,27,1
N26-027-06342-CART,96,1
N26-027-06342-CART,97,1
N26-088-06343-SCRI,84,1
N26-088-06343-SCRI,86,1
N26-088-06343-SCRI,88,1
N26-088-06343-SCRI,96,1
N26-088-06343-SCRI,97,1
N26-088-06344-BARR,84,1
N26-088-06344-BARR,86,1
N26-088-06344-BARR,88,1
N26-088-06344-BARR,96,1
N26-088-06344-BARR,98,1
N26-018-06345-UNDE,1,1
N26-018-06345-UNDE,4,1
N26-018-06345-UNDE,18,1
N26-073-06346-TREK,69,1
N26-073-06346-TREK,73,1
N26-026-06347-FLEX,19,1
N26-026-06347-FLEX,21,1
N26-026-06347-FLEX,26,1
N26-026-06347-FLEX,96,1
N26-026-06347-FLEX,98,1
N26-057-06348-GAIA,49,1
N26-057-06348-GAIA,52,1
N26-057-06348-GAIA,57,1
N26-046-06349-APPL,36,1
N26-046-06349-APPL,39,1
N26-046-06349-APPL,46,1
N26-009-06350-CAXX,1,1
N26-009-06350-CAXX,4,1
N26-009-06350-CAXX,9,1
N26-009-06350-CAXX,96,1
N26-009-06350-CAXX,99,1
N26-059-06351-HOME,49,1
N26-059-06351-HOME,54,1
N26-059-06351-HOME,59,1
N26-032-06352-POLA,28,1
N26-032-06352-POLA,32,1
N26-023-06353-PANA,19,1
N26-023-06353-PANA,20,1
N26-023-06353-PANA,23,1
N26-023-06354-CHAR,19,1
N26-023-06354-CHAR,20,1
N26-023-06354-CHAR,23,1
N26-025-06355-FLEX,19,1
N26-025-06355-FLEX,21,1
N26-025-06355-FLEX,25,1
N26-025-06355-FLEX,96,1
N26-025-06355-FLEX,97,1
N26-042-06356-KING,36,1
N26-042-06356-KING,37,1
N26-042-06356-KING,42,1
N26-006-06357-CUID,1,1
N26-006-06357-CUID,2,1
N26-006-06357-CUID,6,1
N26-025-06358-ALDO,19,1
N26-025-06358-ALDO,21,1
N26-025-06358-ALDO,25,1
N26-058-06359-TECN,49,1
N26-058-06359-TECN,53,1
N26-058-06359-TECN,58,1
N26-014-06360-ZARA,1,1
N26-014-06360-ZARA,2,1
N26-014-06360-ZARA,14,1
N26-014-06360-ZARA,96,1
N26-014-06360-ZARA,97,1
N26-090-06361-3MXX,89,1
N26-090-06361-3MXX,90,1
N26-090-06361-3MXX,96,1
N26-090-06361-3MXX,98,1
N26-041-06362-DELL,36,1
N26-041-06362-DELL,37,1
N26-041-06362-DELL,41,1
N26-074-06363-EVER,69,1
N26-074-06363-EVER,70,1
N26-074-06363-EVER,74,1
N26-074-06363-EVER,96,1
N26-074-06363-EVER,97,1
N26-067-06364-CERA,60,1
N26-067-06364-CERA,62,1
N26-067-06364-CERA,67,1
N26-041-06365-LANI,36,1
N26-041-06365-LANI,37,1
N26-041-06365-LANI,41,1
N26-091-06366-TURT,89,1
N26-091-06366-TURT,91,1
N26-091-06366-TURT,96,1
N26-091-06366-TURT,98,1
N26-025-06367-ZARA,19,1
N26-025-06367-ZARA,21,1
N26-025-06367-ZARA,25,1
N26-025-06367-ZARA,96,1
N26-025-06367-ZARA,100,1
N26-078-06368-MIAL,77,1
N26-078-06368-MIAL,78,1
N26-075-06369-NIKE,69,1
N26-075-06369-NIKE,70,1
N26-075-06369-NIKE,75,1
N26-082-06370-STER,77,1
N26-082-06370-STER,80,1
N26-082-06370-STER,82,1
N26-034-06371-LEVI,28,1
N26-034-06371-LEVI,34,1
N26-057-06372-DICO,49,1
N26-057-06372-DICO,52,1
N26-057-06372-DICO,57,1
N26-057-06372-DICO,96,1
N26-057-06372-DICO,100,1
N26-082-06373-PLAY,77,1
N26-082-06373-PLAY,80,1
N26-082-06373-PLAY,82,1
N26-005-06374-DOCK,1,1
N26-005-06374-DOCK,2,1
N26-005-06374-DOCK,5,1
N26-023-06375-CHAR,19,1
N26-023-06375-CHAR,20,1
N26-023-06375-CHAR,23,1
N26-025-06376-FLEX,19,1
N26-025-06376-FLEX,21,1
N26-025-06376-FLEX,25,1
N26-024-06377-FLEX,19,1
N26-024-06377-FLEX,20,1
N26-024-06377-FLEX,24,1
N26-024-06377-FLEX,96,1
N26-024-06377-FLEX,98,1
N26-094-06378-NUPE,93,1
N26-094-06378-NUPE,94,1
N26-094-06378-NUPE,96,1
N26-094-06378-NUPE,100,1
N26-042-06379-VORA,36,1
N26-042-06379-VORA,37,1
N26-042-06379-VORA,42,1
N26-042-06379-VORA,96,1
N26-042-06379-VORA,98,1
N26-005-06380-HUGO,1,1
N26-005-06380-HUGO,2,1
N26-005-06380-HUGO,5,1
N26-074-06381-DECA,69,1
N26-074-06381-DECA,70,1
N26-074-06381-DECA,74,1
N26-074-06381-DECA,96,1
N26-074-06381-DECA,98,1
N26-067-06382-GRIS,60,1
N26-067-06382-GRIS,62,1
N26-067-06382-GRIS,67,1
N26-067-06382-GRIS,96,1
N26-067-06382-GRIS,100,1
N26-064-06383-VERS,60,1
N26-064-06383-VERS,64,1
N26-083-06384-MATT,77,1
N26-083-06384-MATT,83,1
N26-025-06385-ALDO,19,1
N26-025-06385-ALDO,21,1
N26-025-06385-ALDO,25,1
N26-017-06386-CUID,1,1
N26-017-06386-CUID,4,1
N26-017-06386-CUID,17,1
N26-017-06386-CUID,96,1
N26-017-06386-CUID,99,1
N26-087-06387-MCGR,84,1
N26-087-06387-MCGR,85,1
N26-087-06387-MCGR,87,1
N26-015-06388-CAXX,1,1
N26-015-06388-CAXX,3,1
N26-015-06388-CAXX,15,1
N26-011-06389-CHAR,1,1
N26-011-06389-CHAR,4,1
N26-011-06389-CHAR,11,1
N26-087-06390-TRIL,84,1
N26-087-06390-TRIL,85,1
N26-087-06390-TRIL,87,1
N26-031-06391-CASI,28,1
N26-031-06391-CASI,31,1
N26-031-06391-CASI,96,1
N26-031-06391-CASI,98,1
N26-087-06392-TRIL,84,1
N26-087-06392-TRIL,85,1
N26-087-06392-TRIL,87,1
N26-092-06393-MONR,89,1
N26-092-06393-MONR,92,1
N26-092-06393-MONR,96,1
N26-092-06393-MONR,99,1
N26-006-06394-ZARA,1,1
N26-006-06394-ZARA,2,1
N26-006-06394-ZARA,6,1
N26-065-06395-MACX,60,1
N26-065-06395-MACX,61,1
N26-065-06395-MACX,65,1
N26-029-06396-ADID,28,1
N26-029-06396-ADID,29,1
N26-072-06397-CHAR,69,1
N26-072-06397-CHAR,72,1
N26-072-06397-CHAR,96,1
N26-072-06397-CHAR,100,1
N26-013-06398-HMXX,1,1
N26-013-06398-HMXX,2,1
N26-013-06398-HMXX,13,1
N26-013-06398-HMXX,96,1
N26-013-06398-HMXX,100,1
N26-090-06399-3MXX,89,1
N26-090-06399-3MXX,90,1
N26-088-06400-BICX,84,1
N26-088-06400-BICX,86,1
N26-088-06400-BICX,88,1
N26-088-06400-BICX,96,1
N26-088-06400-BICX,97,1
N26-059-06401-LUUN,49,1
N26-059-06401-LUUN,54,1
N26-059-06401-LUUN,59,1
N26-035-06402-FOSS,28,1
N26-035-06402-FOSS,35,1
N26-035-06402-FOSS,96,1
N26-035-06402-FOSS,99,1
N26-032-06403-OAKL,28,1
N26-032-06403-OAKL,32,1
N26-043-06404-PERF,36,1
N26-043-06404-PERF,37,1
N26-043-06404-PERF,43,1
N26-033-06405-NIKE,28,1
N26-033-06405-NIKE,33,1
N26-033-06405-NIKE,96,1
N26-033-06405-NIKE,98,1
N26-007-06406-ZARA,1,1
N26-007-06406-ZARA,3,1
N26-007-06406-ZARA,7,1
N26-026-06407-SKEC,19,1
N26-026-06407-SKEC,21,1
N26-026-06407-SKEC,26,1
N26-059-06408-VIAN,49,1
N26-059-06408-VIAN,54,1
N26-059-06408-VIAN,59,1
N26-064-06409-PAIP,60,1
N26-064-06409-PAIP,64,1
N26-024-06410-FLEX,19,1
N26-024-06410-FLEX,20,1
N26-024-06410-FLEX,24,1
N26-029-06411-SAMS,28,1
N26-029-06411-SAMS,29,1
N26-029-06411-SAMS,96,1
N26-029-06411-SAMS,97,1
N26-095-06412-HILL,93,1
N26-095-06412-HILL,95,1
N26-031-06413-CITI,28,1
N26-031-06413-CITI,31,1
N26-031-06413-CITI,96,1
N26-031-06413-CITI,97,1
N26-095-06414-NUPE,93,1
N26-095-06414-NUPE,95,1
N26-050-06415-VASC,49,1
N26-050-06415-VASC,50,1
N26-050-06415-VASC,96,1
N26-050-06415-VASC,99,1
N26-065-06416-BISS,60,1
N26-065-06416-BISS,61,1
N26-065-06416-BISS,65,1
N26-065-06416-BISS,96,1
N26-065-06416-BISS,100,1
N26-071-06417-ADID,69,1
N26-071-06417-ADID,71,1
N26-013-06418-ADID,1,1
N26-013-06418-ADID,2,1
N26-013-06418-ADID,13,1
N26-018-06419-PIRM,1,1
N26-018-06419-PIRM,4,1
N26-018-06419-PIRM,18,1
N26-018-06419-PIRM,96,1
N26-018-06419-PIRM,100,1
N26-017-06420-CUID,1,1
N26-017-06420-CUID,4,1
N26-017-06420-CUID,17,1
N26-017-06420-CUID,96,1
N26-017-06420-CUID,98,1
N26-088-06421-BARR,84,1
N26-088-06421-BARR,86,1
N26-088-06421-BARR,88,1
N26-088-06421-BARR,96,1
N26-088-06421-BARR,100,1
N26-018-06422-CHAR,1,1
N26-018-06422-CHAR,4,1
N26-018-06422-CHAR,18,1
N26-018-06422-CHAR,96,1
N26-018-06422-CHAR,100,1
N26-066-06423-BISS,60,1
N26-066-06423-BISS,61,1
N26-066-06423-BISS,66,1
N26-027-06424-HAVA,19,1
N26-027-06424-HAVA,22,1
N26-027-06424-HAVA,27,1
N26-027-06424-HAVA,96,1
N26-027-06424-HAVA,99,1
N26-033-06425-PUMA,28,1
N26-033-06425-PUMA,33,1
N26-046-06426-JBLX,36,1
N26-046-06426-JBLX,39,1
N26-046-06426-JBLX,46,1
N26-008-06427-ZARA,1,1
N26-008-06427-ZARA,3,1
N26-008-06427-ZARA,8,1
N26-009-06428-BABY,1,1
N26-009-06428-BABY,4,1
N26-009-06428-BABY,9,1
N26-048-06429-LGXX,36,1
N26-048-06429-LGXX,40,1
N26-048-06429-LGXX,48,1
N26-048-06429-LGXX,96,1
N26-048-06429-LGXX,97,1
N26-010-06430-CAXX,1,1
N26-010-06430-CAXX,4,1
N26-010-06430-CAXX,10,1
N26-009-06431-CART,1,1
N26-009-06431-CART,4,1
N26-009-06431-CART,9,1
N26-095-06432-ROYA,93,1
N26-095-06432-ROYA,95,1
N26-095-06432-ROYA,96,1
N26-095-06432-ROYA,100,1
N26-008-06433-CUID,1,1
N26-008-06433-CUID,3,1
N26-008-06433-CUID,8,1
N26-008-06433-CUID,96,1
N26-008-06433-CUID,100,1
N26-006-06434-ZARA,1,1
N26-006-06434-ZARA,2,1
N26-006-06434-ZARA,6,1
N26-087-06435-PORR,84,1
N26-087-06435-PORR,85,1
N26-087-06435-PORR,87,1
N26-090-06436-MIKE,89,1
N26-090-06436-MIKE,90,1
N26-090-06436-MIKE,96,1
N26-090-06436-MIKE,98,1
N26-015-06437-CAXX,1,1
N26-015-06437-CAXX,3,1
N26-015-06437-CAXX,15,1
N26-048-06438-TCLX,36,1
N26-048-06438-TCLX,40,1
N26-048-06438-TCLX,48,1
N26-081-06439-VALV,77,1
N26-081-06439-VALV,80,1
N26-081-06439-VALV,81,1
N26-015-06440-MASS,1,1
N26-015-06440-MASS,3,1
N26-015-06440-MASS,15,1
N26-030-06441-TOUS,28,1
N26-030-06441-TOUS,30,1
N26-030-06441-TOUS,96,1
N26-030-06441-TOUS,100,1
N26-009-06442-CAXX,1,1
N26-009-06442-CAXX,4,1
N26-009-06442-CAXX,9,1
N26-009-06442-CAXX,96,1
N26-009-06442-CAXX,97,1
N26-035-06443-TOMM,28,1
N26-035-06443-TOMM,35,1
N26-072-06444-NIKE,69,1
N26-072-06444-NIKE,72,1
N26-072-06444-NIKE,96,1
N26-072-06444-NIKE,99,1
N26-058-06445-STER,49,1
N26-058-06445-STER,53,1
N26-058-06445-STER,58,1
N26-018-06446-ADID,1,1
N26-018-06446-ADID,4,1
N26-018-06446-ADID,18,1
N26-018-06446-ADID,96,1
N26-018-06446-ADID,100,1
N26-081-06447-VALV,77,1
N26-081-06447-VALV,80,1
N26-081-06447-VALV,81,1
N26-081-06447-VALV,96,1
N26-081-06447-VALV,97,1
N26-012-06448-HMXX,1,1
N26-012-06448-HMXX,4,1
N26-012-06448-HMXX,12,1
N26-012-06448-HMXX,96,1
N26-012-06448-HMXX,100,1
N26-023-06449-PUMA,19,1
N26-023-06449-PUMA,20,1
N26-023-06449-PUMA,23,1
N26-023-06449-PUMA,96,1
N26-023-06449-PUMA,98,1
N26-011-06450-CAXX,1,1
N26-011-06450-CAXX,4,1
N26-011-06450-CAXX,11,1
N26-011-06450-CAXX,96,1
N26-011-06450-CAXX,97,1
N26-016-06451-CAXX,1,1
N26-016-06451-CAXX,3,1
N26-016-06451-CAXX,16,1
N26-016-06451-CAXX,96,1
N26-016-06451-CAXX,98,1
N26-088-06452-BICX,84,1
N26-088-06452-BICX,86,1
N26-088-06452-BICX,88,1
N26-088-06452-BICX,96,1
N26-088-06452-BICX,98,1
N26-076-06453-NATU,69,1
N26-076-06453-NATU,76,1
N26-076-06453-NATU,96,1
N26-076-06453-NATU,98,1
N26-006-06454-CUID,1,1
N26-006-06454-CUID,2,1
N26-006-06454-CUID,6,1
N26-046-06455-STER,36,1
N26-046-06455-STER,39,1
N26-046-06455-STER,46,1
N26-092-06456-GONH,89,1
N26-092-06456-GONH,92,1
N26-092-06456-GONH,96,1
N26-092-06456-GONH,100,1
N26-094-06457-ROYA,93,1
N26-094-06457-ROYA,94,1
N26-027-06458-NIKE,19,1
N26-027-06458-NIKE,22,1
N26-027-06458-NIKE,27,1
N26-048-06459-HISE,36,1
N26-048-06459-HISE,40,1
N26-048-06459-HISE,48,1
N26-006-06460-BERS,1,1
N26-006-06460-BERS,2,1
N26-006-06460-BERS,6,1
N26-006-06460-BERS,96,1
N26-006-06460-BERS,98,1
N26-073-06461-SPEC,69,1
N26-073-06461-SPEC,73,1
N26-079-06462-MATT,77,1
N26-079-06462-MATT,79,1
N26-044-06463-HONO,36,1
N26-044-06463-HONO,38,1
N26-044-06463-HONO,44,1
N26-044-06463-HONO,96,1
N26-044-06463-HONO,98,1
N26-094-06464-NUPE,93,1
N26-094-06464-NUPE,94,1
N26-094-06464-NUPE,96,1
N26-094-06464-NUPE,100,1
N26-013-06465-ADID,1,1
N26-013-06465-ADID,2,1
N26-013-06465-ADID,13,1
N26-050-06466-TFAL,49,1
N26-050-06466-TFAL,50,1
N26-076-06467-QUEC,69,1
N26-076-06467-QUEC,76,1
N26-078-06468-MIAL,77,1
N26-078-06468-MIAL,78,1
N26-059-06469-LUUN,49,1
N26-059-06469-LUUN,54,1
N26-059-06469-LUUN,59,1
N26-059-06469-LUUN,96,1
N26-059-06469-LUUN,99,1
N26-095-06470-NUPE,93,1
N26-095-06470-NUPE,95,1
N26-095-06470-NUPE,96,1
N26-095-06470-NUPE,100,1
N26-087-06471-PORR,84,1
N26-087-06471-PORR,85,1
N26-087-06471-PORR,87,1
N26-087-06471-PORR,96,1
N26-087-06471-PORR,97,1
N26-094-06472-GANA,93,1
N26-094-06472-GANA,94,1
N26-067-06473-NEUT,60,1
N26-067-06473-NEUT,62,1
N26-067-06473-NEUT,67,1
N26-067-06473-NEUT,96,1
N26-067-06473-NEUT,99,1
N26-041-06474-LANI,36,1
N26-041-06474-LANI,37,1
N26-041-06474-LANI,41,1
N26-013-06475-CUID,1,1
N26-013-06475-CUID,2,1
N26-013-06475-CUID,13,1
N26-078-06476-CLEM,77,1
N26-078-06476-CLEM,78,1
N26-079-06477-LEGO,77,1
N26-079-06477-LEGO,79,1
N26-034-06478-LEVI,28,1
N26-034-06478-LEVI,34,1
N26-056-06479-OSTE,49,1
N26-056-06479-OSTE,51,1
N26-056-06479-OSTE,56,1
N26-009-06480-CAXX,1,1
N26-009-06480-CAXX,4,1
N26-009-06480-CAXX,9,1
N26-063-06481-GRIS,60,1
N26-063-06481-GRIS,63,1
N26-005-06482-DOCK,1,1
N26-005-06482-DOCK,2,1
N26-005-06482-DOCK,5,1
N26-005-06482-DOCK,96,1
N26-005-06482-DOCK,99,1
N26-095-06483-NUPE,93,1
N26-095-06483-NUPE,95,1
N26-078-06484-MIAL,77,1
N26-078-06484-MIAL,78,1
N26-078-06484-MIAL,96,1
N26-078-06484-MIAL,98,1
N26-055-06485-MABE,49,1
N26-055-06485-MABE,51,1
N26-055-06485-MABE,55,1
N26-058-06486-STER,49,1
N26-058-06486-STER,53,1
N26-058-06486-STER,58,1
N26-073-06487-BENO,69,1
N26-073-06487-BENO,73,1
N26-056-06488-KOBL,49,1
N26-056-06488-KOBL,51,1
N26-056-06488-KOBL,56,1
N26-044-06489-LANI,36,1
N26-044-06489-LANI,38,1
N26-044-06489-LANI,44,1
N26-044-06489-LANI,96,1
N26-044-06489-LANI,100,1
N26-071-06490-ADID,69,1
N26-071-06490-ADID,71,1
N26-058-06491-TECN,49,1
N26-058-06491-TECN,53,1
N26-058-06491-TECN,58,1
N26-083-06492-HASB,77,1
N26-083-06492-HASB,83,1
N26-063-06493-PANT,60,1
N26-063-06493-PANT,63,1
N26-016-06494-MASS,1,1
N26-016-06494-MASS,3,1
N26-016-06494-MASS,16,1
N26-073-06495-BENO,69,1
N26-073-06495-BENO,73,1
N26-033-06496-UNDE,28,1
N26-033-06496-UNDE,33,1
N26-091-06497-3MXX,89,1
N26-091-06497-3MXX,91,1
N26-032-06498-VOGU,28,1
N26-032-06498-VOGU,32,1
N26-032-06498-VOGU,96,1
N26-032-06498-VOGU,98,1
N26-065-06499-MACX,60,1
N26-065-06499-MACX,61,1
N26-065-06499-MACX,65,1
N26-081-06500-VALV,77,1
N26-081-06500-VALV,80,1
N26-081-06500-VALV,81,1
N26-047-06501-STER,36,1
N26-047-06501-STER,39,1
N26-047-06501-STER,47,1
N26-047-06501-STER,96,1
N26-047-06501-STER,98,1
N26-034-06502-PINE,28,1
N26-034-06502-PINE,34,1
N26-046-06503-APPL,36,1
N26-046-06503-APPL,39,1
N26-046-06503-APPL,46,1
N26-046-06503-APPL,96,1
N26-046-06503-APPL,97,1
N26-056-06504-NESP,49,1
N26-056-06504-NESP,51,1
N26-056-06504-NESP,56,1
N26-075-06505-VOIT,69,1
N26-075-06505-VOIT,70,1
N26-075-06505-VOIT,75,1
N26-045-06506-STER,36,1
N26-045-06506-STER,38,1
N26-045-06506-STER,45,1
N26-058-06507-TECN,49,1
N26-058-06507-TECN,53,1
N26-058-06507-TECN,58,1
N26-027-06508-NIKE,19,1
N26-027-06508-NIKE,22,1
N26-027-06508-NIKE,27,1
N26-027-06508-NIKE,96,1
N26-027-06508-NIKE,100,1
N26-023-06509-ADID,19,1
N26-023-06509-ADID,20,1
N26-023-06509-ADID,23,1
N26-023-06509-ADID,96,1
N26-023-06509-ADID,97,1
N26-073-06510-GIAN,69,1
N26-073-06510-GIAN,73,1
N26-007-06511-MANG,1,1
N26-007-06511-MANG,3,1
N26-007-06511-MANG,7,1
N26-035-06512-SAMS,28,1
N26-035-06512-SAMS,35,1
N26-007-06513-MASS,1,1
N26-007-06513-MASS,3,1
N26-007-06513-MASS,7,1
N26-007-06513-MASS,96,1
N26-007-06513-MASS,98,1
N26-009-06514-CART,1,1
N26-009-06514-CART,4,1
N26-009-06514-CART,9,1
N26-083-06515-DEVI,77,1
N26-083-06515-DEVI,83,1
N26-083-06515-DEVI,96,1
N26-083-06515-DEVI,97,1
N26-058-06516-IKEA,49,1
N26-058-06516-IKEA,53,1
N26-058-06516-IKEA,58,1
N26-026-06517-CATE,19,1
N26-026-06517-CATE,21,1
N26-026-06517-CATE,26,1
N26-032-06518-RAYB,28,1
N26-032-06518-RAYB,32,1
N26-064-06519-DIOR,60,1
N26-064-06519-DIOR,64,1
N26-011-06520-HMXX,1,1
N26-011-06520-HMXX,4,1
N26-011-06520-HMXX,11,1
N26-013-06521-CUID,1,1
N26-013-06521-CUID,2,1
N26-013-06521-CUID,13,1
N26-029-06522-KIPL,28,1
N26-029-06522-KIPL,29,1
N26-042-06523-GIGA,36,1
N26-042-06523-GIGA,37,1
N26-042-06523-GIGA,42,1
N26-042-06523-GIGA,96,1
N26-042-06523-GIGA,97,1
N26-050-06524-EKCO,49,1
N26-050-06524-EKCO,50,1
N26-050-06524-EKCO,96,1
N26-050-06524-EKCO,97,1
N26-029-06525-HERS,28,1
N26-029-06525-HERS,29,1
N26-018-06526-CHAR,1,1
N26-018-06526-CHAR,4,1
N26-018-06526-CHAR,18,1
N26-018-06526-CHAR,96,1
N26-018-06526-CHAR,97,1
N26-063-06527-GRIS,60,1
N26-063-06527-GRIS,63,1
N26-006-06528-ZARA,1,1
N26-006-06528-ZARA,2,1
N26-006-06528-ZARA,6,1
N26-034-06529-HUGO,28,1
N26-034-06529-HUGO,34,1
N26-034-06529-HUGO,96,1
N26-034-06529-HUGO,99,1
N26-056-06530-OSTE,49,1
N26-056-06530-OSTE,51,1
N26-056-06530-OSTE,56,1
N26-095-06531-NUPE,93,1
N26-095-06531-NUPE,95,1
N26-095-06531-NUPE,96,1
N26-095-06531-NUPE,97,1
N26-094-06532-NUPE,93,1
N26-094-06532-NUPE,94,1
N26-018-06533-CHAR,1,1
N26-018-06533-CHAR,4,1
N26-018-06533-CHAR,18,1
N26-066-06534-LORA,60,1
N26-066-06534-LORA,61,1
N26-066-06534-LORA,66,1
N26-068-06535-GRIS,60,1
N26-068-06535-GRIS,62,1
N26-068-06535-GRIS,68,1
N26-055-06536-KOBL,49,1
N26-055-06536-KOBL,51,1
N26-055-06536-KOBL,55,1
N26-055-06536-KOBL,96,1
N26-055-06536-KOBL,98,1
N26-087-06537-OREI,84,1
N26-087-06537-OREI,85,1
N26-087-06537-OREI,87,1
N26-026-06538-SKEC,19,1
N26-026-06538-SKEC,21,1
N26-026-06538-SKEC,26,1
N26-046-06539-BOSE,36,1
N26-046-06539-BOSE,39,1
N26-046-06539-BOSE,46,1
N26-026-06540-FLEX,19,1
N26-026-06540-FLEX,21,1
N26-026-06540-FLEX,26,1
N26-083-06541-RAVE,77,1
N26-083-06541-RAVE,83,1
N26-058-06542-IKEA,49,1
N26-058-06542-IKEA,53,1
N26-058-06542-IKEA,58,1
N26-006-06543-BERS,1,1
N26-006-06543-BERS,2,1
N26-006-06543-BERS,6,1
N26-087-06544-PACK,84,1
N26-087-06544-PACK,85,1
N26-087-06544-PACK,87,1
N26-067-06545-NEUT,60,1
N26-067-06545-NEUT,62,1
N26-067-06545-NEUT,67,1
N26-083-06546-DEVI,77,1
N26-083-06546-DEVI,83,1
N26-044-06547-MOTO,36,1
N26-044-06547-MOTO,38,1
N26-044-06547-MOTO,44,1
N26-050-06548-PYRE,49,1
N26-050-06548-PYRE,50,1
N26-067-06549-CERA,60,1
N26-067-06549-CERA,62,1
N26-067-06549-CERA,67,1
N26-026-06550-SKEC,19,1
N26-026-06550-SKEC,21,1
N26-026-06550-SKEC,26,1
N26-010-06551-CAXX,1,1
N26-010-06551-CAXX,4,1
N26-010-06551-CAXX,10,1
N26-029-06552-KIPL,28,1
N26-029-06552-KIPL,29,1
N26-029-06552-KIPL,96,1
N26-029-06552-KIPL,97,1
N26-031-06553-CASI,28,1
N26-031-06553-CASI,31,1
N26-083-06554-HASB,77,1
N26-083-06554-HASB,83,1
N26-057-06555-GAIA,49,1
N26-057-06555-GAIA,52,1
N26-057-06555-GAIA,57,1
N26-015-06556-MASS,1,1
N26-015-06556-MASS,3,1
N26-015-06556-MASS,15,1
N26-018-06557-CHAR,1,1
N26-018-06557-CHAR,4,1
N26-018-06557-CHAR,18,1
N26-090-06558-3MXX,89,1
N26-090-06558-3MXX,90,1
N26-074-06559-BOWF,69,1
N26-074-06559-BOWF,70,1
N26-074-06559-BOWF,74,1
N26-074-06559-BOWF,96,1
N26-074-06559-BOWF,98,1
N26-009-06560-BABY,1,1
N26-009-06560-BABY,4,1
N26-009-06560-BABY,9,1
N26-081-06561-PLAY,77,1
N26-081-06561-PLAY,80,1
N26-081-06561-PLAY,81,1
N26-063-06562-GRIS,60,1
N26-063-06562-GRIS,63,1
N26-025-06563-FLEX,19,1
N26-025-06563-FLEX,21,1
N26-025-06563-FLEX,25,1
N26-079-06564-DIST,77,1
N26-079-06564-DIST,79,1
N26-018-06565-UNDE,1,1
N26-018-06565-UNDE,4,1
N26-018-06565-UNDE,18,1
N26-058-06566-TAPO,49,1
N26-058-06566-TAPO,53,1
N26-058-06566-TAPO,58,1
N26-007-06567-MASS,1,1
N26-007-06567-MASS,3,1
N26-007-06567-MASS,7,1
N26-007-06567-MASS,96,1
N26-007-06567-MASS,98,1
N26-024-06568-FLEX,19,1
N26-024-06568-FLEX,20,1
N26-024-06568-FLEX,24,1
N26-024-06568-FLEX,96,1
N26-024-06568-FLEX,100,1
N26-092-06569-GONH,89,1
N26-092-06569-GONH,92,1
N26-092-06569-GONH,96,1
N26-092-06569-GONH,98,1
N26-031-06570-CITI,28,1
N26-031-06570-CITI,31,1
N26-031-06570-CITI,96,1
N26-031-06570-CITI,98,1
N26-035-06571-PINE,28,1
N26-035-06571-PINE,35,1
N26-035-06571-PINE,96,1
N26-035-06571-PINE,99,1
N26-041-06572-LENO,36,1
N26-041-06572-LENO,37,1
N26-041-06572-LENO,41,1
N26-041-06572-LENO,96,1
N26-041-06572-LENO,97,1
N26-083-06573-ASMO,77,1
N26-083-06573-ASMO,83,1
N26-013-06574-CUID,1,1
N26-013-06574-CUID,2,1
N26-013-06574-CUID,13,1
N26-073-06575-TREK,69,1
N26-073-06575-TREK,73,1
N26-048-06576-TCLX,36,1
N26-048-06576-TCLX,40,1
N26-048-06576-TCLX,48,1
N26-048-06576-TCLX,96,1
N26-048-06576-TCLX,97,1
N26-067-06577-GRIS,60,1
N26-067-06577-GRIS,62,1
N26-067-06577-GRIS,67,1
N26-067-06577-GRIS,96,1
N26-067-06577-GRIS,100,1
N26-043-06578-VORA,36,1
N26-043-06578-VORA,37,1
N26-043-06578-VORA,43,1
N26-041-06579-ASUS,36,1
N26-041-06579-ASUS,37,1
N26-041-06579-ASUS,41,1
N26-041-06579-ASUS,96,1
N26-041-06579-ASUS,99,1
N26-048-06580-PHIL,36,1
N26-048-06580-PHIL,40,1
N26-048-06580-PHIL,48,1
N26-048-06580-PHIL,96,1
N26-048-06580-PHIL,98,1
N26-064-06581-CARO,60,1
N26-064-06581-CARO,64,1
N26-082-06582-XBOX,77,1
N26-082-06582-XBOX,80,1
N26-082-06582-XBOX,82,1
N26-035-06583-PINE,28,1
N26-035-06583-PINE,35,1
N26-035-06583-PINE,96,1
N26-035-06583-PINE,100,1
N26-026-06584-DRMA,19,1
N26-026-06584-DRMA,21,1
N26-026-06584-DRMA,26,1
N26-035-06585-SAMS,28,1
N26-035-06585-SAMS,35,1
N26-043-06586-PERF,36,1
N26-043-06586-PERF,37,1
N26-043-06586-PERF,43,1
N26-030-06587-PAND,28,1
N26-030-06587-PAND,30,1
N26-030-06587-PAND,96,1
N26-030-06587-PAND,97,1
N26-011-06588-ZARA,1,1
N26-011-06588-ZARA,4,1
N26-011-06588-ZARA,11,1
N26-032-06589-RAYB,28,1
N26-032-06589-RAYB,32,1
N26-088-06590-ZEBR,84,1
N26-088-06590-ZEBR,86,1
N26-088-06590-ZEBR,88,1
N26-031-06591-CITI,28,1
N26-031-06591-CITI,31,1
N26-025-06592-FLEX,19,1
N26-025-06592-FLEX,21,1
N26-025-06592-FLEX,25,1
N26-025-06593-FLEX,19,1
N26-025-06593-FLEX,21,1
N26-025-06593-FLEX,25,1
N26-068-06594-LARO,60,1
N26-068-06594-LARO,62,1
N26-068-06594-LARO,68,1
N26-068-06594-LARO,96,1
N26-068-06594-LARO,98,1
N26-043-06595-PERF,36,1
N26-043-06595-PERF,37,1
N26-043-06595-PERF,43,1
N26-009-06596-CAXX,1,1
N26-009-06596-CAXX,4,1
N26-009-06596-CAXX,9,1
N26-068-06597-NIVE,60,1
N26-068-06597-NIVE,62,1
N26-068-06597-NIVE,68,1
N26-027-06598-ADID,19,1
N26-027-06598-ADID,22,1
N26-027-06598-ADID,27,1
N26-007-06599-CUID,1,1
N26-007-06599-CUID,3,1
N26-007-06599-CUID,7,1
N26-025-06600-FLEX,19,1
N26-025-06600-FLEX,21,1
N26-025-06600-FLEX,25,1
N26-016-06601-MANG,1,1
N26-016-06601-MANG,3,1
N26-016-06601-MANG,16,1
N26-035-06602-TOMM,28,1
N26-035-06602-TOMM,35,1
N26-035-06602-TOMM,96,1
N26-035-06602-TOMM,100,1
N26-041-06603-LANI,36,1
N26-041-06603-LANI,37,1
N26-041-06603-LANI,41,1
N26-066-06604-MACX,60,1
N26-066-06604-MACX,61,1
N26-066-06604-MACX,66,1
N26-081-06605-PLAY,77,1
N26-081-06605-PLAY,80,1
N26-081-06605-PLAY,81,1
N26-055-06606-HAMI,49,1
N26-055-06606-HAMI,51,1
N26-055-06606-HAMI,55,1
N26-043-06607-MICR,36,1
N26-043-06607-MICR,37,1
N26-043-06607-MICR,43,1
N26-018-06608-ADID,1,1
N26-018-06608-ADID,4,1
N26-018-06608-ADID,18,1
N26-041-06609-HPXX,36,1
N26-041-06609-HPXX,37,1
N26-041-06609-HPXX,41,1
N26-091-06610-MIKE,89,1
N26-091-06610-MIKE,91,1
N26-081-06611-VALV,77,1
N26-081-06611-VALV,80,1
N26-081-06611-VALV,81,1
N26-033-06612-PUMA,28,1
N26-033-06612-PUMA,33,1
N26-048-06613-TCLX,36,1
N26-048-06613-TCLX,40,1
N26-048-06613-TCLX,48,1
N26-078-06614-CLEM,77,1
N26-078-06614-CLEM,78,1
N26-007-06615-MANG,1,1
N26-007-06615-MANG,3,1
N26-007-06615-MANG,7,1
N26-008-06616-BERS,1,1
N26-008-06616-BERS,3,1
N26-008-06616-BERS,8,1
N26-008-06616-BERS,96,1
N26-008-06616-BERS,98,1
N26-076-06617-OZAR,69,1
N26-076-06617-OZAR,76,1
N26-015-06618-MASS,1,1
N26-015-06618-MASS,3,1
N26-015-06618-MASS,15,1
N26-015-06618-MASS,96,1
N26-015-06618-MASS,100,1
N26-059-06619-LUUN,49,1
N26-059-06619-LUUN,54,1
N26-059-06619-LUUN,59,1
N26-035-06620-COAC,28,1
N26-035-06620-COAC,35,1
N26-035-06620-COAC,96,1
N26-035-06620-COAC,98,1
N26-081-06621-PLAY,77,1
N26-081-06621-PLAY,80,1
N26-081-06621-PLAY,81,1
N26-075-06622-VOIT,69,1
N26-075-06622-VOIT,70,1
N26-075-06622-VOIT,75,1
N26-059-06623-IKEA,49,1
N26-059-06623-IKEA,54,1
N26-059-06623-IKEA,59,1
N26-056-06624-DELO,49,1
N26-056-06624-DELO,51,1
N26-056-06624-DELO,56,1
N26-072-06625-CHAR,69,1
N26-072-06625-CHAR,72,1
N26-055-06626-KOBL,49,1
N26-055-06626-KOBL,51,1
N26-055-06626-KOBL,55,1
N26-081-06627-XBOX,77,1
N26-081-06627-XBOX,80,1
N26-081-06627-XBOX,81,1
N26-095-06628-ROYA,93,1
N26-095-06628-ROYA,95,1
N26-005-06629-HUGO,1,1
N26-005-06629-HUGO,2,1
N26-005-06629-HUGO,5,1
N26-024-06630-ROCK,19,1
N26-024-06630-ROCK,20,1
N26-024-06630-ROCK,24,1
N26-023-06631-PUMA,19,1
N26-023-06631-PUMA,20,1
N26-023-06631-PUMA,23,1
N26-071-06632-CHAR,69,1
N26-071-06632-CHAR,71,1
N26-006-06633-PULL,1,1
N26-006-06633-PULL,2,1
N26-006-06633-PULL,6,1
N26-050-06634-TFAL,49,1
N26-050-06634-TFAL,50,1
N26-050-06634-TFAL,96,1
N26-050-06634-TFAL,99,1
N26-078-06635-FISH,77,1
N26-078-06635-FISH,78,1
N26-015-06636-MASS,1,1
N26-015-06636-MASS,3,1
N26-015-06636-MASS,15,1
N26-015-06636-MASS,96,1
N26-015-06636-MASS,99,1
N26-009-06637-BABY,1,1
N26-009-06637-BABY,4,1
N26-009-06637-BABY,9,1
N26-090-06638-MIKE,89,1
N26-090-06638-MIKE,90,1
N26-030-06639-SWAR,28,1
N26-030-06639-SWAR,30,1
N26-045-06640-STER,36,1
N26-045-06640-STER,38,1
N26-045-06640-STER,45,1
N26-081-06641-XBOX,77,1
N26-081-06641-XBOX,80,1
N26-081-06641-XBOX,81,1
N26-081-06641-XBOX,96,1
N26-081-06641-XBOX,98,1
N26-011-06642-CAXX,1,1
N26-011-06642-CAXX,4,1
N26-011-06642-CAXX,11,1
N26-058-06643-TECN,49,1
N26-058-06643-TECN,53,1
N26-058-06643-TECN,58,1
N26-007-06644-ZARA,1,1
N26-007-06644-ZARA,3,1
N26-007-06644-ZARA,7,1
N26-008-06645-CUID,1,1
N26-008-06645-CUID,3,1
N26-008-06645-CUID,8,1
N26-008-06645-CUID,96,1
N26-008-06645-CUID,99,1
N26-012-06646-ZARA,1,1
N26-012-06646-ZARA,4,1
N26-012-06646-ZARA,12,1
N26-079-06647-FUNK,77,1
N26-079-06647-FUNK,79,1
N26-079-06647-FUNK,96,1
N26-079-06647-FUNK,99,1
N26-066-06648-REVL,60,1
N26-066-06648-REVL,61,1
N26-066-06648-REVL,66,1
N26-066-06648-REVL,96,1
N26-066-06648-REVL,99,1
N26-024-06649-HUSH,19,1
N26-024-06649-HUSH,20,1
N26-024-06649-HUSH,24,1
N26-024-06649-HUSH,96,1
N26-024-06649-HUSH,100,1
N26-016-06650-ZARA,1,1
N26-016-06650-ZARA,3,1
N26-016-06650-ZARA,16,1
N26-042-06651-GIGA,36,1
N26-042-06651-GIGA,37,1
N26-042-06651-GIGA,42,1
N26-030-06652-TOUS,28,1
N26-030-06652-TOUS,30,1
N26-005-06653-CUID,1,1
N26-005-06653-CUID,2,1
N26-005-06653-CUID,5,1
N26-023-06654-PUMA,19,1
N26-023-06654-PUMA,20,1
N26-023-06654-PUMA,23,1
N26-094-06655-NUPE,93,1
N26-094-06655-NUPE,94,1
N26-094-06655-NUPE,96,1
N26-094-06655-NUPE,100,1
N26-064-06656-PAIP,60,1
N26-064-06656-PAIP,64,1
N26-009-06657-CAXX,1,1
N26-009-06657-CAXX,4,1
N26-009-06657-CAXX,9,1
N26-009-06657-CAXX,96,1
N26-009-06657-CAXX,99,1
N26-033-06658-PUMA,28,1
N26-033-06658-PUMA,33,1
N26-082-06659-PLAY,77,1
N26-082-06659-PLAY,80,1
N26-082-06659-PLAY,82,1
N26-082-06659-PLAY,96,1
N26-082-06659-PLAY,97,1
N26-047-06660-JBLX,36,1
N26-047-06660-JBLX,39,1
N26-047-06660-JBLX,47,1
N26-065-06661-MACX,60,1
N26-065-06661-MACX,61,1
N26-065-06661-MACX,65,1
N26-065-06661-MACX,96,1
N26-065-06661-MACX,97,1
N26-092-06662-GONH,89,1
N26-092-06662-GONH,92,1
N26-088-06663-FELL,84,1
N26-088-06663-FELL,86,1
N26-088-06663-FELL,88,1
N26-072-06664-ADID,69,1
N26-072-06664-ADID,72,1
N26-006-06665-CUID,1,1
N26-006-06665-CUID,2,1
N26-006-06665-CUID,6,1
N26-065-06666-NYXX,60,1
N26-065-06666-NYXX,61,1
N26-065-06666-NYXX,65,1
N26-059-06667-SPRI,49,1
N26-059-06667-SPRI,54,1
N26-059-06667-SPRI,59,1
N26-023-06668-PIRM,19,1
N26-023-06668-PIRM,20,1
N26-023-06668-PIRM,23,1
N26-023-06669-PIRM,19,1
N26-023-06669-PIRM,20,1
N26-023-06669-PIRM,23,1
N26-055-06670-KOBL,49,1
N26-055-06670-KOBL,51,1
N26-055-06670-KOBL,55,1
N26-073-06671-GIAN,69,1
N26-073-06671-GIAN,73,1
N26-057-06672-GAIA,49,1
N26-057-06672-GAIA,52,1
N26-057-06672-GAIA,57,1
N26-076-06673-QUEC,69,1
N26-076-06673-QUEC,76,1
N26-095-06674-PURI,93,1
N26-095-06674-PURI,95,1
N26-065-06675-NYXX,60,1
N26-065-06675-NYXX,61,1
N26-065-06675-NYXX,65,1
N26-010-06676-CHAR,1,1
N26-010-06676-CHAR,4,1
N26-010-06676-CHAR,10,1
N26-010-06677-CHAR,1,1
N26-010-06677-CHAR,4,1
N26-010-06677-CHAR,10,1
N26-014-06678-CUID,1,1
N26-014-06678-CUID,2,1
N26-014-06678-CUID,14,1
N26-068-06679-EUCE,60,1
N26-068-06679-EUCE,62,1
N26-068-06679-EUCE,68,1
N26-007-06680-CUID,1,1
N26-007-06680-CUID,3,1
N26-007-06680-CUID,7,1
N26-082-06681-STER,77,1
N26-082-06681-STER,80,1
N26-082-06681-STER,82,1
N26-055-06682-NINJ,49,1
N26-055-06682-NINJ,51,1
N26-055-06682-NINJ,55,1
N26-016-06683-CAXX,1,1
N26-016-06683-CAXX,3,1
N26-016-06683-CAXX,16,1
N26-016-06683-CAXX,96,1
N26-016-06683-CAXX,100,1
N26-032-06684-OAKL,28,1
N26-032-06684-OAKL,32,1
N26-071-06685-ADID,69,1
N26-071-06685-ADID,71,1
N26-095-06686-WHIS,93,1
N26-095-06686-WHIS,95,1
N26-015-06687-CAXX,1,1
N26-015-06687-CAXX,3,1
N26-015-06687-CAXX,15,1
N26-017-06688-CUID,1,1
N26-017-06688-CUID,4,1
N26-017-06688-CUID,17,1
N26-017-06688-CUID,96,1
N26-017-06688-CUID,99,1
N26-023-06689-PUMA,19,1
N26-023-06689-PUMA,20,1
N26-023-06689-PUMA,23,1
N26-023-06690-CHAR,19,1
N26-023-06690-CHAR,20,1
N26-023-06690-CHAR,23,1
N26-023-06690-CHAR,96,1
N26-023-06690-CHAR,100,1
N26-064-06691-PAIP,60,1
N26-064-06691-PAIP,64,1
N26-023-06692-NIKE,19,1
N26-023-06692-NIKE,20,1
N26-023-06692-NIKE,23,1
N26-032-06693-OAKL,28,1
N26-032-06693-OAKL,32,1
N26-032-06693-OAKL,96,1
N26-032-06693-OAKL,97,1
N26-013-06694-HMXX,1,1
N26-013-06694-HMXX,2,1
N26-013-06694-HMXX,13,1
N26-072-06695-NEWB,69,1
N26-072-06695-NEWB,72,1
N26-079-06696-DIST,77,1
N26-079-06696-DIST,79,1
N26-075-06697-GAIA,69,1
N26-075-06697-GAIA,70,1
N26-075-06697-GAIA,75,1
N26-068-06698-NIVE,60,1
N26-068-06698-NIVE,62,1
N26-068-06698-NIVE,68,1
N26-029-06699-KIPL,28,1
N26-029-06699-KIPL,29,1
N26-029-06699-KIPL,96,1
N26-029-06699-KIPL,97,1
N26-014-06700-DOCK,1,1
N26-014-06700-DOCK,2,1
N26-014-06700-DOCK,14,1
N26-064-06701-CARO,60,1
N26-064-06701-CARO,64,1
N26-015-06702-ZARA,1,1
N26-015-06702-ZARA,3,1
N26-015-06702-ZARA,15,1
N26-013-06703-CUID,1,1
N26-013-06703-CUID,2,1
N26-013-06703-CUID,13,1
N26-013-06703-CUID,96,1
N26-013-06703-CUID,97,1
N26-073-06704-SPEC,69,1
N26-073-06704-SPEC,73,1
N26-043-06705-LOGI,36,1
N26-043-06705-LOGI,37,1
N26-043-06705-LOGI,43,1
N26-068-06706-GRIS,60,1
N26-068-06706-GRIS,62,1
N26-068-06706-GRIS,68,1
N26-027-06707-CROC,19,1
N26-027-06707-CROC,22,1
N26-027-06707-CROC,27,1
N26-083-06708-HASB,77,1
N26-083-06708-HASB,83,1
N26-074-06709-EVER,69,1
N26-074-06709-EVER,70,1
N26-074-06709-EVER,74,1
N26-017-06710-CUID,1,1
N26-017-06710-CUID,4,1
N26-017-06710-CUID,17,1
N26-017-06710-CUID,96,1
N26-017-06710-CUID,98,1
N26-034-06711-DOCK,28,1
N26-034-06711-DOCK,34,1
N26-034-06711-DOCK,96,1
N26-034-06711-DOCK,97,1
N26-094-06712-NUPE,93,1
N26-094-06712-NUPE,94,1
N26-067-06713-GRIS,60,1
N26-067-06713-GRIS,62,1
N26-067-06713-GRIS,67,1
N26-091-06714-TURT,89,1
N26-091-06714-TURT,91,1
N26-016-06715-MANG,1,1
N26-016-06715-MANG,3,1
N26-016-06715-MANG,16,1
N26-034-06716-DOCK,28,1
N26-034-06716-DOCK,34,1
N26-034-06716-DOCK,96,1
N26-034-06716-DOCK,98,1
N26-079-06717-FUNK,77,1
N26-079-06717-FUNK,79,1
N26-091-06718-MIKE,89,1
N26-091-06718-MIKE,91,1
N26-091-06718-MIKE,96,1
N26-091-06718-MIKE,98,1
N26-015-06719-HMXX,1,1
N26-015-06719-HMXX,3,1
N26-015-06719-HMXX,15,1
N26-043-06720-STER,36,1
N26-043-06720-STER,37,1
N26-043-06720-STER,43,1
N26-074-06721-DECA,69,1
N26-074-06721-DECA,70,1
N26-074-06721-DECA,74,1
N26-056-06722-HAMI,49,1
N26-056-06722-HAMI,51,1
N26-056-06722-HAMI,56,1
N26-068-06723-NIVE,60,1
N26-068-06723-NIVE,62,1
N26-068-06723-NIVE,68,1
N26-068-06723-NIVE,96,1
N26-068-06723-NIVE,99,1
N26-042-06724-VORA,36,1
N26-042-06724-VORA,37,1
N26-042-06724-VORA,42,1
N26-015-06725-MANG,1,1
N26-015-06725-MANG,3,1
N26-015-06725-MANG,15,1
N26-017-06726-CUID,1,1
N26-017-06726-CUID,4,1
N26-017-06726-CUID,17,1
N26-017-06726-CUID,96,1
N26-017-06726-CUID,98,1
N26-094-06727-GANA,93,1
N26-094-06727-GANA,94,1
N26-046-06728-STER,36,1
N26-046-06728-STER,39,1
N26-046-06728-STER,46,1
N26-058-06729-PHIL,49,1
N26-058-06729-PHIL,53,1
N26-058-06729-PHIL,58,1
N26-030-06730-TOUS,28,1
N26-030-06730-TOUS,30,1
N26-041-06731-LANI,36,1
N26-041-06731-LANI,37,1
N26-041-06731-LANI,41,1
N26-026-06732-FLEX,19,1
N26-026-06732-FLEX,21,1
N26-026-06732-FLEX,26,1
N26-026-06732-FLEX,96,1
N26-026-06732-FLEX,97,1
N26-012-06733-CUID,1,1
N26-012-06733-CUID,4,1
N26-012-06733-CUID,12,1
N26-042-06734-VORA,36,1
N26-042-06734-VORA,37,1
N26-042-06734-VORA,42,1
N26-042-06734-VORA,96,1
N26-042-06734-VORA,98,1
N26-016-06735-CAXX,1,1
N26-016-06735-CAXX,3,1
N26-016-06735-CAXX,16,1
N26-011-06736-CAXX,1,1
N26-011-06736-CAXX,4,1
N26-011-06736-CAXX,11,1
N26-011-06736-CAXX,96,1
N26-011-06736-CAXX,100,1
N26-013-06737-NIKE,1,1
N26-013-06737-NIKE,2,1
N26-013-06737-NIKE,13,1
N26-006-06738-CUID,1,1
N26-006-06738-CUID,2,1
N26-006-06738-CUID,6,1
N26-006-06738-CUID,96,1
N26-006-06738-CUID,99,1
N26-079-06739-LEGO,77,1
N26-079-06739-LEGO,79,1
N26-079-06739-LEGO,96,1
N26-079-06739-LEGO,97,1
N26-046-06740-STER,36,1
N26-046-06740-STER,39,1
N26-046-06740-STER,46,1
N26-043-06741-LOGI,36,1
N26-043-06741-LOGI,37,1
N26-043-06741-LOGI,43,1
N26-076-06742-COLE,69,1
N26-076-06742-COLE,76,1
N26-043-06743-STER,36,1
N26-043-06743-STER,37,1
N26-043-06743-STER,43,1
N26-092-06744-NGKX,89,1
N26-092-06744-NGKX,92,1
N26-091-06745-3MXX,89,1
N26-091-06745-3MXX,91,1
N26-048-06746-SONY,36,1
N26-048-06746-SONY,40,1
N26-048-06746-SONY,48,1
N26-048-06746-SONY,96,1
N26-048-06746-SONY,98,1
N26-072-06747-CHAR,69,1
N26-072-06747-CHAR,72,1
N26-042-06748-ASUS,36,1
N26-042-06748-ASUS,37,1
N26-042-06748-ASUS,42,1
N26-075-06749-VOIT,69,1
N26-075-06749-VOIT,70,1
N26-075-06749-VOIT,75,1
N26-075-06749-VOIT,96,1
N26-075-06749-VOIT,97,1
N26-066-06750-BISS,60,1
N26-066-06750-BISS,61,1
N26-066-06750-BISS,66,1
N26-015-06751-MANG,1,1
N26-015-06751-MANG,3,1
N26-015-06751-MANG,15,1
N26-017-06752-PUMA,1,1
N26-017-06752-PUMA,4,1
N26-017-06752-PUMA,17,1
N26-034-06753-TOMM,28,1
N26-034-06753-TOMM,34,1
N26-067-06754-GRIS,60,1
N26-067-06754-GRIS,62,1
N26-067-06754-GRIS,67,1
N26-067-06754-GRIS,96,1
N26-067-06754-GRIS,97,1
N26-007-06755-CUID,1,1
N26-007-06755-CUID,3,1
N26-007-06755-CUID,7,1
N26-010-06756-CART,1,1
N26-010-06756-CART,4,1
N26-010-06756-CART,10,1
N26-058-06757-STER,49,1
N26-058-06757-STER,53,1
N26-058-06757-STER,58,1
N26-087-06758-PACK,84,1
N26-087-06758-PACK,85,1
N26-087-06758-PACK,87,1
N26-010-06759-CAXX,1,1
N26-010-06759-CAXX,4,1
N26-010-06759-CAXX,10,1
N26-067-06760-GRIS,60,1
N26-067-06760-GRIS,62,1
N26-067-06760-GRIS,67,1
N26-045-06761-STER,36,1
N26-045-06761-STER,38,1
N26-045-06761-STER,45,1
N26-032-06762-OAKL,28,1
N26-032-06762-OAKL,32,1
N26-058-06763-STER,49,1
N26-058-06763-STER,53,1
N26-058-06763-STER,58,1
N26-068-06764-LARO,60,1
N26-068-06764-LARO,62,1
N26-068-06764-LARO,68,1
N26-074-06765-EVER,69,1
N26-074-06765-EVER,70,1
N26-074-06765-EVER,74,1
N26-014-06766-CUID,1,1
N26-014-06766-CUID,2,1
N26-014-06766-CUID,14,1
N26-013-06767-ADID,1,1
N26-013-06767-ADID,2,1
N26-013-06767-ADID,13,1
N26-058-06768-IKEA,49,1
N26-058-06768-IKEA,53,1
N26-058-06768-IKEA,58,1
N26-066-06769-BISS,60,1
N26-066-06769-BISS,61,1
N26-066-06769-BISS,66,1
N26-075-06770-GAIA,69,1
N26-075-06770-GAIA,70,1
N26-075-06770-GAIA,75,1
N26-075-06770-GAIA,96,1
N26-075-06770-GAIA,98,1
N26-050-06771-KITC,49,1
N26-050-06771-KITC,50,1
N26-059-06772-IKEA,49,1
N26-059-06772-IKEA,54,1
N26-059-06772-IKEA,59,1
N26-045-06773-ESRX,36,1
N26-045-06773-ESRX,38,1
N26-045-06773-ESRX,45,1
N26-078-06774-FISH,77,1
N26-078-06774-FISH,78,1
N26-048-06775-SAMS,36,1
N26-048-06775-SAMS,40,1
N26-048-06775-SAMS,48,1
N26-030-06776-PAND,28,1
N26-030-06776-PAND,30,1
N26-030-06776-PAND,96,1
N26-030-06776-PAND,98,1
N26-067-06777-NIVE,60,1
N26-067-06777-NIVE,62,1
N26-067-06777-NIVE,67,1
N26-027-06778-CROC,19,1
N26-027-06778-CROC,22,1
N26-027-06778-CROC,27,1
N26-023-06779-ADID,19,1
N26-023-06779-ADID,20,1
N26-023-06779-ADID,23,1
N26-068-06780-LARO,60,1
N26-068-06780-LARO,62,1
N26-068-06780-LARO,68,1
N26-050-06781-VASC,49,1
N26-050-06781-VASC,50,1
N26-067-06782-GRIS,60,1
N26-067-06782-GRIS,62,1
N26-067-06782-GRIS,67,1
N26-067-06782-GRIS,96,1
N26-067-06782-GRIS,97,1
N26-079-06783-MATT,77,1
N26-079-06783-MATT,79,1
N26-032-06784-RAYB,28,1
N26-032-06784-RAYB,32,1
N26-074-06785-EVER,69,1
N26-074-06785-EVER,70,1
N26-074-06785-EVER,74,1
N26-072-06786-CHAR,69,1
N26-072-06786-CHAR,72,1
N26-048-06787-SAMS,36,1
N26-048-06787-SAMS,40,1
N26-048-06787-SAMS,48,1
N26-081-06788-PLAY,77,1
N26-081-06788-PLAY,80,1
N26-081-06788-PLAY,81,1
N26-055-06789-KOBL,49,1
N26-055-06789-KOBL,51,1
N26-055-06789-KOBL,55,1
N26-055-06789-KOBL,96,1
N26-055-06789-KOBL,97,1
N26-024-06790-FLEX,19,1
N26-024-06790-FLEX,20,1
N26-024-06790-FLEX,24,1
N26-024-06790-FLEX,96,1
N26-024-06790-FLEX,99,1
N26-067-06791-CERA,60,1
N26-067-06791-CERA,62,1
N26-067-06791-CERA,67,1
N26-009-06792-BABY,1,1
N26-009-06792-BABY,4,1
N26-009-06792-BABY,9,1
N26-009-06792-BABY,96,1
N26-009-06792-BABY,100,1
N26-015-06793-HMXX,1,1
N26-015-06793-HMXX,3,1
N26-015-06793-HMXX,15,1
N26-007-06794-MANG,1,1
N26-007-06794-MANG,3,1
N26-007-06794-MANG,7,1
N26-034-06795-HUGO,28,1
N26-034-06795-HUGO,34,1
N26-006-06796-CUID,1,1
N26-006-06796-CUID,2,1
N26-006-06796-CUID,6,1
N26-042-06797-KING,36,1
N26-042-06797-KING,37,1
N26-042-06797-KING,42,1
N26-010-06798-CART,1,1
N26-010-06798-CART,4,1
N26-010-06798-CART,10,1
N26-010-06798-CART,96,1
N26-010-06798-CART,100,1
N26-023-06799-NIKE,19,1
N26-023-06799-NIKE,20,1
N26-023-06799-NIKE,23,1
N26-067-06800-CERA,60,1
N26-067-06800-CERA,62,1
N26-067-06800-CERA,67,1
N26-068-06801-LARO,60,1
N26-068-06801-LARO,62,1
N26-068-06801-LARO,68,1
N26-081-06802-VALV,77,1
N26-081-06802-VALV,80,1
N26-081-06802-VALV,81,1
N26-015-06803-MANG,1,1
N26-015-06803-MANG,3,1
N26-015-06803-MANG,15,1
N26-015-06803-MANG,96,1
N26-015-06803-MANG,100,1
N26-031-06804-SEIK,28,1
N26-031-06804-SEIK,31,1
N26-044-06805-GOOG,36,1
N26-044-06805-GOOG,38,1
N26-044-06805-GOOG,44,1
N26-042-06806-VORA,36,1
N26-042-06806-VORA,37,1
N26-042-06806-VORA,42,1
N26-042-06806-VORA,96,1
N26-042-06806-VORA,99,1
N26-016-06807-HMXX,1,1
N26-016-06807-HMXX,3,1
N26-016-06807-HMXX,16,1
N26-043-06808-LOGI,36,1
N26-043-06808-LOGI,37,1
N26-043-06808-LOGI,43,1
N26-043-06808-LOGI,96,1
N26-043-06808-LOGI,98,1
N26-027-06809-CART,19,1
N26-027-06809-CART,22,1
N26-027-06809-CART,27,1
N26-073-06810-SPEC,69,1
N26-073-06810-SPEC,73,1
N26-090-06811-MIKE,89,1
N26-090-06811-MIKE,90,1
N26-041-06812-LANI,36,1
N26-041-06812-LANI,37,1
N26-041-06812-LANI,41,1
N26-072-06813-CHAR,69,1
N26-072-06813-CHAR,72,1
N26-064-06814-PAIP,60,1
N26-064-06814-PAIP,64,1
N26-046-06815-BOSE,36,1
N26-046-06815-BOSE,39,1
N26-046-06815-BOSE,46,1
N26-057-06816-GAIA,49,1
N26-057-06816-GAIA,52,1
N26-057-06816-GAIA,57,1
N26-058-06817-IKEA,49,1
N26-058-06817-IKEA,53,1
N26-058-06817-IKEA,58,1
N26-092-06818-GONH,89,1
N26-092-06818-GONH,92,1
N26-083-06819-DEVI,77,1
N26-083-06819-DEVI,83,1
N26-083-06819-DEVI,96,1
N26-083-06819-DEVI,99,1
N26-091-06820-MIKE,89,1
N26-091-06820-MIKE,91,1
N26-006-06821-PULL,1,1
N26-006-06821-PULL,2,1
N26-006-06821-PULL,6,1
N26-095-06822-PURI,93,1
N26-095-06822-PURI,95,1
N26-050-06823-PYRE,49,1
N26-050-06823-PYRE,50,1
N26-057-06824-GAIA,49,1
N26-057-06824-GAIA,52,1
N26-057-06824-GAIA,57,1
N26-047-06825-STER,36,1
N26-047-06825-STER,39,1
N26-047-06825-STER,47,1
N26-047-06825-STER,96,1
N26-047-06825-STER,100,1
N26-087-06826-PEAR,84,1
N26-087-06826-PEAR,85,1
N26-087-06826-PEAR,87,1
N26-030-06827-THOM,28,1
N26-030-06827-THOM,30,1
N26-032-06828-OAKL,28,1
N26-032-06828-OAKL,32,1
N26-032-06828-OAKL,96,1
N26-032-06828-OAKL,100,1
N26-081-06829-PLAY,77,1
N26-081-06829-PLAY,80,1
N26-081-06829-PLAY,81,1
N26-081-06830-XBOX,77,1
N26-081-06830-XBOX,80,1
N26-081-06830-XBOX,81,1
N26-050-06831-TFAL,49,1
N26-050-06831-TFAL,50,1
N26-067-06832-GRIS,60,1
N26-067-06832-GRIS,62,1
N26-067-06832-GRIS,67,1
N26-067-06832-GRIS,96,1
N26-067-06832-GRIS,99,1
N26-009-06833-HMXX,1,1
N26-009-06833-HMXX,4,1
N26-009-06833-HMXX,9,1
N26-009-06833-HMXX,96,1
N26-009-06833-HMXX,100,1
N26-057-06834-GAIA,49,1
N26-057-06834-GAIA,52,1
N26-057-06834-GAIA,57,1
N26-063-06835-HEAD,60,1
N26-063-06835-HEAD,63,1
N26-065-06836-MACX,60,1
N26-065-06836-MACX,61,1
N26-065-06836-MACX,65,1
N26-044-06837-LANI,36,1
N26-044-06837-LANI,38,1
N26-044-06837-LANI,44,1
N26-016-06838-HMXX,1,1
N26-016-06838-HMXX,3,1
N26-016-06838-HMXX,16,1
N26-009-06839-GERB,1,1
N26-009-06839-GERB,4,1
N26-009-06839-GERB,9,1
N26-072-06840-CHAR,69,1
N26-072-06840-CHAR,72,1
N26-073-06841-BENO,69,1
N26-073-06841-BENO,73,1
N26-035-06842-TOMM,28,1
N26-035-06842-TOMM,35,1
N26-042-06843-VORA,36,1
N26-042-06843-VORA,37,1
N26-042-06843-VORA,42,1
N26-010-06844-PIRM,1,1
N26-010-06844-PIRM,4,1
N26-010-06844-PIRM,10,1
N26-014-06845-LEVI,1,1
N26-014-06845-LEVI,2,1
N26-014-06845-LEVI,14,1
N26-014-06845-LEVI,96,1
N26-014-06845-LEVI,97,1
N26-031-06846-HUAW,28,1
N26-031-06846-HUAW,31,1
N26-088-06847-FELL,84,1
N26-088-06847-FELL,86,1
N26-088-06847-FELL,88,1
N26-078-06848-LEGO,77,1
N26-078-06848-LEGO,78,1
N26-076-06849-OZAR,69,1
N26-076-06849-OZAR,76,1
N26-090-06850-MIKE,89,1
N26-090-06850-MIKE,90,1
N26-090-06850-MIKE,96,1
N26-090-06850-MIKE,98,1
N26-048-06851-LGXX,36,1
N26-048-06851-LGXX,40,1
N26-048-06851-LGXX,48,1
N26-091-06852-MIKE,89,1
N26-091-06852-MIKE,91,1
N26-088-06853-SCRI,84,1
N26-088-06853-SCRI,86,1
N26-088-06853-SCRI,88,1
N26-088-06853-SCRI,96,1
N26-088-06853-SCRI,99,1
N26-076-06854-OZAR,69,1
N26-076-06854-OZAR,76,1
N26-081-06855-VALV,77,1
N26-081-06855-VALV,80,1
N26-081-06855-VALV,81,1
N26-082-06856-XBOX,77,1
N26-082-06856-XBOX,80,1
N26-082-06856-XBOX,82,1
N26-044-06857-LANI,36,1
N26-044-06857-LANI,38,1
N26-044-06857-LANI,44,1
N26-063-06858-HEAD,60,1
N26-063-06858-HEAD,63,1
N26-067-06859-GRIS,60,1
N26-067-06859-GRIS,62,1
N26-067-06859-GRIS,67,1
N26-031-06860-SEIK,28,1
N26-031-06860-SEIK,31,1
N26-015-06861-HMXX,1,1
N26-015-06861-HMXX,3,1
N26-015-06861-HMXX,15,1
N26-015-06861-HMXX,96,1
N26-015-06861-HMXX,100,1
N26-013-06862-NIKE,1,1
N26-013-06862-NIKE,2,1
N26-013-06862-NIKE,13,1
N26-073-06863-BENO,69,1
N26-073-06863-BENO,73,1
N26-023-06864-SKEC,19,1
N26-023-06864-SKEC,20,1
N26-023-06864-SKEC,23,1
N26-023-06864-SKEC,96,1
N26-023-06864-SKEC,99,1
N26-016-06865-CAXX,1,1
N26-016-06865-CAXX,3,1
N26-016-06865-CAXX,16,1
N26-092-06866-DENS,89,1
N26-092-06866-DENS,92,1
N26-092-06866-DENS,96,1
N26-092-06866-DENS,98,1
N26-063-06867-PANT,60,1
N26-063-06867-PANT,63,1
N26-091-06868-MIKE,89,1
N26-091-06868-MIKE,91,1
N26-091-06868-MIKE,96,1
N26-091-06868-MIKE,99,1
N26-026-06869-FLEX,19,1
N26-026-06869-FLEX,21,1
N26-026-06869-FLEX,26,1
N26-046-06870-APPL,36,1
N26-046-06870-APPL,39,1
N26-046-06870-APPL,46,1
N26-046-06870-APPL,96,1
N26-046-06870-APPL,100,1
N26-068-06871-LARO,60,1
N26-068-06871-LARO,62,1
N26-068-06871-LARO,68,1
N26-078-06872-NATI,77,1
N26-078-06872-NATI,78,1
N26-005-06873-CUID,1,1
N26-005-06873-CUID,2,1
N26-005-06873-CUID,5,1
N26-064-06874-PAIP,60,1
N26-064-06874-PAIP,64,1
N26-064-06874-PAIP,96,1
N26-064-06874-PAIP,98,1
N26-023-06875-SKEC,19,1
N26-023-06875-SKEC,20,1
N26-023-06875-SKEC,23,1
N26-023-06875-SKEC,96,1
N26-023-06875-SKEC,97,1
N26-076-06876-THEN,69,1
N26-076-06876-THEN,76,1
N26-034-06877-HUGO,28,1
N26-034-06877-HUGO,34,1
N26-010-06878-PIRM,1,1
N26-010-06878-PIRM,4,1
N26-010-06878-PIRM,10,1
N26-010-06878-PIRM,96,1
N26-010-06878-PIRM,98,1
N26-074-06879-CAPB,69,1
N26-074-06879-CAPB,70,1
N26-074-06879-CAPB,74,1
N26-047-06880-BOSE,36,1
N26-047-06880-BOSE,39,1
N26-047-06880-BOSE,47,1
N26-047-06880-BOSE,96,1
N26-047-06880-BOSE,99,1
N26-091-06881-MIKE,89,1
N26-091-06881-MIKE,91,1
N26-009-06882-CART,1,1
N26-009-06882-CART,4,1
N26-009-06882-CART,9,1
N26-090-06883-MIKE,89,1
N26-090-06883-MIKE,90,1
N26-090-06883-MIKE,96,1
N26-090-06883-MIKE,99,1
N26-044-06884-LANI,36,1
N26-044-06884-LANI,38,1
N26-044-06884-LANI,44,1
N26-044-06884-LANI,96,1
N26-044-06884-LANI,99,1
N26-047-06885-STER,36,1
N26-047-06885-STER,39,1
N26-047-06885-STER,47,1
N26-047-06885-STER,96,1
N26-047-06885-STER,100,1
N26-057-06886-ASHL,49,1
N26-057-06886-ASHL,52,1
N26-057-06886-ASHL,57,1
N26-007-06887-CUID,1,1
N26-007-06887-CUID,3,1
N26-007-06887-CUID,7,1
N26-071-06888-PIRM,69,1
N26-071-06888-PIRM,71,1
N26-058-06889-TECN,49,1
N26-058-06889-TECN,53,1
N26-058-06889-TECN,58,1
N26-058-06889-TECN,96,1
N26-058-06889-TECN,100,1
N26-008-06890-BERS,1,1
N26-008-06890-BERS,3,1
N26-008-06890-BERS,8,1
N26-015-06891-CAXX,1,1
N26-015-06891-CAXX,3,1
N26-015-06891-CAXX,15,1
N26-047-06892-BOSE,36,1
N26-047-06892-BOSE,39,1
N26-047-06892-BOSE,47,1
N26-044-06893-XIAO,36,1
N26-044-06893-XIAO,38,1
N26-044-06893-XIAO,44,1
N26-044-06893-XIAO,96,1
N26-044-06893-XIAO,99,1
N26-063-06894-GRIS,60,1
N26-063-06894-GRIS,63,1
N26-059-06895-LUUN,49,1
N26-059-06895-LUUN,54,1
N26-059-06895-LUUN,59,1
N26-064-06896-CALV,60,1
N26-064-06896-CALV,64,1
N26-064-06896-CALV,96,1
N26-064-06896-CALV,99,1
N26-012-06897-CUID,1,1
N26-012-06897-CUID,4,1
N26-012-06897-CUID,12,1
N26-012-06897-CUID,96,1
N26-012-06897-CUID,98,1
N26-063-06898-GRIS,60,1
N26-063-06898-GRIS,63,1
N26-075-06899-MAND,69,1
N26-075-06899-MAND,70,1
N26-075-06899-MAND,75,1
N26-075-06899-MAND,96,1
N26-075-06899-MAND,100,1
N26-027-06900-HAVA,19,1
N26-027-06900-HAVA,22,1
N26-027-06900-HAVA,27,1
N26-048-06901-LGXX,36,1
N26-048-06901-LGXX,40,1
N26-048-06901-LGXX,48,1
N26-043-06902-VORA,36,1
N26-043-06902-VORA,37,1
N26-043-06902-VORA,43,1
N26-078-06903-FISH,77,1
N26-078-06903-FISH,78,1
N26-006-06904-ZARA,1,1
N26-006-06904-ZARA,2,1
N26-006-06904-ZARA,6,1
N26-082-06905-STER,77,1
N26-082-06905-STER,80,1
N26-082-06905-STER,82,1
N26-094-06906-ROYA,93,1
N26-094-06906-ROYA,94,1
N26-026-06907-CATE,19,1
N26-026-06907-CATE,21,1
N26-026-06907-CATE,26,1
N26-068-06908-EUCE,60,1
N26-068-06908-EUCE,62,1
N26-068-06908-EUCE,68,1
N26-068-06908-EUCE,96,1
N26-068-06908-EUCE,97,1
N26-044-06909-HONO,36,1
N26-044-06909-HONO,38,1
N26-044-06909-HONO,44,1
N26-044-06909-HONO,96,1
N26-044-06909-HONO,97,1
N26-043-06910-LOGI,36,1
N26-043-06910-LOGI,37,1
N26-043-06910-LOGI,43,1
N26-063-06911-GRIS,60,1
N26-063-06911-GRIS,63,1
N26-027-06912-NIKE,19,1
N26-027-06912-NIKE,22,1
N26-027-06912-NIKE,27,1
N26-046-06913-STER,36,1
N26-046-06913-STER,39,1
N26-046-06913-STER,46,1
N26-031-06914-FOSS,28,1
N26-031-06914-FOSS,31,1
N26-031-06914-FOSS,96,1
N26-031-06914-FOSS,99,1
N26-005-06915-HUGO,1,1
N26-005-06915-HUGO,2,1
N26-005-06915-HUGO,5,1
N26-047-06916-STER,36,1
N26-047-06916-STER,39,1
N26-047-06916-STER,47,1
N26-065-06917-MAYB,60,1
N26-065-06917-MAYB,61,1
N26-065-06917-MAYB,65,1
N26-065-06917-MAYB,96,1
N26-065-06917-MAYB,98,1
N26-018-06918-NIKE,1,1
N26-018-06918-NIKE,4,1
N26-018-06918-NIKE,18,1
N26-046-06919-SONY,36,1
N26-046-06919-SONY,39,1
N26-046-06919-SONY,46,1
N26-046-06920-APPL,36,1
N26-046-06920-APPL,39,1
N26-046-06920-APPL,46,1
N26-032-06921-RAYB,28,1
N26-032-06921-RAYB,32,1
N26-015-06922-CAXX,1,1
N26-015-06922-CAXX,3,1
N26-015-06922-CAXX,15,1
N26-015-06922-CAXX,96,1
N26-015-06922-CAXX,98,1
N26-079-06923-LEGO,77,1
N26-079-06923-LEGO,79,1
N26-012-06924-BERS,1,1
N26-012-06924-BERS,4,1
N26-012-06924-BERS,12,1
N26-012-06924-BERS,96,1
N26-012-06924-BERS,97,1
N26-024-06925-FLEX,19,1
N26-024-06925-FLEX,20,1
N26-024-06925-FLEX,24,1
N26-024-06925-FLEX,96,1
N26-024-06925-FLEX,100,1
N26-087-06926-PACK,84,1
N26-087-06926-PACK,85,1
N26-087-06926-PACK,87,1
N26-087-06926-PACK,96,1
N26-087-06926-PACK,99,1
N26-026-06927-SKEC,19,1
N26-026-06927-SKEC,21,1
N26-026-06927-SKEC,26,1
N26-092-06928-GONH,89,1
N26-092-06928-GONH,92,1
N26-092-06928-GONH,96,1
N26-092-06928-GONH,98,1
N26-043-06929-PERF,36,1
N26-043-06929-PERF,37,1
N26-043-06929-PERF,43,1
N26-057-06930-GAIA,49,1
N26-057-06930-GAIA,52,1
N26-057-06930-GAIA,57,1
N26-058-06931-STER,49,1
N26-058-06931-STER,53,1
N26-058-06931-STER,58,1
N26-042-06932-VORA,36,1
N26-042-06932-VORA,37,1
N26-042-06932-VORA,42,1
N26-042-06932-VORA,96,1
N26-042-06932-VORA,99,1
N26-064-06933-CALV,60,1
N26-064-06933-CALV,64,1
N26-076-06934-OZAR,69,1
N26-076-06934-OZAR,76,1
N26-058-06935-PHIL,49,1
N26-058-06935-PHIL,53,1
N26-058-06935-PHIL,58,1
N26-045-06936-BELK,36,1
N26-045-06936-BELK,38,1
N26-045-06936-BELK,45,1
N26-024-06937-ROCK,19,1
N26-024-06937-ROCK,20,1
N26-024-06937-ROCK,24,1
N26-033-06938-PUMA,28,1
N26-033-06938-PUMA,33,1
N26-033-06938-PUMA,96,1
N26-033-06938-PUMA,100,1
N26-025-06939-ALDO,19,1
N26-025-06939-ALDO,21,1
N26-025-06939-ALDO,25,1
N26-042-06940-KING,36,1
N26-042-06940-KING,37,1
N26-042-06940-KING,42,1
N26-042-06940-KING,96,1
N26-042-06940-KING,98,1
N26-055-06941-NINJ,49,1
N26-055-06941-NINJ,51,1
N26-055-06941-NINJ,55,1
N26-095-06942-NUPE,93,1
N26-095-06942-NUPE,95,1
N26-059-06943-IKEA,49,1
N26-059-06943-IKEA,54,1
N26-059-06943-IKEA,59,1
N26-059-06943-IKEA,96,1
N26-059-06943-IKEA,100,1
N26-063-06944-PANT,60,1
N26-063-06944-PANT,63,1
N26-078-06945-LEGO,77,1
N26-078-06945-LEGO,78,1
N26-079-06946-FUNK,77,1
N26-079-06946-FUNK,79,1
N26-078-06947-LEGO,77,1
N26-078-06947-LEGO,78,1
N26-029-06948-SAMS,28,1
N26-029-06948-SAMS,29,1
N26-081-06949-XBOX,77,1
N26-081-06949-XBOX,80,1
N26-081-06949-XBOX,81,1
N26-005-06950-CUID,1,1
N26-005-06950-CUID,2,1
N26-005-06950-CUID,5,1
N26-044-06951-APPL,36,1
N26-044-06951-APPL,38,1
N26-044-06951-APPL,44,1
N26-031-06952-HUAW,28,1
N26-031-06952-HUAW,31,1
N26-031-06952-HUAW,96,1
N26-031-06952-HUAW,97,1
N26-094-06953-NUPE,93,1
N26-094-06953-NUPE,94,1
N26-091-06954-3MXX,89,1
N26-091-06954-3MXX,91,1
N26-033-06955-NEWE,28,1
N26-033-06955-NEWE,33,1
N26-033-06955-NEWE,96,1
N26-033-06955-NEWE,98,1
N26-007-06956-HMXX,1,1
N26-007-06956-HMXX,3,1
N26-007-06956-HMXX,7,1
N26-024-06957-FLEX,19,1
N26-024-06957-FLEX,20,1
N26-024-06957-FLEX,24,1
N26-045-06958-STER,36,1
N26-045-06958-STER,38,1
N26-045-06958-STER,45,1
N26-045-06958-STER,96,1
N26-045-06958-STER,99,1
N26-027-06959-CROC,19,1
N26-027-06959-CROC,22,1
N26-027-06959-CROC,27,1
N26-047-06960-BOSE,36,1
N26-047-06960-BOSE,39,1
N26-047-06960-BOSE,47,1
N26-010-06961-CHAR,1,1
N26-010-06961-CHAR,4,1
N26-010-06961-CHAR,10,1
N26-043-06962-VORA,36,1
N26-043-06962-VORA,37,1
N26-043-06962-VORA,43,1
N26-043-06962-VORA,96,1
N26-043-06962-VORA,100,1
N26-063-06963-GRIS,60,1
N26-063-06963-GRIS,63,1
N26-090-06964-MIKE,89,1
N26-090-06964-MIKE,90,1
N26-090-06964-MIKE,96,1
N26-090-06964-MIKE,97,1
N26-018-06965-UNDE,1,1
N26-018-06965-UNDE,4,1
N26-018-06965-UNDE,18,1
N26-026-06966-FLEX,19,1
N26-026-06966-FLEX,21,1
N26-026-06966-FLEX,26,1
N26-026-06966-FLEX,96,1
N26-026-06966-FLEX,100,1
N26-079-06967-DIST,77,1
N26-079-06967-DIST,79,1
N26-027-06968-CART,19,1
N26-027-06968-CART,22,1
N26-027-06968-CART,27,1
N26-027-06968-CART,96,1
N26-027-06968-CART,97,1
N26-057-06969-IKEA,49,1
N26-057-06969-IKEA,52,1
N26-057-06969-IKEA,57,1
N26-045-06970-STER,36,1
N26-045-06970-STER,38,1
N26-045-06970-STER,45,1
N26-027-06971-NIKE,19,1
N26-027-06971-NIKE,22,1
N26-027-06971-NIKE,27,1
N26-027-06971-NIKE,96,1
N26-027-06971-NIKE,99,1
N26-048-06972-TCLX,36,1
N26-048-06972-TCLX,40,1
N26-048-06972-TCLX,48,1
N26-005-06973-CUID,1,1
N26-005-06973-CUID,2,1
N26-005-06973-CUID,5,1
N26-079-06974-DIST,77,1
N26-079-06974-DIST,79,1
N26-088-06975-SCRI,84,1
N26-088-06975-SCRI,86,1
N26-088-06975-SCRI,88,1
N26-072-06976-CHAR,69,1
N26-072-06976-CHAR,72,1
N26-072-06976-CHAR,96,1
N26-072-06976-CHAR,99,1
N26-035-06977-COAC,28,1
N26-035-06977-COAC,35,1
N26-035-06977-COAC,96,1
N26-035-06977-COAC,98,1
N26-072-06978-CHAR,69,1
N26-072-06978-CHAR,72,1
N26-034-06979-HUGO,28,1
N26-034-06979-HUGO,34,1
N26-043-06980-RAZE,36,1
N26-043-06980-RAZE,37,1
N26-043-06980-RAZE,43,1
N26-043-06980-RAZE,96,1
N26-043-06980-RAZE,99,1
N26-045-06981-OTTE,36,1
N26-045-06981-OTTE,38,1
N26-045-06981-OTTE,45,1
N26-008-06982-HMXX,1,1
N26-008-06982-HMXX,3,1
N26-008-06982-HMXX,8,1
N26-043-06983-LOGI,36,1
N26-043-06983-LOGI,37,1
N26-043-06983-LOGI,43,1
N26-043-06983-LOGI,96,1
N26-043-06983-LOGI,99,1
N26-034-06984-PINE,28,1
N26-034-06984-PINE,34,1
N26-034-06984-PINE,96,1
N26-034-06984-PINE,99,1
N26-033-06985-ADID,28,1
N26-033-06985-ADID,33,1
N26-012-06986-CUID,1,1
N26-012-06986-CUID,4,1
N26-012-06986-CUID,12,1
N26-030-06987-TOUS,28,1
N26-030-06987-TOUS,30,1
N26-044-06988-SAMS,36,1
N26-044-06988-SAMS,38,1
N26-044-06988-SAMS,44,1
N26-006-06989-CUID,1,1
N26-006-06989-CUID,2,1
N26-006-06989-CUID,6,1
N26-045-06990-OTTE,36,1
N26-045-06990-OTTE,38,1
N26-045-06990-OTTE,45,1
N26-045-06990-OTTE,96,1
N26-045-06990-OTTE,100,1
N26-025-06991-ALDO,19,1
N26-025-06991-ALDO,21,1
N26-025-06991-ALDO,25,1
N26-067-06992-NIVE,60,1
N26-067-06992-NIVE,62,1
N26-067-06992-NIVE,67,1
N26-067-06992-NIVE,96,1
N26-067-06992-NIVE,99,1
N26-048-06993-SONY,36,1
N26-048-06993-SONY,40,1
N26-048-06993-SONY,48,1
N26-013-06994-LEVI,1,1
N26-013-06994-LEVI,2,1
N26-013-06994-LEVI,13,1
N26-013-06994-LEVI,96,1
N26-013-06994-LEVI,97,1
N26-024-06995-FLEX,19,1
N26-024-06995-FLEX,20,1
N26-024-06995-FLEX,24,1
N26-068-06996-GRIS,60,1
N26-068-06996-GRIS,62,1
N26-068-06996-GRIS,68,1
N26-068-06997-NIVE,60,1
N26-068-06997-NIVE,62,1
N26-068-06997-NIVE,68,1
N26-068-06997-NIVE,96,1
N26-068-06997-NIVE,100,1
N26-079-06998-DIST,77,1
N26-079-06998-DIST,79,1
N26-079-06998-DIST,96,1
N26-079-06998-DIST,99,1
N26-076-06999-THEN,69,1
N26-076-06999-THEN,76,1
N26-059-07000-HOME,49,1
N26-059-07000-HOME,54,1
N26-059-07000-HOME,59,1
N26-063-07001-HEAD,60,1
N26-063-07001-HEAD,63,1
N26-010-07002-CHAR,1,1
N26-010-07002-CHAR,4,1
N26-010-07002-CHAR,10,1
N26-010-07002-CHAR,96,1
N26-010-07002-CHAR,99,1
N26-074-07003-EVER,69,1
N26-074-07003-EVER,70,1
N26-074-07003-EVER,74,1
N26-065-07004-PAIP,60,1
N26-065-07004-PAIP,61,1
N26-065-07004-PAIP,65,1
N26-073-07005-SHIM,69,1
N26-073-07005-SHIM,73,1
N26-067-07006-NIVE,60,1
N26-067-07006-NIVE,62,1
N26-067-07006-NIVE,67,1
N26-012-07007-CUID,1,1
N26-012-07007-CUID,4,1
N26-012-07007-CUID,12,1
N26-012-07007-CUID,96,1
N26-012-07007-CUID,97,1
N26-030-07008-TOUS,28,1
N26-030-07008-TOUS,30,1
N26-057-07009-BOCO,49,1
N26-057-07009-BOCO,52,1
N26-057-07009-BOCO,57,1
N26-076-07010-QUEC,69,1
N26-076-07010-QUEC,76,1
N26-017-07011-HMXX,1,1
N26-017-07011-HMXX,4,1
N26-017-07011-HMXX,17,1
N26-057-07012-IKEA,49,1
N26-057-07012-IKEA,52,1
N26-057-07012-IKEA,57,1
N26-092-07013-GATE,89,1
N26-092-07013-GATE,92,1
N26-092-07013-GATE,96,1
N26-092-07013-GATE,100,1
N26-043-07014-MICR,36,1
N26-043-07014-MICR,37,1
N26-043-07014-MICR,43,1
N26-043-07014-MICR,96,1
N26-043-07014-MICR,100,1
N26-094-07015-NUPE,93,1
N26-094-07015-NUPE,94,1
N26-058-07016-STER,49,1
N26-058-07016-STER,53,1
N26-058-07016-STER,58,1
N26-076-07017-COLE,69,1
N26-076-07017-COLE,76,1
N26-015-07018-ZARA,1,1
N26-015-07018-ZARA,3,1
N26-015-07018-ZARA,15,1
N26-008-07019-ZARA,1,1
N26-008-07019-ZARA,3,1
N26-008-07019-ZARA,8,1
N26-008-07019-ZARA,96,1
N26-008-07019-ZARA,97,1
N26-056-07020-HAMI,49,1
N26-056-07020-HAMI,51,1
N26-056-07020-HAMI,56,1
N26-056-07020-HAMI,96,1
N26-056-07020-HAMI,100,1
N26-024-07021-ROCK,19,1
N26-024-07021-ROCK,20,1
N26-024-07021-ROCK,24,1
N26-014-07022-CUID,1,1
N26-014-07022-CUID,2,1
N26-014-07022-CUID,14,1
N26-014-07022-CUID,96,1
N26-014-07022-CUID,100,1
N26-042-07023-CORS,36,1
N26-042-07023-CORS,37,1
N26-042-07023-CORS,42,1
N26-017-07024-NIKE,1,1
N26-017-07024-NIKE,4,1
N26-017-07024-NIKE,17,1
N26-075-07025-ADID,69,1
N26-075-07025-ADID,70,1
N26-075-07025-ADID,75,1
N26-059-07026-SPRI,49,1
N26-059-07026-SPRI,54,1
N26-059-07026-SPRI,59,1
N26-033-07027-UNDE,28,1
N26-033-07027-UNDE,33,1
N26-033-07028-UNDE,28,1
N26-033-07028-UNDE,33,1
N26-090-07029-3MXX,89,1
N26-090-07029-3MXX,90,1
N26-092-07030-GATE,89,1
N26-092-07030-GATE,92,1
N26-079-07031-FUNK,77,1
N26-079-07031-FUNK,79,1
N26-027-07032-ADID,19,1
N26-027-07032-ADID,22,1
N26-027-07032-ADID,27,1
N26-072-07033-CHAR,69,1
N26-072-07033-CHAR,72,1
N26-090-07034-ARMO,89,1
N26-090-07034-ARMO,90,1
N26-074-07035-VOIT,69,1
N26-074-07035-VOIT,70,1
N26-074-07035-VOIT,74,1
N26-074-07035-VOIT,96,1
N26-074-07035-VOIT,98,1
N26-034-07036-DOCK,28,1
N26-034-07036-DOCK,34,1
N26-016-07037-CAXX,1,1
N26-016-07037-CAXX,3,1
N26-016-07037-CAXX,16,1
N26-044-07038-LANI,36,1
N26-044-07038-LANI,38,1
N26-044-07038-LANI,44,1
N26-035-07039-TOMM,28,1
N26-035-07039-TOMM,35,1
N26-078-07040-CLEM,77,1
N26-078-07040-CLEM,78,1
N26-079-07041-DIST,77,1
N26-079-07041-DIST,79,1
N26-079-07041-DIST,96,1
N26-079-07041-DIST,100,1
N26-025-07042-ALDO,19,1
N26-025-07042-ALDO,21,1
N26-025-07042-ALDO,25,1
N26-025-07042-ALDO,96,1
N26-025-07042-ALDO,99,1
N26-007-07043-HMXX,1,1
N26-007-07043-HMXX,3,1
N26-007-07043-HMXX,7,1
N26-007-07043-HMXX,96,1
N26-007-07043-HMXX,98,1
N26-017-07044-PUMA,1,1
N26-017-07044-PUMA,4,1
N26-017-07044-PUMA,17,1
N26-075-07045-ADID,69,1
N26-075-07045-ADID,70,1
N26-075-07045-ADID,75,1
N26-075-07045-ADID,96,1
N26-075-07045-ADID,99,1
N26-009-07046-BABY,1,1
N26-009-07046-BABY,4,1
N26-009-07046-BABY,9,1
N26-034-07047-TOMM,28,1
N26-034-07047-TOMM,34,1
N26-034-07047-TOMM,96,1
N26-034-07047-TOMM,97,1
N26-071-07048-PIRM,69,1
N26-071-07048-PIRM,71,1
N26-071-07048-PIRM,96,1
N26-071-07048-PIRM,99,1
N26-090-07049-ARMO,89,1
N26-090-07049-ARMO,90,1
N26-090-07049-ARMO,96,1
N26-090-07049-ARMO,97,1
N26-088-07050-SCRI,84,1
N26-088-07050-SCRI,86,1
N26-088-07050-SCRI,88,1
N26-034-07051-LEVI,28,1
N26-034-07051-LEVI,34,1
N26-055-07052-KOBL,49,1
N26-055-07052-KOBL,51,1
N26-055-07052-KOBL,55,1
N26-055-07052-KOBL,96,1
N26-055-07052-KOBL,99,1
N26-025-07053-FLEX,19,1
N26-025-07053-FLEX,21,1
N26-025-07053-FLEX,25,1
N26-073-07054-BENO,69,1
N26-073-07054-BENO,73,1
N26-081-07055-XBOX,77,1
N26-081-07055-XBOX,80,1
N26-081-07055-XBOX,81,1
N26-087-07056-TRIL,84,1
N26-087-07056-TRIL,85,1
N26-087-07056-TRIL,87,1
N26-050-07057-KITC,49,1
N26-050-07057-KITC,50,1
N26-033-07058-NIKE,28,1
N26-033-07058-NIKE,33,1
N26-006-07059-ZARA,1,1
N26-006-07059-ZARA,2,1
N26-006-07059-ZARA,6,1
N26-031-07060-SEIK,28,1
N26-031-07060-SEIK,31,1
N26-088-07061-BICX,84,1
N26-088-07061-BICX,86,1
N26-088-07061-BICX,88,1
N26-088-07061-BICX,96,1
N26-088-07061-BICX,100,1
N26-027-07062-CROC,19,1
N26-027-07062-CROC,22,1
N26-027-07062-CROC,27,1
N26-087-07063-PACK,84,1
N26-087-07063-PACK,85,1
N26-087-07063-PACK,87,1
N26-081-07064-PLAY,77,1
N26-081-07064-PLAY,80,1
N26-081-07064-PLAY,81,1
N26-015-07065-CAXX,1,1
N26-015-07065-CAXX,3,1
N26-015-07065-CAXX,15,1
N26-015-07065-CAXX,96,1
N26-015-07065-CAXX,98,1
N26-026-07066-CATE,19,1
N26-026-07066-CATE,21,1
N26-026-07066-CATE,26,1
N26-026-07066-CATE,96,1
N26-026-07066-CATE,100,1
N26-073-07067-BENO,69,1
N26-073-07067-BENO,73,1
N26-016-07068-HMXX,1,1
N26-016-07068-HMXX,3,1
N26-016-07068-HMXX,16,1
N26-011-07069-CART,1,1
N26-011-07069-CART,4,1
N26-011-07069-CART,11,1
N26-011-07069-CART,96,1
N26-011-07069-CART,97,1
N26-094-07070-NUPE,93,1
N26-094-07070-NUPE,94,1
N26-063-07071-GARN,60,1
N26-063-07071-GARN,63,1
N26-043-07072-RAZE,36,1
N26-043-07072-RAZE,37,1
N26-043-07072-RAZE,43,1
N26-014-07073-CUID,1,1
N26-014-07073-CUID,2,1
N26-014-07073-CUID,14,1
N26-007-07074-CUID,1,1
N26-007-07074-CUID,3,1
N26-007-07074-CUID,7,1
N26-071-07075-PUMA,69,1
N26-071-07075-PUMA,71,1
N26-083-07076-RAVE,77,1
N26-083-07076-RAVE,83,1
N26-016-07077-ZARA,1,1
N26-016-07077-ZARA,3,1
N26-016-07077-ZARA,16,1
N26-042-07078-VORA,36,1
N26-042-07078-VORA,37,1
N26-042-07078-VORA,42,1
N26-009-07079-GERB,1,1
N26-009-07079-GERB,4,1
N26-009-07079-GERB,9,1
N26-088-07080-SCRI,84,1
N26-088-07080-SCRI,86,1
N26-088-07080-SCRI,88,1
N26-088-07080-SCRI,96,1
N26-088-07080-SCRI,97,1
N26-056-07081-HAMI,49,1
N26-056-07081-HAMI,51,1
N26-056-07081-HAMI,56,1
N26-017-07082-ADID,1,1
N26-017-07082-ADID,4,1
N26-017-07082-ADID,17,1
N26-046-07083-SAMS,36,1
N26-046-07083-SAMS,39,1
N26-046-07083-SAMS,46,1
N26-018-07084-UNDE,1,1
N26-018-07084-UNDE,4,1
N26-018-07084-UNDE,18,1
N26-082-07085-STER,77,1
N26-082-07085-STER,80,1
N26-082-07085-STER,82,1
N26-005-07086-CUID,1,1
N26-005-07086-CUID,2,1
N26-005-07086-CUID,5,1
N26-010-07087-CAXX,1,1
N26-010-07087-CAXX,4,1
N26-010-07087-CAXX,10,1
N26-065-07088-PAIP,60,1
N26-065-07088-PAIP,61,1
N26-065-07088-PAIP,65,1
N26-076-07089-COLE,69,1
N26-076-07089-COLE,76,1
N26-091-07090-MIKE,89,1
N26-091-07090-MIKE,91,1
N26-090-07091-BOSC,89,1
N26-090-07091-BOSC,90,1
N26-055-07092-MABE,49,1
N26-055-07092-MABE,51,1
N26-055-07092-MABE,55,1
N26-026-07093-CATE,19,1
N26-026-07093-CATE,21,1
N26-026-07093-CATE,26,1
N26-024-07094-FLEX,19,1
N26-024-07094-FLEX,20,1
N26-024-07094-FLEX,24,1
N26-025-07095-NINE,19,1
N26-025-07095-NINE,21,1
N26-025-07095-NINE,25,1
N26-081-07096-NINT,77,1
N26-081-07096-NINT,80,1
N26-081-07096-NINT,81,1
N26-030-07097-TOUS,28,1
N26-030-07097-TOUS,30,1
N26-030-07097-TOUS,96,1
N26-030-07097-TOUS,100,1
N26-087-07098-PORR,84,1
N26-087-07098-PORR,85,1
N26-087-07098-PORR,87,1
N26-083-07099-DEVI,77,1
N26-083-07099-DEVI,83,1
N26-088-07100-SCRI,84,1
N26-088-07100-SCRI,86,1
N26-088-07100-SCRI,88,1
N26-013-07101-LEVI,1,1
N26-013-07101-LEVI,2,1
N26-013-07101-LEVI,13,1
N26-013-07101-LEVI,96,1
N26-013-07101-LEVI,97,1
N26-043-07102-VORA,36,1
N26-043-07102-VORA,37,1
N26-043-07102-VORA,43,1
N26-057-07103-ASHL,49,1
N26-057-07103-ASHL,52,1
N26-057-07103-ASHL,57,1
N26-047-07104-BOSE,36,1
N26-047-07104-BOSE,39,1
N26-047-07104-BOSE,47,1
N26-091-07105-MIKE,89,1
N26-091-07105-MIKE,91,1
N26-091-07105-MIKE,96,1
N26-091-07105-MIKE,98,1
N26-065-07106-MAYB,60,1
N26-065-07106-MAYB,61,1
N26-065-07106-MAYB,65,1
N26-057-07107-GAIA,49,1
N26-057-07107-GAIA,52,1
N26-057-07107-GAIA,57,1
N26-074-07108-DECA,69,1
N26-074-07108-DECA,70,1
N26-074-07108-DECA,74,1
N26-033-07109-NIKE,28,1
N26-033-07109-NIKE,33,1
N26-029-07110-HERS,28,1
N26-029-07110-HERS,29,1
N26-029-07110-HERS,96,1
N26-029-07110-HERS,99,1
N26-082-07111-PLAY,77,1
N26-082-07111-PLAY,80,1
N26-082-07111-PLAY,82,1
N26-017-07112-CUID,1,1
N26-017-07112-CUID,4,1
N26-017-07112-CUID,17,1
N26-078-07113-LEGO,77,1
N26-078-07113-LEGO,78,1
N26-063-07114-HEAD,60,1
N26-063-07114-HEAD,63,1
N26-064-07115-DIOR,60,1
N26-064-07115-DIOR,64,1
N26-095-07116-HILL,93,1
N26-095-07116-HILL,95,1
N26-087-07117-PEAR,84,1
N26-087-07117-PEAR,85,1
N26-087-07117-PEAR,87,1
N26-027-07118-CROC,19,1
N26-027-07118-CROC,22,1
N26-027-07118-CROC,27,1
N26-027-07118-CROC,96,1
N26-027-07118-CROC,99,1
N26-041-07119-LANI,36,1
N26-041-07119-LANI,37,1
N26-041-07119-LANI,41,1
N26-042-07120-VORA,36,1
N26-042-07120-VORA,37,1
N26-042-07120-VORA,42,1
N26-042-07120-VORA,96,1
N26-042-07120-VORA,100,1
N26-075-07121-GAIA,69,1
N26-075-07121-GAIA,70,1
N26-075-07121-GAIA,75,1
N26-075-07121-GAIA,96,1
N26-075-07121-GAIA,99,1
N26-023-07122-SKEC,19,1
N26-023-07122-SKEC,20,1
N26-023-07122-SKEC,23,1
N26-023-07122-SKEC,96,1
N26-023-07122-SKEC,100,1
N26-092-07123-DENS,89,1
N26-092-07123-DENS,92,1
N26-087-07124-PORR,84,1
N26-087-07124-PORR,85,1
N26-087-07124-PORR,87,1
N26-072-07125-ADID,69,1
N26-072-07125-ADID,72,1
N26-095-07126-NUPE,93,1
N26-095-07126-NUPE,95,1
N26-073-07127-TREK,69,1
N26-073-07127-TREK,73,1
N26-014-07128-LEVI,1,1
N26-014-07128-LEVI,2,1
N26-014-07128-LEVI,14,1
N26-005-07129-CUID,1,1
N26-005-07129-CUID,2,1
N26-005-07129-CUID,5,1
N26-005-07129-CUID,96,1
N26-005-07129-CUID,99,1
N26-031-07130-FOSS,28,1
N26-031-07130-FOSS,31,1
N26-048-07131-SONY,36,1
N26-048-07131-SONY,40,1
N26-048-07131-SONY,48,1
N26-056-07132-NESP,49,1
N26-056-07132-NESP,51,1
N26-056-07132-NESP,56,1
N26-071-07133-ADID,69,1
N26-071-07133-ADID,71,1
N26-015-07134-MASS,1,1
N26-015-07134-MASS,3,1
N26-015-07134-MASS,15,1
N26-015-07134-MASS,96,1
N26-015-07134-MASS,97,1
N26-045-07135-ESRX,36,1
N26-045-07135-ESRX,38,1
N26-045-07135-ESRX,45,1
N26-045-07135-ESRX,96,1
N26-045-07135-ESRX,99,1
N26-064-07136-DIOR,60,1
N26-064-07136-DIOR,64,1
N26-047-07137-MARS,36,1
N26-047-07137-MARS,39,1
N26-047-07137-MARS,47,1
N26-045-07138-ESRX,36,1
N26-045-07138-ESRX,38,1
N26-045-07138-ESRX,45,1
N26-045-07138-ESRX,96,1
N26-045-07138-ESRX,98,1
N26-092-07139-DENS,89,1
N26-092-07139-DENS,92,1
N26-081-07140-XBOX,77,1
N26-081-07140-XBOX,80,1
N26-081-07140-XBOX,81,1
N26-081-07140-XBOX,96,1
N26-081-07140-XBOX,97,1
N26-068-07141-GRIS,60,1
N26-068-07141-GRIS,62,1
N26-068-07141-GRIS,68,1
N26-015-07142-CAXX,1,1
N26-015-07142-CAXX,3,1
N26-015-07142-CAXX,15,1
N26-015-07142-CAXX,96,1
N26-015-07142-CAXX,98,1
N26-082-07143-LOGI,77,1
N26-082-07143-LOGI,80,1
N26-082-07143-LOGI,82,1
N26-082-07143-LOGI,96,1
N26-082-07143-LOGI,97,1
N26-031-07144-HUAW,28,1
N26-031-07144-HUAW,31,1
N26-056-07145-KOBL,49,1
N26-056-07145-KOBL,51,1
N26-056-07145-KOBL,56,1
N26-065-07146-PAIP,60,1
N26-065-07146-PAIP,61,1
N26-065-07146-PAIP,65,1
N26-071-07147-PIRM,69,1
N26-071-07147-PIRM,71,1
N26-027-07148-NIKE,19,1
N26-027-07148-NIKE,22,1
N26-027-07148-NIKE,27,1
N26-094-07149-GANA,93,1
N26-094-07149-GANA,94,1
N26-094-07149-GANA,96,1
N26-094-07149-GANA,100,1
N26-050-07150-EKCO,49,1
N26-050-07150-EKCO,50,1
N26-031-07151-CASI,28,1
N26-031-07151-CASI,31,1
N26-090-07152-BOSC,89,1
N26-090-07152-BOSC,90,1
N26-058-07153-PHIL,49,1
N26-058-07153-PHIL,53,1
N26-058-07153-PHIL,58,1
N26-058-07153-PHIL,96,1
N26-058-07153-PHIL,98,1
N26-095-07154-NUPE,93,1
N26-095-07154-NUPE,95,1
N26-011-07155-CART,1,1
N26-011-07155-CART,4,1
N26-011-07155-CART,11,1
N26-014-07156-CUID,1,1
N26-014-07156-CUID,2,1
N26-014-07156-CUID,14,1
N26-050-07157-TFAL,49,1
N26-050-07157-TFAL,50,1
N26-050-07157-TFAL,96,1
N26-050-07157-TFAL,98,1
N26-041-07158-DELL,36,1
N26-041-07158-DELL,37,1
N26-041-07158-DELL,41,1
N26-008-07159-ZARA,1,1
N26-008-07159-ZARA,3,1
N26-008-07159-ZARA,8,1
N26-050-07160-VASC,49,1
N26-050-07160-VASC,50,1
N26-027-07161-NIKE,19,1
N26-027-07161-NIKE,22,1
N26-027-07161-NIKE,27,1
N26-050-07162-KITC,49,1
N26-050-07162-KITC,50,1
N26-065-07163-BISS,60,1
N26-065-07163-BISS,61,1
N26-065-07163-BISS,65,1
N26-065-07163-BISS,96,1
N26-065-07163-BISS,98,1
N26-024-07164-ALDO,19,1
N26-024-07164-ALDO,20,1
N26-024-07164-ALDO,24,1
N26-065-07165-NYXX,60,1
N26-065-07165-NYXX,61,1
N26-065-07165-NYXX,65,1
N26-065-07165-NYXX,96,1
N26-065-07165-NYXX,97,1
N26-015-07166-HMXX,1,1
N26-015-07166-HMXX,3,1
N26-015-07166-HMXX,15,1
N26-011-07167-HMXX,1,1
N26-011-07167-HMXX,4,1
N26-011-07167-HMXX,11,1
N26-082-07168-PLAY,77,1
N26-082-07168-PLAY,80,1
N26-082-07168-PLAY,82,1
N26-017-07169-HMXX,1,1
N26-017-07169-HMXX,4,1
N26-017-07169-HMXX,17,1
N26-017-07169-HMXX,96,1
N26-017-07169-HMXX,100,1
N26-005-07170-MASS,1,1
N26-005-07170-MASS,2,1
N26-005-07170-MASS,5,1
N26-018-07171-PIRM,1,1
N26-018-07171-PIRM,4,1
N26-018-07171-PIRM,18,1
N26-018-07171-PIRM,96,1
N26-018-07171-PIRM,98,1
N26-088-07172-SCRI,84,1
N26-088-07172-SCRI,86,1
N26-088-07172-SCRI,88,1
N26-035-07173-PINE,28,1
N26-035-07173-PINE,35,1
N26-048-07174-HISE,36,1
N26-048-07174-HISE,40,1
N26-048-07174-HISE,48,1
N26-091-07175-3MXX,89,1
N26-091-07175-3MXX,91,1
N26-076-07176-THEN,69,1
N26-076-07176-THEN,76,1
N26-078-07177-CLEM,77,1
N26-078-07177-CLEM,78,1
N26-091-07178-TURT,89,1
N26-091-07178-TURT,91,1
N26-071-07179-ADID,69,1
N26-071-07179-ADID,71,1
N26-079-07180-DIST,77,1
N26-079-07180-DIST,79,1
N26-011-07181-CHAR,1,1
N26-011-07181-CHAR,4,1
N26-011-07181-CHAR,11,1
N26-011-07181-CHAR,96,1
N26-011-07181-CHAR,98,1
N26-011-07182-CART,1,1
N26-011-07182-CART,4,1
N26-011-07182-CART,11,1
N26-029-07183-HERS,28,1
N26-029-07183-HERS,29,1
N26-029-07183-HERS,96,1
N26-029-07183-HERS,100,1
N26-081-07184-PLAY,77,1
N26-081-07184-PLAY,80,1
N26-081-07184-PLAY,81,1
N26-081-07184-PLAY,96,1
N26-081-07184-PLAY,98,1
N26-088-07185-SCRI,84,1
N26-088-07185-SCRI,86,1
N26-088-07185-SCRI,88,1
N26-073-07186-SHIM,69,1
N26-073-07186-SHIM,73,1
N26-045-07187-STER,36,1
N26-045-07187-STER,38,1
N26-045-07187-STER,45,1
N26-067-07188-NIVE,60,1
N26-067-07188-NIVE,62,1
N26-067-07188-NIVE,67,1
N26-067-07188-NIVE,96,1
N26-067-07188-NIVE,97,1
N26-025-07189-NINE,19,1
N26-025-07189-NINE,21,1
N26-025-07189-NINE,25,1
N26-005-07190-CUID,1,1
N26-005-07190-CUID,2,1
N26-005-07190-CUID,5,1
N26-013-07191-HMXX,1,1
N26-013-07191-HMXX,2,1
N26-013-07191-HMXX,13,1
N26-027-07192-NIKE,19,1
N26-027-07192-NIKE,22,1
N26-027-07192-NIKE,27,1
N26-078-07193-MIAL,77,1
N26-078-07193-MIAL,78,1
N26-078-07193-MIAL,96,1
N26-078-07193-MIAL,99,1
N26-081-07194-XBOX,77,1
N26-081-07194-XBOX,80,1
N26-081-07194-XBOX,81,1
N26-081-07194-XBOX,96,1
N26-081-07194-XBOX,97,1
N26-095-07195-PURI,93,1
N26-095-07195-PURI,95,1
N26-095-07195-PURI,96,1
N26-095-07195-PURI,98,1
N26-018-07196-ADID,1,1
N26-018-07196-ADID,4,1
N26-018-07196-ADID,18,1
N26-046-07197-BOSE,36,1
N26-046-07197-BOSE,39,1
N26-046-07197-BOSE,46,1
N26-046-07197-BOSE,96,1
N26-046-07197-BOSE,98,1
N26-088-07198-SCRI,84,1
N26-088-07198-SCRI,86,1
N26-088-07198-SCRI,88,1
N26-016-07199-CAXX,1,1
N26-016-07199-CAXX,3,1
N26-016-07199-CAXX,16,1
N26-044-07200-LANI,36,1
N26-044-07200-LANI,38,1
N26-044-07200-LANI,44,1
N26-044-07200-LANI,96,1
N26-044-07200-LANI,100,1
N26-033-07201-NEWE,28,1
N26-033-07201-NEWE,33,1
N26-050-07202-KITC,49,1
N26-050-07202-KITC,50,1
N26-050-07202-KITC,96,1
N26-050-07202-KITC,100,1
N26-009-07203-CART,1,1
N26-009-07203-CART,4,1
N26-009-07203-CART,9,1
N26-072-07204-ADID,69,1
N26-072-07204-ADID,72,1
N26-073-07205-BENO,69,1
N26-073-07205-BENO,73,1
N26-018-07206-PIRM,1,1
N26-018-07206-PIRM,4,1
N26-018-07206-PIRM,18,1
N26-018-07207-CHAR,1,1
N26-018-07207-CHAR,4,1
N26-018-07207-CHAR,18,1
N26-066-07208-BISS,60,1
N26-066-07208-BISS,61,1
N26-066-07208-BISS,66,1
N26-066-07208-BISS,96,1
N26-066-07208-BISS,100,1
N26-041-07209-APPL,36,1
N26-041-07209-APPL,37,1
N26-041-07209-APPL,41,1
N26-008-07210-BERS,1,1
N26-008-07210-BERS,3,1
N26-008-07210-BERS,8,1
N26-048-07211-LGXX,36,1
N26-048-07211-LGXX,40,1
N26-048-07211-LGXX,48,1
N26-048-07211-LGXX,96,1
N26-048-07211-LGXX,97,1
N26-068-07212-NIVE,60,1
N26-068-07212-NIVE,62,1
N26-068-07212-NIVE,68,1
N26-014-07213-CUID,1,1
N26-014-07213-CUID,2,1
N26-014-07213-CUID,14,1
N26-035-07214-TOMM,28,1
N26-035-07214-TOMM,35,1
N26-035-07214-TOMM,96,1
N26-035-07214-TOMM,97,1
N26-048-07215-LGXX,36,1
N26-048-07215-LGXX,40,1
N26-048-07215-LGXX,48,1
N26-006-07216-CUID,1,1
N26-006-07216-CUID,2,1
N26-006-07216-CUID,6,1
N26-006-07216-CUID,96,1
N26-006-07216-CUID,97,1
N26-079-07217-LEGO,77,1
N26-079-07217-LEGO,79,1
N26-079-07217-LEGO,96,1
N26-079-07217-LEGO,97,1
N26-030-07218-THOM,28,1
N26-030-07218-THOM,30,1
N26-026-07219-FLEX,19,1
N26-026-07219-FLEX,21,1
N26-026-07219-FLEX,26,1
N26-027-07220-ADID,19,1
N26-027-07220-ADID,22,1
N26-027-07220-ADID,27,1
N26-030-07221-SWAR,28,1
N26-030-07221-SWAR,30,1
N26-018-07222-NIKE,1,1
N26-018-07222-NIKE,4,1
N26-018-07222-NIKE,18,1
N26-033-07223-ADID,28,1
N26-033-07223-ADID,33,1
N26-033-07223-ADID,96,1
N26-033-07223-ADID,98,1
N26-079-07224-FUNK,77,1
N26-079-07224-FUNK,79,1
N26-079-07224-FUNK,96,1
N26-079-07224-FUNK,98,1
N26-075-07225-MAND,69,1
N26-075-07225-MAND,70,1
N26-075-07225-MAND,75,1
N26-058-07226-TAPO,49,1
N26-058-07226-TAPO,53,1
N26-058-07226-TAPO,58,1
N26-058-07226-TAPO,96,1
N26-058-07226-TAPO,100,1
N26-048-07227-SONY,36,1
N26-048-07227-SONY,40,1
N26-048-07227-SONY,48,1
N26-048-07227-SONY,96,1
N26-048-07227-SONY,97,1
N26-074-07228-VOIT,69,1
N26-074-07228-VOIT,70,1
N26-074-07228-VOIT,74,1
N26-012-07229-BERS,1,1
N26-012-07229-BERS,4,1
N26-012-07229-BERS,12,1
N26-095-07230-PURI,93,1
N26-095-07230-PURI,95,1
N26-067-07231-GRIS,60,1
N26-067-07231-GRIS,62,1
N26-067-07231-GRIS,67,1
N26-088-07232-SCRI,84,1
N26-088-07232-SCRI,86,1
N26-088-07232-SCRI,88,1
N26-033-07233-ADID,28,1
N26-033-07233-ADID,33,1
N26-033-07233-ADID,96,1
N26-033-07233-ADID,98,1
N26-043-07234-MICR,36,1
N26-043-07234-MICR,37,1
N26-043-07234-MICR,43,1
N26-057-07235-DICO,49,1
N26-057-07235-DICO,52,1
N26-057-07235-DICO,57,1
N26-078-07236-LEGO,77,1
N26-078-07236-LEGO,78,1
N26-046-07237-SAMS,36,1
N26-046-07237-SAMS,39,1
N26-046-07237-SAMS,46,1
N26-045-07238-ESRX,36,1
N26-045-07238-ESRX,38,1
N26-045-07238-ESRX,45,1
N26-045-07238-ESRX,96,1
N26-045-07238-ESRX,100,1
N26-030-07239-TOUS,28,1
N26-030-07239-TOUS,30,1
N26-042-07240-SEAG,36,1
N26-042-07240-SEAG,37,1
N26-042-07240-SEAG,42,1
N26-087-07241-TRIL,84,1
N26-087-07241-TRIL,85,1
N26-087-07241-TRIL,87,1
N26-087-07241-TRIL,96,1
N26-087-07241-TRIL,98,1
N26-044-07242-APPL,36,1
N26-044-07242-APPL,38,1
N26-044-07242-APPL,44,1
N26-012-07243-CUID,1,1
N26-012-07243-CUID,4,1
N26-012-07243-CUID,12,1
N26-015-07244-HMXX,1,1
N26-015-07244-HMXX,3,1
N26-015-07244-HMXX,15,1
N26-066-07245-LORA,60,1
N26-066-07245-LORA,61,1
N26-066-07245-LORA,66,1
N26-092-07246-DENS,89,1
N26-092-07246-DENS,92,1
N26-031-07247-HUAW,28,1
N26-031-07247-HUAW,31,1
N26-031-07247-HUAW,96,1
N26-031-07247-HUAW,100,1
N26-006-07248-ZARA,1,1
N26-006-07248-ZARA,2,1
N26-006-07248-ZARA,6,1
N26-025-07249-FLEX,19,1
N26-025-07249-FLEX,21,1
N26-025-07249-FLEX,25,1
N26-025-07249-FLEX,96,1
N26-025-07249-FLEX,100,1
N26-072-07250-CHAR,69,1
N26-072-07250-CHAR,72,1
N26-079-07251-HASB,77,1
N26-079-07251-HASB,79,1
N26-041-07252-LANI,36,1
N26-041-07252-LANI,37,1
N26-041-07252-LANI,41,1
N26-014-07253-CUID,1,1
N26-014-07253-CUID,2,1
N26-014-07253-CUID,14,1
N26-056-07254-KOBL,49,1
N26-056-07254-KOBL,51,1
N26-056-07254-KOBL,56,1
N26-082-07255-STER,77,1
N26-082-07255-STER,80,1
N26-082-07255-STER,82,1
N26-082-07255-STER,96,1
N26-082-07255-STER,99,1
N26-055-07256-OSTE,49,1
N26-055-07256-OSTE,51,1
N26-055-07256-OSTE,55,1
N26-018-07257-NIKE,1,1
N26-018-07257-NIKE,4,1
N26-018-07257-NIKE,18,1
N26-018-07257-NIKE,96,1
N26-018-07257-NIKE,97,1
N26-066-07258-BISS,60,1
N26-066-07258-BISS,61,1
N26-066-07258-BISS,66,1
N26-066-07258-BISS,96,1
N26-066-07258-BISS,98,1
N26-042-07259-VORA,36,1
N26-042-07259-VORA,37,1
N26-042-07259-VORA,42,1
N26-056-07260-DELO,49,1
N26-056-07260-DELO,51,1
N26-056-07260-DELO,56,1
N26-008-07261-CUID,1,1
N26-008-07261-CUID,3,1
N26-008-07261-CUID,8,1
N26-007-07262-MANG,1,1
N26-007-07262-MANG,3,1
N26-007-07262-MANG,7,1
N26-073-07263-BENO,69,1
N26-073-07263-BENO,73,1
N26-016-07264-MANG,1,1
N26-016-07264-MANG,3,1
N26-016-07264-MANG,16,1
N26-016-07264-MANG,96,1
N26-016-07264-MANG,98,1
N26-032-07265-OAKL,28,1
N26-032-07265-OAKL,32,1
N26-064-07266-VERS,60,1
N26-064-07266-VERS,64,1
N26-025-07267-FLEX,19,1
N26-025-07267-FLEX,21,1
N26-025-07267-FLEX,25,1
N26-006-07268-PULL,1,1
N26-006-07268-PULL,2,1
N26-006-07268-PULL,6,1
N26-071-07269-VOIT,69,1
N26-071-07269-VOIT,71,1
N26-071-07269-VOIT,96,1
N26-071-07269-VOIT,99,1
N26-092-07270-GONH,89,1
N26-092-07270-GONH,92,1
N26-091-07271-MIKE,89,1
N26-091-07271-MIKE,91,1
N26-035-07272-PINE,28,1
N26-035-07272-PINE,35,1
N26-044-07273-MOTO,36,1
N26-044-07273-MOTO,38,1
N26-044-07273-MOTO,44,1
N26-079-07274-HASB,77,1
N26-079-07274-HASB,79,1
N26-006-07275-HMXX,1,1
N26-006-07275-HMXX,2,1
N26-006-07275-HMXX,6,1
N26-050-07276-VASC,49,1
N26-050-07276-VASC,50,1
N26-068-07277-LARO,60,1
N26-068-07277-LARO,62,1
N26-068-07277-LARO,68,1
N26-079-07278-FUNK,77,1
N26-079-07278-FUNK,79,1
N26-012-07279-CUID,1,1
N26-012-07279-CUID,4,1
N26-012-07279-CUID,12,1
N26-006-07280-CUID,1,1
N26-006-07280-CUID,2,1
N26-006-07280-CUID,6,1
N26-033-07281-UNDE,28,1
N26-033-07281-UNDE,33,1
N26-033-07281-UNDE,96,1
N26-033-07281-UNDE,99,1
N26-081-07282-NINT,77,1
N26-081-07282-NINT,80,1
N26-081-07282-NINT,81,1
N26-081-07282-NINT,96,1
N26-081-07282-NINT,99,1
N26-031-07283-HUAW,28,1
N26-031-07283-HUAW,31,1
N26-043-07284-PERF,36,1
N26-043-07284-PERF,37,1
N26-043-07284-PERF,43,1
N26-079-07285-LEGO,77,1
N26-079-07285-LEGO,79,1
N26-047-07286-STER,36,1
N26-047-07286-STER,39,1
N26-047-07286-STER,47,1
N26-006-07287-PULL,1,1
N26-006-07287-PULL,2,1
N26-006-07287-PULL,6,1
N26-006-07287-PULL,96,1
N26-006-07287-PULL,97,1
N26-055-07288-OSTE,49,1
N26-055-07288-OSTE,51,1
N26-055-07288-OSTE,55,1
N26-055-07288-OSTE,96,1
N26-055-07288-OSTE,98,1
N26-006-07289-CUID,1,1
N26-006-07289-CUID,2,1
N26-006-07289-CUID,6,1
N26-006-07289-CUID,96,1
N26-006-07289-CUID,98,1
N26-018-07290-PIRM,1,1
N26-018-07290-PIRM,4,1
N26-018-07290-PIRM,18,1
N26-072-07291-ASIC,69,1
N26-072-07291-ASIC,72,1
N26-012-07292-PULL,1,1
N26-012-07292-PULL,4,1
N26-012-07292-PULL,12,1
N26-090-07293-MIKE,89,1
N26-090-07293-MIKE,90,1
N26-016-07294-HMXX,1,1
N26-016-07294-HMXX,3,1
N26-016-07294-HMXX,16,1
N26-026-07295-FLEX,19,1
N26-026-07295-FLEX,21,1
N26-026-07295-FLEX,26,1
N26-050-07296-TRAM,49,1
N26-050-07296-TRAM,50,1
N26-031-07297-HUAW,28,1
N26-031-07297-HUAW,31,1
N26-005-07298-MASS,1,1
N26-005-07298-MASS,2,1
N26-005-07298-MASS,5,1
N26-017-07299-NIKE,1,1
N26-017-07299-NIKE,4,1
N26-017-07299-NIKE,17,1
N26-078-07300-LEGO,77,1
N26-078-07300-LEGO,78,1
N26-078-07300-LEGO,96,1
N26-078-07300-LEGO,97,1
N26-087-07301-PACK,84,1
N26-087-07301-PACK,85,1
N26-087-07301-PACK,87,1
N26-007-07302-CUID,1,1
N26-007-07302-CUID,3,1
N26-007-07302-CUID,7,1
N26-005-07303-MASS,1,1
N26-005-07303-MASS,2,1
N26-005-07303-MASS,5,1
N26-009-07304-GERB,1,1
N26-009-07304-GERB,4,1
N26-009-07304-GERB,9,1
N26-064-07305-NATU,60,1
N26-064-07305-NATU,64,1
N26-043-07306-STER,36,1
N26-043-07306-STER,37,1
N26-043-07306-STER,43,1
N26-029-07307-ADID,28,1
N26-029-07307-ADID,29,1
N26-064-07308-VERS,60,1
N26-064-07308-VERS,64,1
N26-064-07308-VERS,96,1
N26-064-07308-VERS,100,1
N26-015-07309-ZARA,1,1
N26-015-07309-ZARA,3,1
N26-015-07309-ZARA,15,1
N26-074-07310-EVER,69,1
N26-074-07310-EVER,70,1
N26-074-07310-EVER,74,1
N26-059-07311-SPRI,49,1
N26-059-07311-SPRI,54,1
N26-059-07311-SPRI,59,1
N26-059-07311-SPRI,96,1
N26-059-07311-SPRI,97,1
N26-011-07312-HMXX,1,1
N26-011-07312-HMXX,4,1
N26-011-07312-HMXX,11,1
N26-011-07312-HMXX,96,1
N26-011-07312-HMXX,99,1
N26-024-07313-FLEX,19,1
N26-024-07313-FLEX,20,1
N26-024-07313-FLEX,24,1
N26-027-07314-CROC,19,1
N26-027-07314-CROC,22,1
N26-027-07314-CROC,27,1
N26-057-07315-GAIA,49,1
N26-057-07315-GAIA,52,1
N26-057-07315-GAIA,57,1
N26-076-07316-OZAR,69,1
N26-076-07316-OZAR,76,1
N26-076-07316-OZAR,96,1
N26-076-07316-OZAR,97,1
N26-027-07317-ADID,19,1
N26-027-07317-ADID,22,1
N26-027-07317-ADID,27,1
N26-015-07318-MANG,1,1
N26-015-07318-MANG,3,1
N26-015-07318-MANG,15,1
N26-048-07319-LGXX,36,1
N26-048-07319-LGXX,40,1
N26-048-07319-LGXX,48,1
N26-064-07320-CALV,60,1
N26-064-07320-CALV,64,1
N26-063-07321-GARN,60,1
N26-063-07321-GARN,63,1
N26-063-07321-GARN,96,1
N26-063-07321-GARN,100,1
N26-009-07322-GERB,1,1
N26-009-07322-GERB,4,1
N26-009-07322-GERB,9,1
N26-032-07323-POLA,28,1
N26-032-07323-POLA,32,1
N26-033-07324-ADID,28,1
N26-033-07324-ADID,33,1
N26-064-07325-PAIP,60,1
N26-064-07325-PAIP,64,1
N26-082-07326-STER,77,1
N26-082-07326-STER,80,1
N26-082-07326-STER,82,1
N26-035-07327-FOSS,28,1
N26-035-07327-FOSS,35,1
N26-027-07328-CROC,19,1
N26-027-07328-CROC,22,1
N26-027-07328-CROC,27,1
N26-027-07328-CROC,96,1
N26-027-07328-CROC,100,1
N26-027-07329-HAVA,19,1
N26-027-07329-HAVA,22,1
N26-027-07329-HAVA,27,1
N26-071-07330-CHAR,69,1
N26-071-07330-CHAR,71,1
N26-071-07330-CHAR,96,1
N26-071-07330-CHAR,98,1
N26-087-07331-TRIL,84,1
N26-087-07331-TRIL,85,1
N26-087-07331-TRIL,87,1
N26-030-07332-SWAR,28,1
N26-030-07332-SWAR,30,1
N26-030-07332-SWAR,96,1
N26-030-07332-SWAR,99,1
N26-068-07333-GRIS,60,1
N26-068-07333-GRIS,62,1
N26-068-07333-GRIS,68,1
N26-059-07334-VIAN,49,1
N26-059-07334-VIAN,54,1
N26-059-07334-VIAN,59,1
N26-025-07335-FLEX,19,1
N26-025-07335-FLEX,21,1
N26-025-07335-FLEX,25,1
N26-032-07336-RAYB,28,1
N26-032-07336-RAYB,32,1
N26-045-07337-STER,36,1
N26-045-07337-STER,38,1
N26-045-07337-STER,45,1
N26-005-07338-DOCK,1,1
N26-005-07338-DOCK,2,1
N26-005-07338-DOCK,5,1
N26-075-07339-GAIA,69,1
N26-075-07339-GAIA,70,1
N26-075-07339-GAIA,75,1
N26-046-07340-STER,36,1
N26-046-07340-STER,39,1
N26-046-07340-STER,46,1
N26-064-07341-PAIP,60,1
N26-064-07341-PAIP,64,1
N26-042-07342-KING,36,1
N26-042-07342-KING,37,1
N26-042-07342-KING,42,1
N26-087-07343-TRIL,84,1
N26-087-07343-TRIL,85,1
N26-087-07343-TRIL,87,1
N26-012-07344-CUID,1,1
N26-012-07344-CUID,4,1
N26-012-07344-CUID,12,1
N26-034-07345-PINE,28,1
N26-034-07345-PINE,34,1
N26-030-07346-THOM,28,1
N26-030-07346-THOM,30,1
N26-045-07347-STER,36,1
N26-045-07347-STER,38,1
N26-045-07347-STER,45,1
N26-059-07348-SPRI,49,1
N26-059-07348-SPRI,54,1
N26-059-07348-SPRI,59,1
N26-059-07348-SPRI,96,1
N26-059-07348-SPRI,99,1
N26-094-07349-ROYA,93,1
N26-094-07349-ROYA,94,1
N26-030-07350-PINE,28,1
N26-030-07350-PINE,30,1
N26-059-07351-HOME,49,1
N26-059-07351-HOME,54,1
N26-059-07351-HOME,59,1
N26-015-07352-MANG,1,1
N26-015-07352-MANG,3,1
N26-015-07352-MANG,15,1
N26-071-07353-VOIT,69,1
N26-071-07353-VOIT,71,1
N26-056-07354-KOBL,49,1
N26-056-07354-KOBL,51,1
N26-056-07354-KOBL,56,1
N26-043-07355-STER,36,1
N26-043-07355-STER,37,1
N26-043-07355-STER,43,1
N26-043-07355-STER,96,1
N26-043-07355-STER,97,1
N26-067-07356-GRIS,60,1
N26-067-07356-GRIS,62,1
N26-067-07356-GRIS,67,1
N26-045-07357-STER,36,1
N26-045-07357-STER,38,1
N26-045-07357-STER,45,1
N26-073-07358-GIAN,69,1
N26-073-07358-GIAN,73,1
N26-073-07358-GIAN,96,1
N26-073-07358-GIAN,99,1
N26-082-07359-RAZE,77,1
N26-082-07359-RAZE,80,1
N26-082-07359-RAZE,82,1
N26-055-07360-OSTE,49,1
N26-055-07360-OSTE,51,1
N26-055-07360-OSTE,55,1
N26-014-07361-ZARA,1,1
N26-014-07361-ZARA,2,1
N26-014-07361-ZARA,14,1
N26-006-07362-CUID,1,1
N26-006-07362-CUID,2,1
N26-006-07362-CUID,6,1
N26-083-07363-RAVE,77,1
N26-083-07363-RAVE,83,1
N26-083-07363-RAVE,96,1
N26-083-07363-RAVE,99,1
N26-094-07364-NUPE,93,1
N26-094-07364-NUPE,94,1
N26-057-07365-DICO,49,1
N26-057-07365-DICO,52,1
N26-057-07365-DICO,57,1
N26-088-07366-SCRI,84,1
N26-088-07366-SCRI,86,1
N26-088-07366-SCRI,88,1
N26-088-07366-SCRI,96,1
N26-088-07366-SCRI,98,1
N26-024-07367-FLEX,19,1
N26-024-07367-FLEX,20,1
N26-024-07367-FLEX,24,1
N26-087-07368-TRIL,84,1
N26-087-07368-TRIL,85,1
N26-087-07368-TRIL,87,1
N26-087-07368-TRIL,96,1
N26-087-07368-TRIL,100,1
N26-079-07369-DIST,77,1
N26-079-07369-DIST,79,1
N26-075-07370-ADID,69,1
N26-075-07370-ADID,70,1
N26-075-07370-ADID,75,1
N26-023-07371-PANA,19,1
N26-023-07371-PANA,20,1
N26-023-07371-PANA,23,1
N26-023-07371-PANA,96,1
N26-023-07371-PANA,100,1
N26-017-07372-NIKE,1,1
N26-017-07372-NIKE,4,1
N26-017-07372-NIKE,17,1
N26-017-07372-NIKE,96,1
N26-017-07372-NIKE,100,1
N26-025-07373-STEV,19,1
N26-025-07373-STEV,21,1
N26-025-07373-STEV,25,1
N26-008-07374-PULL,1,1
N26-008-07374-PULL,3,1
N26-008-07374-PULL,8,1
N26-091-07375-MIKE,89,1
N26-091-07375-MIKE,91,1
N26-025-07376-FLEX,19,1
N26-025-07376-FLEX,21,1
N26-025-07376-FLEX,25,1
N26-006-07377-ZARA,1,1
N26-006-07377-ZARA,2,1
N26-006-07377-ZARA,6,1
N26-018-07378-NIKE,1,1
N26-018-07378-NIKE,4,1
N26-018-07378-NIKE,18,1
N26-095-07379-NUPE,93,1
N26-095-07379-NUPE,95,1
N26-035-07380-FOSS,28,1
N26-035-07380-FOSS,35,1
N26-013-07381-CUID,1,1
N26-013-07381-CUID,2,1
N26-013-07381-CUID,13,1
N26-032-07382-POLA,28,1
N26-032-07382-POLA,32,1
N26-016-07383-MASS,1,1
N26-016-07383-MASS,3,1
N26-016-07383-MASS,16,1
N26-018-07384-ADID,1,1
N26-018-07384-ADID,4,1
N26-018-07384-ADID,18,1
N26-031-07385-HUAW,28,1
N26-031-07385-HUAW,31,1
N26-076-07386-QUEC,69,1
N26-076-07386-QUEC,76,1
N26-006-07387-HMXX,1,1
N26-006-07387-HMXX,2,1
N26-006-07387-HMXX,6,1
N26-033-07388-PUMA,28,1
N26-033-07388-PUMA,33,1
N26-043-07389-PERF,36,1
N26-043-07389-PERF,37,1
N26-043-07389-PERF,43,1
N26-078-07390-MIAL,77,1
N26-078-07390-MIAL,78,1
N26-035-07391-COAC,28,1
N26-035-07391-COAC,35,1
N26-012-07392-CUID,1,1
N26-012-07392-CUID,4,1
N26-012-07392-CUID,12,1
N26-018-07393-ADID,1,1
N26-018-07393-ADID,4,1
N26-018-07393-ADID,18,1
N26-082-07394-STER,77,1
N26-082-07394-STER,80,1
N26-082-07394-STER,82,1
N26-082-07394-STER,96,1
N26-082-07394-STER,98,1
N26-034-07395-DOCK,28,1
N26-034-07395-DOCK,34,1
N26-034-07395-DOCK,96,1
N26-034-07395-DOCK,99,1
N26-014-07396-ZARA,1,1
N26-014-07396-ZARA,2,1
N26-014-07396-ZARA,14,1
N26-014-07396-ZARA,96,1
N26-014-07396-ZARA,98,1
N26-083-07397-RAVE,77,1
N26-083-07397-RAVE,83,1
N26-083-07398-HASB,77,1
N26-083-07398-HASB,83,1
N26-083-07398-HASB,96,1
N26-083-07398-HASB,100,1
N26-067-07399-NEUT,60,1
N26-067-07399-NEUT,62,1
N26-067-07399-NEUT,67,1
N26-026-07400-DRMA,19,1
N26-026-07400-DRMA,21,1
N26-026-07400-DRMA,26,1
N26-026-07400-DRMA,96,1
N26-026-07400-DRMA,97,1
N26-091-07401-MIKE,89,1
N26-091-07401-MIKE,91,1
N26-088-07402-ZEBR,84,1
N26-088-07402-ZEBR,86,1
N26-088-07402-ZEBR,88,1
N26-007-07403-MANG,1,1
N26-007-07403-MANG,3,1
N26-007-07403-MANG,7,1
N26-012-07404-HMXX,1,1
N26-012-07404-HMXX,4,1
N26-012-07404-HMXX,12,1
N26-012-07404-HMXX,96,1
N26-012-07404-HMXX,97,1
N26-055-07405-MABE,49,1
N26-055-07405-MABE,51,1
N26-055-07405-MABE,55,1
N26-076-07406-THEN,69,1
N26-076-07406-THEN,76,1
N26-014-07407-CUID,1,1
N26-014-07407-CUID,2,1
N26-014-07407-CUID,14,1
N26-014-07407-CUID,96,1
N26-014-07407-CUID,97,1
N26-090-07408-MIKE,89,1
N26-090-07408-MIKE,90,1
N26-074-07409-BOWF,69,1
N26-074-07409-BOWF,70,1
N26-074-07409-BOWF,74,1
N26-056-07410-KOBL,49,1
N26-056-07410-KOBL,51,1
N26-056-07410-KOBL,56,1
N26-018-07411-UNDE,1,1
N26-018-07411-UNDE,4,1
N26-018-07411-UNDE,18,1
N26-058-07412-IKEA,49,1
N26-058-07412-IKEA,53,1
N26-058-07412-IKEA,58,1
N26-068-07413-ISDI,60,1
N26-068-07413-ISDI,62,1
N26-068-07413-ISDI,68,1
N26-068-07413-ISDI,96,1
N26-068-07413-ISDI,98,1
N26-074-07414-EVER,69,1
N26-074-07414-EVER,70,1
N26-074-07414-EVER,74,1
N26-007-07415-HMXX,1,1
N26-007-07415-HMXX,3,1
N26-007-07415-HMXX,7,1
N26-032-07416-POLA,28,1
N26-032-07416-POLA,32,1
N26-032-07416-POLA,96,1
N26-032-07416-POLA,97,1
N26-024-07417-ALDO,19,1
N26-024-07417-ALDO,20,1
N26-024-07417-ALDO,24,1
N26-067-07418-GRIS,60,1
N26-067-07418-GRIS,62,1
N26-067-07418-GRIS,67,1
N26-067-07418-GRIS,96,1
N26-067-07418-GRIS,100,1
N26-025-07419-ZARA,19,1
N26-025-07419-ZARA,21,1
N26-025-07419-ZARA,25,1
N26-025-07419-ZARA,96,1
N26-025-07419-ZARA,99,1
N26-055-07420-OSTE,49,1
N26-055-07420-OSTE,51,1
N26-055-07420-OSTE,55,1
N26-074-07421-CAPB,69,1
N26-074-07421-CAPB,70,1
N26-074-07421-CAPB,74,1
N26-011-07422-CHAR,1,1
N26-011-07422-CHAR,4,1
N26-011-07422-CHAR,11,1
N26-041-07423-LANI,36,1
N26-041-07423-LANI,37,1
N26-041-07423-LANI,41,1
N26-032-07424-RAYB,28,1
N26-032-07424-RAYB,32,1
N26-088-07425-BARR,84,1
N26-088-07425-BARR,86,1
N26-088-07425-BARR,88,1
N26-088-07425-BARR,96,1
N26-088-07425-BARR,99,1
N26-045-07426-STER,36,1
N26-045-07426-STER,38,1
N26-045-07426-STER,45,1
N26-043-07427-PERF,36,1
N26-043-07427-PERF,37,1
N26-043-07427-PERF,43,1
N26-057-07428-GAIA,49,1
N26-057-07428-GAIA,52,1
N26-057-07428-GAIA,57,1
N26-057-07428-GAIA,96,1
N26-057-07428-GAIA,99,1
N26-045-07429-UAGX,36,1
N26-045-07429-UAGX,38,1
N26-045-07429-UAGX,45,1
N26-095-07430-WHIS,93,1
N26-095-07430-WHIS,95,1
N26-095-07430-WHIS,96,1
N26-095-07430-WHIS,100,1
N26-063-07431-LORA,60,1
N26-063-07431-LORA,63,1
N26-005-07432-CUID,1,1
N26-005-07432-CUID,2,1
N26-005-07432-CUID,5,1
N26-006-07433-HMXX,1,1
N26-006-07433-HMXX,2,1
N26-006-07433-HMXX,6,1
N26-006-07433-HMXX,96,1
N26-006-07433-HMXX,99,1
N26-083-07434-DEVI,77,1
N26-083-07434-DEVI,83,1
N26-041-07435-ACER,36,1
N26-041-07435-ACER,37,1
N26-041-07435-ACER,41,1
N26-031-07436-FOSS,28,1
N26-031-07436-FOSS,31,1
N26-059-07437-HOME,49,1
N26-059-07437-HOME,54,1
N26-059-07437-HOME,59,1
N26-059-07437-HOME,96,1
N26-059-07437-HOME,97,1
N26-012-07438-BERS,1,1
N26-012-07438-BERS,4,1
N26-012-07438-BERS,12,1
N26-092-07439-GATE,89,1
N26-092-07439-GATE,92,1
N26-064-07440-PAIP,60,1
N26-064-07440-PAIP,64,1
N26-064-07440-PAIP,96,1
N26-064-07440-PAIP,98,1
N26-013-07441-ADID,1,1
N26-013-07441-ADID,2,1
N26-013-07441-ADID,13,1
N26-013-07441-ADID,96,1
N26-013-07441-ADID,99,1
N26-087-07442-OREI,84,1
N26-087-07442-OREI,85,1
N26-087-07442-OREI,87,1
N26-017-07443-HMXX,1,1
N26-017-07443-HMXX,4,1
N26-017-07443-HMXX,17,1
N26-092-07444-BOSC,89,1
N26-092-07444-BOSC,92,1
N26-063-07445-LORA,60,1
N26-063-07445-LORA,63,1
N26-059-07446-IKEA,49,1
N26-059-07446-IKEA,54,1
N26-059-07446-IKEA,59,1
N26-046-07447-SONY,36,1
N26-046-07447-SONY,39,1
N26-046-07447-SONY,46,1
N26-009-07448-BABY,1,1
N26-009-07448-BABY,4,1
N26-009-07448-BABY,9,1
N26-033-07449-NIKE,28,1
N26-033-07449-NIKE,33,1
N26-046-07450-JBLX,36,1
N26-046-07450-JBLX,39,1
N26-046-07450-JBLX,46,1
N26-046-07450-JBLX,96,1
N26-046-07450-JBLX,97,1
N26-015-07451-HMXX,1,1
N26-015-07451-HMXX,3,1
N26-015-07451-HMXX,15,1
N26-015-07452-MASS,1,1
N26-015-07452-MASS,3,1
N26-015-07452-MASS,15,1
N26-059-07453-VIAN,49,1
N26-059-07453-VIAN,54,1
N26-059-07453-VIAN,59,1
N26-071-07454-PIRM,69,1
N26-071-07454-PIRM,71,1
N26-066-07455-BISS,60,1
N26-066-07455-BISS,61,1
N26-066-07455-BISS,66,1
N26-047-07456-STER,36,1
N26-047-07456-STER,39,1
N26-047-07456-STER,47,1
N26-090-07457-MICH,89,1
N26-090-07457-MICH,90,1
N26-064-07458-CARO,60,1
N26-064-07458-CARO,64,1
N26-083-07459-MATT,77,1
N26-083-07459-MATT,83,1
N26-056-07460-DELO,49,1
N26-056-07460-DELO,51,1
N26-056-07460-DELO,56,1
N26-044-07461-APPL,36,1
N26-044-07461-APPL,38,1
N26-044-07461-APPL,44,1
N26-065-07462-PAIP,60,1
N26-065-07462-PAIP,61,1
N26-065-07462-PAIP,65,1
N26-081-07463-NINT,77,1
N26-081-07463-NINT,80,1
N26-081-07463-NINT,81,1
N26-017-07464-PUMA,1,1
N26-017-07464-PUMA,4,1
N26-017-07464-PUMA,17,1
N26-017-07464-PUMA,96,1
N26-017-07464-PUMA,98,1
N26-030-07465-SWAR,28,1
N26-030-07465-SWAR,30,1
N26-073-07466-GIAN,69,1
N26-073-07466-GIAN,73,1
N26-047-07467-JBLX,36,1
N26-047-07467-JBLX,39,1
N26-047-07467-JBLX,47,1
N26-011-07468-HMXX,1,1
N26-011-07468-HMXX,4,1
N26-011-07468-HMXX,11,1
N26-048-07469-LGXX,36,1
N26-048-07469-LGXX,40,1
N26-048-07469-LGXX,48,1
N26-048-07469-LGXX,96,1
N26-048-07469-LGXX,98,1
N26-091-07470-ARMO,89,1
N26-091-07470-ARMO,91,1
N26-083-07471-HASB,77,1
N26-083-07471-HASB,83,1
N26-083-07471-HASB,96,1
N26-083-07471-HASB,99,1
N26-044-07472-XIAO,36,1
N26-044-07472-XIAO,38,1
N26-044-07472-XIAO,44,1
N26-044-07472-XIAO,96,1
N26-044-07472-XIAO,98,1
N26-016-07473-CAXX,1,1
N26-016-07473-CAXX,3,1
N26-016-07473-CAXX,16,1
N26-095-07474-NUPE,93,1
N26-095-07474-NUPE,95,1
N26-091-07475-MIKE,89,1
N26-091-07475-MIKE,91,1
N26-091-07475-MIKE,96,1
N26-091-07475-MIKE,99,1
N26-029-07476-KIPL,28,1
N26-029-07476-KIPL,29,1
N26-075-07477-NIKE,69,1
N26-075-07477-NIKE,70,1
N26-075-07477-NIKE,75,1
N26-075-07477-NIKE,96,1
N26-075-07477-NIKE,98,1
N26-044-07478-LANI,36,1
N26-044-07478-LANI,38,1
N26-044-07478-LANI,44,1
N26-047-07479-BOSE,36,1
N26-047-07479-BOSE,39,1
N26-047-07479-BOSE,47,1
N26-025-07480-NINE,19,1
N26-025-07480-NINE,21,1
N26-025-07480-NINE,25,1
N26-012-07481-HMXX,1,1
N26-012-07481-HMXX,4,1
N26-012-07481-HMXX,12,1
N26-058-07482-IKEA,49,1
N26-058-07482-IKEA,53,1
N26-058-07482-IKEA,58,1
N26-076-07483-OZAR,69,1
N26-076-07483-OZAR,76,1
N26-047-07484-STER,36,1
N26-047-07484-STER,39,1
N26-047-07484-STER,47,1
N26-027-07485-CROC,19,1
N26-027-07485-CROC,22,1
N26-027-07485-CROC,27,1
N26-073-07486-GIAN,69,1
N26-073-07486-GIAN,73,1
N26-081-07487-PLAY,77,1
N26-081-07487-PLAY,80,1
N26-081-07487-PLAY,81,1
N26-081-07487-PLAY,96,1
N26-081-07487-PLAY,97,1
N26-029-07488-KIPL,28,1
N26-029-07488-KIPL,29,1
N26-068-07489-GRIS,60,1
N26-068-07489-GRIS,62,1
N26-068-07489-GRIS,68,1
N26-044-07490-LANI,36,1
N26-044-07490-LANI,38,1
N26-044-07490-LANI,44,1
N26-044-07490-LANI,96,1
N26-044-07490-LANI,98,1
N26-024-07491-FLEX,19,1
N26-024-07491-FLEX,20,1
N26-024-07491-FLEX,24,1
N26-024-07491-FLEX,96,1
N26-024-07491-FLEX,100,1
N26-034-07492-HUGO,28,1
N26-034-07492-HUGO,34,1
N26-094-07493-NUPE,93,1
N26-094-07493-NUPE,94,1
N26-094-07493-NUPE,96,1
N26-094-07493-NUPE,97,1
N26-017-07494-CUID,1,1
N26-017-07494-CUID,4,1
N26-017-07494-CUID,17,1
N26-076-07495-COLE,69,1
N26-076-07495-COLE,76,1
N26-031-07496-CASI,28,1
N26-031-07496-CASI,31,1
N26-005-07497-CUID,1,1
N26-005-07497-CUID,2,1
N26-005-07497-CUID,5,1
N26-005-07497-CUID,96,1
N26-005-07497-CUID,97,1
N26-016-07498-HMXX,1,1
N26-016-07498-HMXX,3,1
N26-016-07498-HMXX,16,1
N26-013-07499-CUID,1,1
N26-013-07499-CUID,2,1
N26-013-07499-CUID,13,1
N26-013-07499-CUID,96,1
N26-013-07499-CUID,98,1
N26-058-07500-TECN,49,1
N26-058-07500-TECN,53,1
N26-058-07500-TECN,58,1
N26-072-07501-CHAR,69,1
N26-072-07501-CHAR,72,1
N26-072-07502-NEWB,69,1
N26-072-07502-NEWB,72,1
N26-055-07503-NINJ,49,1
N26-055-07503-NINJ,51,1
N26-055-07503-NINJ,55,1
N26-046-07504-JBLX,36,1
N26-046-07504-JBLX,39,1
N26-046-07504-JBLX,46,1
N26-046-07504-JBLX,96,1
N26-046-07504-JBLX,100,1
N26-047-07505-STER,36,1
N26-047-07505-STER,39,1
N26-047-07505-STER,47,1
N26-017-07506-ADID,1,1
N26-017-07506-ADID,4,1
N26-017-07506-ADID,17,1
N26-017-07506-ADID,96,1
N26-017-07506-ADID,98,1
N26-013-07507-CUID,1,1
N26-013-07507-CUID,2,1
N26-013-07507-CUID,13,1
N26-024-07508-CLAR,19,1
N26-024-07508-CLAR,20,1
N26-024-07508-CLAR,24,1
N26-024-07508-CLAR,96,1
N26-024-07508-CLAR,98,1
N26-012-07509-PULL,1,1
N26-012-07509-PULL,4,1
N26-012-07509-PULL,12,1
N26-013-07510-ADID,1,1
N26-013-07510-ADID,2,1
N26-013-07510-ADID,13,1
N26-083-07511-RAVE,77,1
N26-083-07511-RAVE,83,1
N26-095-07512-PURI,93,1
N26-095-07512-PURI,95,1
N26-078-07513-MIAL,77,1
N26-078-07513-MIAL,78,1
N26-078-07513-MIAL,96,1
N26-078-07513-MIAL,98,1
N26-017-07514-ADID,1,1
N26-017-07514-ADID,4,1
N26-017-07514-ADID,17,1
N26-026-07515-SKEC,19,1
N26-026-07515-SKEC,21,1
N26-026-07515-SKEC,26,1
N26-026-07516-FLEX,19,1
N26-026-07516-FLEX,21,1
N26-026-07516-FLEX,26,1
N26-031-07517-SEIK,28,1
N26-031-07517-SEIK,31,1
N26-091-07518-MIKE,89,1
N26-091-07518-MIKE,91,1
N26-009-07519-BABY,1,1
N26-009-07519-BABY,4,1
N26-009-07519-BABY,9,1
N26-009-07519-BABY,96,1
N26-009-07519-BABY,100,1
N26-046-07520-STER,36,1
N26-046-07520-STER,39,1
N26-046-07520-STER,46,1
N26-015-07521-MASS,1,1
N26-015-07521-MASS,3,1
N26-015-07521-MASS,15,1
N26-045-07522-BELK,36,1
N26-045-07522-BELK,38,1
N26-045-07522-BELK,45,1
N26-083-07523-HASB,77,1
N26-083-07523-HASB,83,1
N26-083-07523-HASB,96,1
N26-083-07523-HASB,97,1
N26-057-07524-GAIA,49,1
N26-057-07524-GAIA,52,1
N26-057-07524-GAIA,57,1
N26-047-07525-JBLX,36,1
N26-047-07525-JBLX,39,1
N26-047-07525-JBLX,47,1
N26-091-07526-MEGU,89,1
N26-091-07526-MEGU,91,1
N26-091-07526-MEGU,96,1
N26-091-07526-MEGU,97,1
N26-014-07527-CUID,1,1
N26-014-07527-CUID,2,1
N26-014-07527-CUID,14,1
N26-023-07528-PIRM,19,1
N26-023-07528-PIRM,20,1
N26-023-07528-PIRM,23,1
N26-072-07529-ADID,69,1
N26-072-07529-ADID,72,1
N26-010-07530-CHAR,1,1
N26-010-07530-CHAR,4,1
N26-010-07530-CHAR,10,1
N26-010-07530-CHAR,96,1
N26-010-07530-CHAR,97,1
N26-078-07531-MIAL,77,1
N26-078-07531-MIAL,78,1
N26-044-07532-APPL,36,1
N26-044-07532-APPL,38,1
N26-044-07532-APPL,44,1
N26-073-07533-GIAN,69,1
N26-073-07533-GIAN,73,1
N26-094-07534-NUPE,93,1
N26-094-07534-NUPE,94,1
N26-095-07535-HILL,93,1
N26-095-07535-HILL,95,1
N26-095-07535-HILL,96,1
N26-095-07535-HILL,99,1
N26-076-07536-NATU,69,1
N26-076-07536-NATU,76,1
N26-050-07537-TRAM,49,1
N26-050-07537-TRAM,50,1
N26-066-07538-REVL,60,1
N26-066-07538-REVL,61,1
N26-066-07538-REVL,66,1
N26-066-07538-REVL,96,1
N26-066-07538-REVL,97,1
N26-048-07539-PHIL,36,1
N26-048-07539-PHIL,40,1
N26-048-07539-PHIL,48,1
N26-018-07540-NIKE,1,1
N26-018-07540-NIKE,4,1
N26-018-07540-NIKE,18,1
N26-018-07540-NIKE,96,1
N26-018-07540-NIKE,97,1
N26-088-07541-SCRI,84,1
N26-088-07541-SCRI,86,1
N26-088-07541-SCRI,88,1
N26-068-07542-EUCE,60,1
N26-068-07542-EUCE,62,1
N26-068-07542-EUCE,68,1
N26-012-07543-ZARA,1,1
N26-012-07543-ZARA,4,1
N26-012-07543-ZARA,12,1
N26-073-07544-BENO,69,1
N26-073-07544-BENO,73,1
N26-073-07544-BENO,96,1
N26-073-07544-BENO,100,1
N26-015-07545-HMXX,1,1
N26-015-07545-HMXX,3,1
N26-015-07545-HMXX,15,1
N26-005-07546-MASS,1,1
N26-005-07546-MASS,2,1
N26-005-07546-MASS,5,1
N26-082-07547-STER,77,1
N26-082-07547-STER,80,1
N26-082-07547-STER,82,1
N26-011-07548-ZARA,1,1
N26-011-07548-ZARA,4,1
N26-011-07548-ZARA,11,1
N26-081-07549-NINT,77,1
N26-081-07549-NINT,80,1
N26-081-07549-NINT,81,1
N26-013-07550-HMXX,1,1
N26-013-07550-HMXX,2,1
N26-013-07550-HMXX,13,1
N26-005-07551-MASS,1,1
N26-005-07551-MASS,2,1
N26-005-07551-MASS,5,1
N26-073-07552-BENO,69,1
N26-073-07552-BENO,73,1
N26-073-07552-BENO,96,1
N26-073-07552-BENO,97,1
N26-011-07553-CAXX,1,1
N26-011-07553-CAXX,4,1
N26-011-07553-CAXX,11,1
N26-013-07554-CUID,1,1
N26-013-07554-CUID,2,1
N26-013-07554-CUID,13,1
N26-048-07555-LGXX,36,1
N26-048-07555-LGXX,40,1
N26-048-07555-LGXX,48,1
N26-046-07556-STER,36,1
N26-046-07556-STER,39,1
N26-046-07556-STER,46,1
N26-046-07556-STER,96,1
N26-046-07556-STER,97,1
N26-043-07557-LOGI,36,1
N26-043-07557-LOGI,37,1
N26-043-07557-LOGI,43,1
N26-032-07558-HAWK,28,1
N26-032-07558-HAWK,32,1
N26-075-07559-ADID,69,1
N26-075-07559-ADID,70,1
N26-075-07559-ADID,75,1
N26-043-07560-LOGI,36,1
N26-043-07560-LOGI,37,1
N26-043-07560-LOGI,43,1
N26-009-07561-HMXX,1,1
N26-009-07561-HMXX,4,1
N26-009-07561-HMXX,9,1
N26-033-07562-PUMA,28,1
N26-033-07562-PUMA,33,1
N26-005-07563-MASS,1,1
N26-005-07563-MASS,2,1
N26-005-07563-MASS,5,1
N26-058-07564-TECN,49,1
N26-058-07564-TECN,53,1
N26-058-07564-TECN,58,1
N26-041-07565-LANI,36,1
N26-041-07565-LANI,37,1
N26-041-07565-LANI,41,1
N26-043-07566-STER,36,1
N26-043-07566-STER,37,1
N26-043-07566-STER,43,1
N26-047-07567-STER,36,1
N26-047-07567-STER,39,1
N26-047-07567-STER,47,1
N26-047-07567-STER,96,1
N26-047-07567-STER,97,1
N26-033-07568-UNDE,28,1
N26-033-07568-UNDE,33,1
N26-033-07568-UNDE,96,1
N26-033-07568-UNDE,97,1
N26-095-07569-ROYA,93,1
N26-095-07569-ROYA,95,1
N26-047-07570-STER,36,1
N26-047-07570-STER,39,1
N26-047-07570-STER,47,1
N26-047-07570-STER,96,1
N26-047-07570-STER,98,1
N26-032-07571-OAKL,28,1
N26-032-07571-OAKL,32,1
N26-015-07572-CAXX,1,1
N26-015-07572-CAXX,3,1
N26-015-07572-CAXX,15,1
N26-015-07573-HMXX,1,1
N26-015-07573-HMXX,3,1
N26-015-07573-HMXX,15,1
N26-015-07573-HMXX,96,1
N26-015-07573-HMXX,99,1
N26-042-07574-ASUS,36,1
N26-042-07574-ASUS,37,1
N26-042-07574-ASUS,42,1
N26-035-07575-FOSS,28,1
N26-035-07575-FOSS,35,1
N26-035-07575-FOSS,96,1
N26-035-07575-FOSS,97,1
N26-008-07576-CUID,1,1
N26-008-07576-CUID,3,1
N26-008-07576-CUID,8,1
N26-073-07577-BENO,69,1
N26-073-07577-BENO,73,1
N26-005-07578-MASS,1,1
N26-005-07578-MASS,2,1
N26-005-07578-MASS,5,1
N26-032-07579-RAYB,28,1
N26-032-07579-RAYB,32,1
N26-042-07580-CRUC,36,1
N26-042-07580-CRUC,37,1
N26-042-07580-CRUC,42,1
N26-042-07580-CRUC,96,1
N26-042-07580-CRUC,100,1
N26-092-07581-MONR,89,1
N26-092-07581-MONR,92,1
N26-081-07582-NINT,77,1
N26-081-07582-NINT,80,1
N26-081-07582-NINT,81,1
N26-014-07583-DOCK,1,1
N26-014-07583-DOCK,2,1
N26-014-07583-DOCK,14,1
N26-014-07583-DOCK,96,1
N26-014-07583-DOCK,97,1
N26-057-07584-DICO,49,1
N26-057-07584-DICO,52,1
N26-057-07584-DICO,57,1
N26-057-07585-GAIA,49,1
N26-057-07585-GAIA,52,1
N26-057-07585-GAIA,57,1
N26-043-07586-RAZE,36,1
N26-043-07586-RAZE,37,1
N26-043-07586-RAZE,43,1
N26-008-07587-ZARA,1,1
N26-008-07587-ZARA,3,1
N26-008-07587-ZARA,8,1
N26-008-07587-ZARA,96,1
N26-008-07587-ZARA,99,1
N26-035-07588-FOSS,28,1
N26-035-07588-FOSS,35,1
N26-055-07589-HAMI,49,1
N26-055-07589-HAMI,51,1
N26-055-07589-HAMI,55,1
N26-024-07590-ROCK,19,1
N26-024-07590-ROCK,20,1
N26-024-07590-ROCK,24,1
N26-024-07590-ROCK,96,1
N26-024-07590-ROCK,97,1
N26-067-07591-NIVE,60,1
N26-067-07591-NIVE,62,1
N26-067-07591-NIVE,67,1
N26-067-07591-NIVE,96,1
N26-067-07591-NIVE,99,1
N26-029-07592-HERS,28,1
N26-029-07592-HERS,29,1
N26-029-07592-HERS,96,1
N26-029-07592-HERS,100,1
N26-018-07593-PIRM,1,1
N26-018-07593-PIRM,4,1
N26-018-07593-PIRM,18,1
N26-059-07594-SPRI,49,1
N26-059-07594-SPRI,54,1
N26-059-07594-SPRI,59,1
N26-005-07595-HUGO,1,1
N26-005-07595-HUGO,2,1
N26-005-07595-HUGO,5,1
N26-063-07596-GRIS,60,1
N26-063-07596-GRIS,63,1
N26-012-07597-CUID,1,1
N26-012-07597-CUID,4,1
N26-012-07597-CUID,12,1
N26-067-07598-GRIS,60,1
N26-067-07598-GRIS,62,1
N26-067-07598-GRIS,67,1
N26-035-07599-PINE,28,1
N26-035-07599-PINE,35,1
N26-082-07600-XBOX,77,1
N26-082-07600-XBOX,80,1
N26-082-07600-XBOX,82,1
N26-082-07600-XBOX,96,1
N26-082-07600-XBOX,97,1
N26-042-07601-ASUS,36,1
N26-042-07601-ASUS,37,1
N26-042-07601-ASUS,42,1
N26-066-07602-MAYB,60,1
N26-066-07602-MAYB,61,1
N26-066-07602-MAYB,66,1
N26-066-07602-MAYB,96,1
N26-066-07602-MAYB,100,1
N26-024-07603-CLAR,19,1
N26-024-07603-CLAR,20,1
N26-024-07603-CLAR,24,1
N26-024-07603-CLAR,96,1
N26-024-07603-CLAR,100,1
N26-067-07604-CERA,60,1
N26-067-07604-CERA,62,1
N26-067-07604-CERA,67,1
N26-046-07605-STER,36,1
N26-046-07605-STER,39,1
N26-046-07605-STER,46,1
N26-010-07606-PIRM,1,1
N26-010-07606-PIRM,4,1
N26-010-07606-PIRM,10,1
N26-094-07607-HILL,93,1
N26-094-07607-HILL,94,1
N26-081-07608-NINT,77,1
N26-081-07608-NINT,80,1
N26-081-07608-NINT,81,1
N26-091-07609-MIKE,89,1
N26-091-07609-MIKE,91,1
N26-091-07609-MIKE,96,1
N26-091-07609-MIKE,97,1
N26-072-07610-CHAR,69,1
N26-072-07610-CHAR,72,1
N26-081-07611-VALV,77,1
N26-081-07611-VALV,80,1
N26-081-07611-VALV,81,1
N26-063-07612-HEAD,60,1
N26-063-07612-HEAD,63,1
N26-011-07613-CART,1,1
N26-011-07613-CART,4,1
N26-011-07613-CART,11,1
N26-035-07614-TOMM,28,1
N26-035-07614-TOMM,35,1
N26-035-07614-TOMM,96,1
N26-035-07614-TOMM,97,1
N26-012-07615-PULL,1,1
N26-012-07615-PULL,4,1
N26-012-07615-PULL,12,1
N26-078-07616-MIAL,77,1
N26-078-07616-MIAL,78,1
N26-081-07617-PLAY,77,1
N26-081-07617-PLAY,80,1
N26-081-07617-PLAY,81,1
N26-042-07618-VORA,36,1
N26-042-07618-VORA,37,1
N26-042-07618-VORA,42,1
N26-042-07618-VORA,96,1
N26-042-07618-VORA,99,1
N26-024-07619-FLEX,19,1
N26-024-07619-FLEX,20,1
N26-024-07619-FLEX,24,1
N26-087-07620-PEAR,84,1
N26-087-07620-PEAR,85,1
N26-087-07620-PEAR,87,1
N26-073-07621-SPEC,69,1
N26-073-07621-SPEC,73,1
N26-024-07622-FLEX,19,1
N26-024-07622-FLEX,20,1
N26-024-07622-FLEX,24,1
N26-023-07623-PUMA,19,1
N26-023-07623-PUMA,20,1
N26-023-07623-PUMA,23,1
N26-044-07624-LANI,36,1
N26-044-07624-LANI,38,1
N26-044-07624-LANI,44,1
N26-005-07625-CUID,1,1
N26-005-07625-CUID,2,1
N26-005-07625-CUID,5,1
N26-075-07626-NIKE,69,1
N26-075-07626-NIKE,70,1
N26-075-07626-NIKE,75,1
N26-075-07626-NIKE,96,1
N26-075-07626-NIKE,98,1
N26-076-07627-QUEC,69,1
N26-076-07627-QUEC,76,1
N26-042-07628-VORA,36,1
N26-042-07628-VORA,37,1
N26-042-07628-VORA,42,1
N26-068-07629-LARO,60,1
N26-068-07629-LARO,62,1
N26-068-07629-LARO,68,1
N26-068-07629-LARO,96,1
N26-068-07629-LARO,98,1
N26-008-07630-BERS,1,1
N26-008-07630-BERS,3,1
N26-008-07630-BERS,8,1
N26-088-07631-SCRI,84,1
N26-088-07631-SCRI,86,1
N26-088-07631-SCRI,88,1
N26-005-07632-CUID,1,1
N26-005-07632-CUID,2,1
N26-005-07632-CUID,5,1
N26-095-07633-NUPE,93,1
N26-095-07633-NUPE,95,1
N26-095-07633-NUPE,96,1
N26-095-07633-NUPE,100,1
N26-035-07634-SAMS,28,1
N26-035-07634-SAMS,35,1
N26-035-07634-SAMS,96,1
N26-035-07634-SAMS,97,1
N26-023-07635-SKEC,19,1
N26-023-07635-SKEC,20,1
N26-023-07635-SKEC,23,1
N26-044-07636-MOTO,36,1
N26-044-07636-MOTO,38,1
N26-044-07636-MOTO,44,1
N26-059-07637-IKEA,49,1
N26-059-07637-IKEA,54,1
N26-059-07637-IKEA,59,1
N26-023-07638-ADID,19,1
N26-023-07638-ADID,20,1
N26-023-07638-ADID,23,1
N26-094-07639-NUPE,93,1
N26-094-07639-NUPE,94,1
N26-050-07640-VASC,49,1
N26-050-07640-VASC,50,1
N26-041-07641-LANI,36,1
N26-041-07641-LANI,37,1
N26-041-07641-LANI,41,1
N26-078-07642-CLEM,77,1
N26-078-07642-CLEM,78,1
N26-088-07643-PILO,84,1
N26-088-07643-PILO,86,1
N26-088-07643-PILO,88,1
N26-010-07644-CAXX,1,1
N26-010-07644-CAXX,4,1
N26-010-07644-CAXX,10,1
N26-042-07645-VORA,36,1
N26-042-07645-VORA,37,1
N26-042-07645-VORA,42,1
N26-059-07646-VIAN,49,1
N26-059-07646-VIAN,54,1
N26-059-07646-VIAN,59,1
N26-059-07646-VIAN,96,1
N26-059-07646-VIAN,97,1
N26-055-07647-MABE,49,1
N26-055-07647-MABE,51,1
N26-055-07647-MABE,55,1
N26-073-07648-BENO,69,1
N26-073-07648-BENO,73,1
N26-023-07649-CHAR,19,1
N26-023-07649-CHAR,20,1
N26-023-07649-CHAR,23,1
N26-071-07650-VOIT,69,1
N26-071-07650-VOIT,71,1
N26-075-07651-MAND,69,1
N26-075-07651-MAND,70,1
N26-075-07651-MAND,75,1
N26-081-07652-NINT,77,1
N26-081-07652-NINT,80,1
N26-081-07652-NINT,81,1
N26-035-07653-PINE,28,1
N26-035-07653-PINE,35,1
N26-018-07654-CHAR,1,1
N26-018-07654-CHAR,4,1
N26-018-07654-CHAR,18,1
N26-048-07655-SONY,36,1
N26-048-07655-SONY,40,1
N26-048-07655-SONY,48,1
N26-048-07655-SONY,96,1
N26-048-07655-SONY,97,1
N26-006-07656-ZARA,1,1
N26-006-07656-ZARA,2,1
N26-006-07656-ZARA,6,1
N26-083-07657-HASB,77,1
N26-083-07657-HASB,83,1
N26-047-07658-STER,36,1
N26-047-07658-STER,39,1
N26-047-07658-STER,47,1
N26-047-07658-STER,96,1
N26-047-07658-STER,99,1
N26-010-07659-CAXX,1,1
N26-010-07659-CAXX,4,1
N26-010-07659-CAXX,10,1
N26-010-07659-CAXX,96,1
N26-010-07659-CAXX,98,1
N26-058-07660-PHIL,49,1
N26-058-07660-PHIL,53,1
N26-058-07660-PHIL,58,1
N26-072-07661-CHAR,69,1
N26-072-07661-CHAR,72,1
N26-072-07661-CHAR,96,1
N26-072-07661-CHAR,98,1
N26-090-07662-MIKE,89,1
N26-090-07662-MIKE,90,1
N26-066-07663-BISS,60,1
N26-066-07663-BISS,61,1
N26-066-07663-BISS,66,1
N26-046-07664-STER,36,1
N26-046-07664-STER,39,1
N26-046-07664-STER,46,1
N26-031-07665-SEIK,28,1
N26-031-07665-SEIK,31,1
N26-057-07666-GAIA,49,1
N26-057-07666-GAIA,52,1
N26-057-07666-GAIA,57,1
N26-041-07667-ACER,36,1
N26-041-07667-ACER,37,1
N26-041-07667-ACER,41,1
N26-005-07668-CUID,1,1
N26-005-07668-CUID,2,1
N26-005-07668-CUID,5,1
N26-005-07668-CUID,96,1
N26-005-07668-CUID,98,1
N26-056-07669-KOBL,49,1
N26-056-07669-KOBL,51,1
N26-056-07669-KOBL,56,1
N26-095-07670-ROYA,93,1
N26-095-07670-ROYA,95,1
N26-030-07671-PINE,28,1
N26-030-07671-PINE,30,1
N26-030-07671-PINE,96,1
N26-030-07671-PINE,99,1
N26-041-07672-APPL,36,1
N26-041-07672-APPL,37,1
N26-041-07672-APPL,41,1
N26-078-07673-MIAL,77,1
N26-078-07673-MIAL,78,1
N26-081-07674-NINT,77,1
N26-081-07674-NINT,80,1
N26-081-07674-NINT,81,1
N26-031-07675-CITI,28,1
N26-031-07675-CITI,31,1
N26-026-07676-FLEX,19,1
N26-026-07676-FLEX,21,1
N26-026-07676-FLEX,26,1
N26-032-07677-OAKL,28,1
N26-032-07677-OAKL,32,1
N26-032-07677-OAKL,96,1
N26-032-07677-OAKL,97,1
N26-032-07678-OAKL,28,1
N26-032-07678-OAKL,32,1
N26-042-07679-CORS,36,1
N26-042-07679-CORS,37,1
N26-042-07679-CORS,42,1
N26-050-07680-VASC,49,1
N26-050-07680-VASC,50,1
N26-088-07681-PILO,84,1
N26-088-07681-PILO,86,1
N26-088-07681-PILO,88,1
N26-073-07682-SHIM,69,1
N26-073-07682-SHIM,73,1
N26-064-07683-CARO,60,1
N26-064-07683-CARO,64,1
N26-035-07684-PINE,28,1
N26-035-07684-PINE,35,1
N26-055-07685-KOBL,49,1
N26-055-07685-KOBL,51,1
N26-055-07685-KOBL,55,1
N26-055-07685-KOBL,96,1
N26-055-07685-KOBL,99,1
N26-031-07686-FOSS,28,1
N26-031-07686-FOSS,31,1
N26-046-07687-JBLX,36,1
N26-046-07687-JBLX,39,1
N26-046-07687-JBLX,46,1
N26-010-07688-PIRM,1,1
N26-010-07688-PIRM,4,1
N26-010-07688-PIRM,10,1
N26-042-07689-WEST,36,1
N26-042-07689-WEST,37,1
N26-042-07689-WEST,42,1
N26-048-07690-TCLX,36,1
N26-048-07690-TCLX,40,1
N26-048-07690-TCLX,48,1
N26-011-07691-CAXX,1,1
N26-011-07691-CAXX,4,1
N26-011-07691-CAXX,11,1
N26-064-07692-PAIP,60,1
N26-064-07692-PAIP,64,1
N26-016-07693-MANG,1,1
N26-016-07693-MANG,3,1
N26-016-07693-MANG,16,1
N26-092-07694-GONH,89,1
N26-092-07694-GONH,92,1
N26-014-07695-CUID,1,1
N26-014-07695-CUID,2,1
N26-014-07695-CUID,14,1
N26-025-07696-FLEX,19,1
N26-025-07696-FLEX,21,1
N26-025-07696-FLEX,25,1
N26-012-07697-CUID,1,1
N26-012-07697-CUID,4,1
N26-012-07697-CUID,12,1
N26-033-07698-PUMA,28,1
N26-033-07698-PUMA,33,1
N26-033-07698-PUMA,96,1
N26-033-07698-PUMA,99,1
N26-078-07699-LEGO,77,1
N26-078-07699-LEGO,78,1
N26-078-07699-LEGO,96,1
N26-078-07699-LEGO,97,1
N26-047-07700-STER,36,1
N26-047-07700-STER,39,1
N26-047-07700-STER,47,1
N26-081-07701-XBOX,77,1
N26-081-07701-XBOX,80,1
N26-081-07701-XBOX,81,1
N26-081-07701-XBOX,96,1
N26-081-07701-XBOX,97,1
N26-018-07702-CHAR,1,1
N26-018-07702-CHAR,4,1
N26-018-07702-CHAR,18,1
N26-048-07703-LGXX,36,1
N26-048-07703-LGXX,40,1
N26-048-07703-LGXX,48,1
N26-048-07704-TCLX,36,1
N26-048-07704-TCLX,40,1
N26-048-07704-TCLX,48,1
N26-048-07704-TCLX,96,1
N26-048-07704-TCLX,97,1
N26-073-07705-GIAN,69,1
N26-073-07705-GIAN,73,1
N26-027-07706-ADID,19,1
N26-027-07706-ADID,22,1
N26-027-07706-ADID,27,1
N26-027-07706-ADID,96,1
N26-027-07706-ADID,100,1
N26-012-07707-CUID,1,1
N26-012-07707-CUID,4,1
N26-012-07707-CUID,12,1
N26-026-07708-FLEX,19,1
N26-026-07708-FLEX,21,1
N26-026-07708-FLEX,26,1
N26-007-07709-HMXX,1,1
N26-007-07709-HMXX,3,1
N26-007-07709-HMXX,7,1
N26-041-07710-LANI,36,1
N26-041-07710-LANI,37,1
N26-041-07710-LANI,41,1
N26-043-07711-LOGI,36,1
N26-043-07711-LOGI,37,1
N26-043-07711-LOGI,43,1
N26-055-07712-KOBL,49,1
N26-055-07712-KOBL,51,1
N26-055-07712-KOBL,55,1
N26-010-07713-CHAR,1,1
N26-010-07713-CHAR,4,1
N26-010-07713-CHAR,10,1
N26-025-07714-FLEX,19,1
N26-025-07714-FLEX,21,1
N26-025-07714-FLEX,25,1
N26-059-07715-VIAN,49,1
N26-059-07715-VIAN,54,1
N26-059-07715-VIAN,59,1
N26-059-07715-VIAN,96,1
N26-059-07715-VIAN,97,1
N26-009-07716-GERB,1,1
N26-009-07716-GERB,4,1
N26-009-07716-GERB,9,1
N26-026-07717-CATE,19,1
N26-026-07717-CATE,21,1
N26-026-07717-CATE,26,1
N26-065-07718-BISS,60,1
N26-065-07718-BISS,61,1
N26-065-07718-BISS,65,1
N26-065-07718-BISS,96,1
N26-065-07718-BISS,100,1
N26-015-07719-MANG,1,1
N26-015-07719-MANG,3,1
N26-015-07719-MANG,15,1
N26-087-07720-PACK,84,1
N26-087-07720-PACK,85,1
N26-087-07720-PACK,87,1
N26-034-07721-DOCK,28,1
N26-034-07721-DOCK,34,1
N26-063-07722-LORA,60,1
N26-063-07722-LORA,63,1
N26-079-07723-MATT,77,1
N26-079-07723-MATT,79,1
N26-057-07724-IKEA,49,1
N26-057-07724-IKEA,52,1
N26-057-07724-IKEA,57,1
N26-075-07725-NIKE,69,1
N26-075-07725-NIKE,70,1
N26-075-07725-NIKE,75,1
N26-011-07726-CART,1,1
N26-011-07726-CART,4,1
N26-011-07726-CART,11,1
N26-083-07727-HASB,77,1
N26-083-07727-HASB,83,1
N26-009-07728-CAXX,1,1
N26-009-07728-CAXX,4,1
N26-009-07728-CAXX,9,1
N26-010-07729-CHAR,1,1
N26-010-07729-CHAR,4,1
N26-010-07729-CHAR,10,1
N26-081-07730-PLAY,77,1
N26-081-07730-PLAY,80,1
N26-081-07730-PLAY,81,1
N26-025-07731-FLEX,19,1
N26-025-07731-FLEX,21,1
N26-025-07731-FLEX,25,1
N26-034-07732-LEVI,28,1
N26-034-07732-LEVI,34,1
N26-025-07733-FLEX,19,1
N26-025-07733-FLEX,21,1
N26-025-07733-FLEX,25,1
N26-090-07734-MIKE,89,1
N26-090-07734-MIKE,90,1
N26-064-07735-NATU,60,1
N26-064-07735-NATU,64,1
N26-064-07735-NATU,96,1
N26-064-07735-NATU,98,1
N26-090-07736-3MXX,89,1
N26-090-07736-3MXX,90,1
N26-057-07737-BOCO,49,1
N26-057-07737-BOCO,52,1
N26-057-07737-BOCO,57,1
N26-057-07737-BOCO,96,1
N26-057-07737-BOCO,99,1
N26-068-07738-GRIS,60,1
N26-068-07738-GRIS,62,1
N26-068-07738-GRIS,68,1
N26-081-07739-XBOX,77,1
N26-081-07739-XBOX,80,1
N26-081-07739-XBOX,81,1
N26-027-07740-CART,19,1
N26-027-07740-CART,22,1
N26-027-07740-CART,27,1
N26-046-07741-STER,36,1
N26-046-07741-STER,39,1
N26-046-07741-STER,46,1
N26-074-07742-EVER,69,1
N26-074-07742-EVER,70,1
N26-074-07742-EVER,74,1
N26-047-07743-MARS,36,1
N26-047-07743-MARS,39,1
N26-047-07743-MARS,47,1
N26-072-07744-CHAR,69,1
N26-072-07744-CHAR,72,1
N26-055-07745-MABE,49,1
N26-055-07745-MABE,51,1
N26-055-07745-MABE,55,1
N26-090-07746-3MXX,89,1
N26-090-07746-3MXX,90,1
N26-032-07747-OAKL,28,1
N26-032-07747-OAKL,32,1
N26-027-07748-HAVA,19,1
N26-027-07748-HAVA,22,1
N26-027-07748-HAVA,27,1
N26-066-07749-BISS,60,1
N26-066-07749-BISS,61,1
N26-066-07749-BISS,66,1
N26-063-07750-PANT,60,1
N26-063-07750-PANT,63,1
N26-057-07751-IKEA,49,1
N26-057-07751-IKEA,52,1
N26-057-07751-IKEA,57,1
N26-068-07752-NIVE,60,1
N26-068-07752-NIVE,62,1
N26-068-07752-NIVE,68,1
N26-073-07753-BENO,69,1
N26-073-07753-BENO,73,1
N26-075-07754-ADID,69,1
N26-075-07754-ADID,70,1
N26-075-07754-ADID,75,1
N26-024-07755-ALDO,19,1
N26-024-07755-ALDO,20,1
N26-024-07755-ALDO,24,1
N26-024-07755-ALDO,96,1
N26-024-07755-ALDO,100,1
N26-056-07756-KOBL,49,1
N26-056-07756-KOBL,51,1
N26-056-07756-KOBL,56,1
N26-065-07757-MACX,60,1
N26-065-07757-MACX,61,1
N26-065-07757-MACX,65,1
N26-046-07758-APPL,36,1
N26-046-07758-APPL,39,1
N26-046-07758-APPL,46,1
N26-014-07759-CUID,1,1
N26-014-07759-CUID,2,1
N26-014-07759-CUID,14,1
N26-008-07760-CUID,1,1
N26-008-07760-CUID,3,1
N26-008-07760-CUID,8,1
N26-010-07761-CAXX,1,1
N26-010-07761-CAXX,4,1
N26-010-07761-CAXX,10,1
N26-057-07762-GAIA,49,1
N26-057-07762-GAIA,52,1
N26-057-07762-GAIA,57,1
N26-057-07762-GAIA,96,1
N26-057-07762-GAIA,98,1
N26-046-07763-STER,36,1
N26-046-07763-STER,39,1
N26-046-07763-STER,46,1
N26-015-07764-MANG,1,1
N26-015-07764-MANG,3,1
N26-015-07764-MANG,15,1
N26-010-07765-CART,1,1
N26-010-07765-CART,4,1
N26-010-07765-CART,10,1
N26-006-07766-CUID,1,1
N26-006-07766-CUID,2,1
N26-006-07766-CUID,6,1
N26-006-07766-CUID,96,1
N26-006-07766-CUID,100,1
N26-012-07767-CUID,1,1
N26-012-07767-CUID,4,1
N26-012-07767-CUID,12,1
N26-076-07768-OZAR,69,1
N26-076-07768-OZAR,76,1
N26-078-07769-MIAL,77,1
N26-078-07769-MIAL,78,1
N26-079-07770-LEGO,77,1
N26-079-07770-LEGO,79,1
N26-046-07771-APPL,36,1
N26-046-07771-APPL,39,1
N26-046-07771-APPL,46,1
N26-065-07772-BISS,60,1
N26-065-07772-BISS,61,1
N26-065-07772-BISS,65,1
N26-091-07773-MIKE,89,1
N26-091-07773-MIKE,91,1
N26-095-07774-HILL,93,1
N26-095-07774-HILL,95,1
N26-059-07775-HOME,49,1
N26-059-07775-HOME,54,1
N26-059-07775-HOME,59,1
N26-023-07776-PANA,19,1
N26-023-07776-PANA,20,1
N26-023-07776-PANA,23,1
N26-023-07776-PANA,96,1
N26-023-07776-PANA,99,1
N26-068-07777-GRIS,60,1
N26-068-07777-GRIS,62,1
N26-068-07777-GRIS,68,1
N26-068-07777-GRIS,96,1
N26-068-07777-GRIS,97,1
N26-008-07778-ZARA,1,1
N26-008-07778-ZARA,3,1
N26-008-07778-ZARA,8,1
N26-071-07779-PIRM,69,1
N26-071-07779-PIRM,71,1
N26-025-07780-FLEX,19,1
N26-025-07780-FLEX,21,1
N26-025-07780-FLEX,25,1
N26-067-07781-GRIS,60,1
N26-067-07781-GRIS,62,1
N26-067-07781-GRIS,67,1
N26-067-07782-GRIS,60,1
N26-067-07782-GRIS,62,1
N26-067-07782-GRIS,67,1
N26-063-07783-GRIS,60,1
N26-063-07783-GRIS,63,1
N26-010-07784-PIRM,1,1
N26-010-07784-PIRM,4,1
N26-010-07784-PIRM,10,1
N26-006-07785-HMXX,1,1
N26-006-07785-HMXX,2,1
N26-006-07785-HMXX,6,1
N26-078-07786-MIAL,77,1
N26-078-07786-MIAL,78,1
N26-078-07786-MIAL,96,1
N26-078-07786-MIAL,100,1
N26-087-07787-MCGR,84,1
N26-087-07787-MCGR,85,1
N26-087-07787-MCGR,87,1
N26-050-07788-KITC,49,1
N26-050-07788-KITC,50,1
N26-074-07789-BOWF,69,1
N26-074-07789-BOWF,70,1
N26-074-07789-BOWF,74,1
N26-048-07790-SAMS,36,1
N26-048-07790-SAMS,40,1
N26-048-07790-SAMS,48,1
N26-008-07791-HMXX,1,1
N26-008-07791-HMXX,3,1
N26-008-07791-HMXX,8,1
N26-012-07792-HMXX,1,1
N26-012-07792-HMXX,4,1
N26-012-07792-HMXX,12,1
N26-067-07793-GRIS,60,1
N26-067-07793-GRIS,62,1
N26-067-07793-GRIS,67,1
N26-078-07794-LEGO,77,1
N26-078-07794-LEGO,78,1
N26-024-07795-FLEX,19,1
N26-024-07795-FLEX,20,1
N26-024-07795-FLEX,24,1
N26-024-07795-FLEX,96,1
N26-024-07795-FLEX,100,1
N26-043-07796-MICR,36,1
N26-043-07796-MICR,37,1
N26-043-07796-MICR,43,1
N26-043-07796-MICR,96,1
N26-043-07796-MICR,100,1
N26-090-07797-MICH,89,1
N26-090-07797-MICH,90,1
N26-090-07797-MICH,96,1
N26-090-07797-MICH,98,1
N26-057-07798-GAIA,49,1
N26-057-07798-GAIA,52,1
N26-057-07798-GAIA,57,1
N26-057-07799-DICO,49,1
N26-057-07799-DICO,52,1
N26-057-07799-DICO,57,1
N26-057-07799-DICO,96,1
N26-057-07799-DICO,100,1
N26-088-07800-BICX,84,1
N26-088-07800-BICX,86,1
N26-088-07800-BICX,88,1
N26-057-07801-BOCO,49,1
N26-057-07801-BOCO,52,1
N26-057-07801-BOCO,57,1
N26-057-07801-BOCO,96,1
N26-057-07801-BOCO,98,1
N26-008-07802-CUID,1,1
N26-008-07802-CUID,3,1
N26-008-07802-CUID,8,1
N26-008-07802-CUID,96,1
N26-008-07802-CUID,99,1
N26-058-07803-PHIL,49,1
N26-058-07803-PHIL,53,1
N26-058-07803-PHIL,58,1
N26-011-07804-CAXX,1,1
N26-011-07804-CAXX,4,1
N26-011-07804-CAXX,11,1
N26-074-07805-DECA,69,1
N26-074-07805-DECA,70,1
N26-074-07805-DECA,74,1
N26-073-07806-SHIM,69,1
N26-073-07806-SHIM,73,1
N26-073-07806-SHIM,96,1
N26-073-07806-SHIM,97,1
N26-042-07807-VORA,36,1
N26-042-07807-VORA,37,1
N26-042-07807-VORA,42,1
N26-030-07808-TOUS,28,1
N26-030-07808-TOUS,30,1
N26-076-07809-QUEC,69,1
N26-076-07809-QUEC,76,1
N26-076-07809-QUEC,96,1
N26-076-07809-QUEC,98,1
N26-017-07810-CUID,1,1
N26-017-07810-CUID,4,1
N26-017-07810-CUID,17,1
N26-067-07811-GRIS,60,1
N26-067-07811-GRIS,62,1
N26-067-07811-GRIS,67,1
N26-009-07812-CAXX,1,1
N26-009-07812-CAXX,4,1
N26-009-07812-CAXX,9,1
N26-048-07813-PHIL,36,1
N26-048-07813-PHIL,40,1
N26-048-07813-PHIL,48,1
N26-048-07813-PHIL,96,1
N26-048-07813-PHIL,99,1
N26-045-07814-OTTE,36,1
N26-045-07814-OTTE,38,1
N26-045-07814-OTTE,45,1
N26-050-07815-EKCO,49,1
N26-050-07815-EKCO,50,1
N26-083-07816-HASB,77,1
N26-083-07816-HASB,83,1
N26-057-07817-GAIA,49,1
N26-057-07817-GAIA,52,1
N26-057-07817-GAIA,57,1
N26-076-07818-COLE,69,1
N26-076-07818-COLE,76,1
N26-076-07818-COLE,96,1
N26-076-07818-COLE,97,1
N26-030-07819-PINE,28,1
N26-030-07819-PINE,30,1
N26-030-07819-PINE,96,1
N26-030-07819-PINE,100,1
N26-030-07820-SWAR,28,1
N26-030-07820-SWAR,30,1
N26-013-07821-CUID,1,1
N26-013-07821-CUID,2,1
N26-013-07821-CUID,13,1
N26-047-07822-STER,36,1
N26-047-07822-STER,39,1
N26-047-07822-STER,47,1
N26-005-07823-MASS,1,1
N26-005-07823-MASS,2,1
N26-005-07823-MASS,5,1
N26-015-07824-MASS,1,1
N26-015-07824-MASS,3,1
N26-015-07824-MASS,15,1
N26-078-07825-MIAL,77,1
N26-078-07825-MIAL,78,1
N26-033-07826-PUMA,28,1
N26-033-07826-PUMA,33,1
N26-091-07827-MIKE,89,1
N26-091-07827-MIKE,91,1
N26-082-07828-PLAY,77,1
N26-082-07828-PLAY,80,1
N26-082-07828-PLAY,82,1
N26-009-07829-CART,1,1
N26-009-07829-CART,4,1
N26-009-07829-CART,9,1
N26-073-07830-GIAN,69,1
N26-073-07830-GIAN,73,1
N26-075-07831-ADID,69,1
N26-075-07831-ADID,70,1
N26-075-07831-ADID,75,1
N26-075-07831-ADID,96,1
N26-075-07831-ADID,99,1
N26-072-07832-CHAR,69,1
N26-072-07832-CHAR,72,1
N26-073-07833-TREK,69,1
N26-073-07833-TREK,73,1
N26-010-07834-CHAR,1,1
N26-010-07834-CHAR,4,1
N26-010-07834-CHAR,10,1
N26-026-07835-FLEX,19,1
N26-026-07835-FLEX,21,1
N26-026-07835-FLEX,26,1
N26-027-07836-HAVA,19,1
N26-027-07836-HAVA,22,1
N26-027-07836-HAVA,27,1
N26-045-07837-STER,36,1
N26-045-07837-STER,38,1
N26-045-07837-STER,45,1
N26-035-07838-FOSS,28,1
N26-035-07838-FOSS,35,1
N26-067-07839-NEUT,60,1
N26-067-07839-NEUT,62,1
N26-067-07839-NEUT,67,1
N26-058-07840-IKEA,49,1
N26-058-07840-IKEA,53,1
N26-058-07840-IKEA,58,1
N26-006-07841-CUID,1,1
N26-006-07841-CUID,2,1
N26-006-07841-CUID,6,1
N26-006-07841-CUID,96,1
N26-006-07841-CUID,99,1
N26-081-07842-VALV,77,1
N26-081-07842-VALV,80,1
N26-081-07842-VALV,81,1
N26-045-07843-BELK,36,1
N26-045-07843-BELK,38,1
N26-045-07843-BELK,45,1
N26-045-07843-BELK,96,1
N26-045-07843-BELK,98,1
N26-024-07844-FLEX,19,1
N26-024-07844-FLEX,20,1
N26-024-07844-FLEX,24,1
N26-035-07845-COAC,28,1
N26-035-07845-COAC,35,1
N26-012-07846-HMXX,1,1
N26-012-07846-HMXX,4,1
N26-012-07846-HMXX,12,1
N26-032-07847-POLA,28,1
N26-032-07847-POLA,32,1
N26-079-07848-DIST,77,1
N26-079-07848-DIST,79,1
N26-094-07849-ROYA,93,1
N26-094-07849-ROYA,94,1
N26-095-07850-NUPE,93,1
N26-095-07850-NUPE,95,1
N26-095-07850-NUPE,96,1
N26-095-07850-NUPE,99,1
N26-044-07851-LANI,36,1
N26-044-07851-LANI,38,1
N26-044-07851-LANI,44,1
N26-013-07852-CUID,1,1
N26-013-07852-CUID,2,1
N26-013-07852-CUID,13,1
N26-087-07853-PACK,84,1
N26-087-07853-PACK,85,1
N26-087-07853-PACK,87,1
N26-087-07853-PACK,96,1
N26-087-07853-PACK,100,1
N26-059-07854-IKEA,49,1
N26-059-07854-IKEA,54,1
N26-059-07854-IKEA,59,1
N26-059-07854-IKEA,96,1
N26-059-07854-IKEA,97,1
N26-009-07855-CART,1,1
N26-009-07855-CART,4,1
N26-009-07855-CART,9,1
N26-009-07855-CART,96,1
N26-009-07855-CART,97,1
N26-048-07856-SONY,36,1
N26-048-07856-SONY,40,1
N26-048-07856-SONY,48,1
N26-073-07857-SPEC,69,1
N26-073-07857-SPEC,73,1
N26-073-07857-SPEC,96,1
N26-073-07857-SPEC,100,1
N26-030-07858-PAND,28,1
N26-030-07858-PAND,30,1
N26-030-07858-PAND,96,1
N26-030-07858-PAND,99,1
N26-007-07859-CUID,1,1
N26-007-07859-CUID,3,1
N26-007-07859-CUID,7,1
N26-076-07860-THEN,69,1
N26-076-07860-THEN,76,1
N26-076-07860-THEN,96,1
N26-076-07860-THEN,99,1
N26-018-07861-NIKE,1,1
N26-018-07861-NIKE,4,1
N26-018-07861-NIKE,18,1
N26-074-07862-BOWF,69,1
N26-074-07862-BOWF,70,1
N26-074-07862-BOWF,74,1
N26-044-07863-MOTO,36,1
N26-044-07863-MOTO,38,1
N26-044-07863-MOTO,44,1
N26-082-07864-STER,77,1
N26-082-07864-STER,80,1
N26-082-07864-STER,82,1
N26-082-07864-STER,96,1
N26-082-07864-STER,99,1
N26-079-07865-DIST,77,1
N26-079-07865-DIST,79,1
N26-079-07865-DIST,96,1
N26-079-07865-DIST,97,1
N26-076-07866-OZAR,69,1
N26-076-07866-OZAR,76,1
N26-090-07867-MIKE,89,1
N26-090-07867-MIKE,90,1
N26-005-07868-HUGO,1,1
N26-005-07868-HUGO,2,1
N26-005-07868-HUGO,5,1
N26-075-07869-VOIT,69,1
N26-075-07869-VOIT,70,1
N26-075-07869-VOIT,75,1
N26-075-07869-VOIT,96,1
N26-075-07869-VOIT,98,1
N26-034-07870-DOCK,28,1
N26-034-07870-DOCK,34,1
N26-041-07871-LANI,36,1
N26-041-07871-LANI,37,1
N26-041-07871-LANI,41,1
N26-041-07871-LANI,96,1
N26-041-07871-LANI,97,1
N26-068-07872-LARO,60,1
N26-068-07872-LARO,62,1
N26-068-07872-LARO,68,1
N26-072-07873-ADID,69,1
N26-072-07873-ADID,72,1
N26-029-07874-PINE,28,1
N26-029-07874-PINE,29,1
N26-029-07874-PINE,96,1
N26-029-07874-PINE,100,1
N26-047-07875-STER,36,1
N26-047-07875-STER,39,1
N26-047-07875-STER,47,1
N26-047-07875-STER,96,1
N26-047-07875-STER,98,1
N26-031-07876-HUAW,28,1
N26-031-07876-HUAW,31,1
N26-081-07877-NINT,77,1
N26-081-07877-NINT,80,1
N26-081-07877-NINT,81,1
N26-005-07878-DOCK,1,1
N26-005-07878-DOCK,2,1
N26-005-07878-DOCK,5,1
N26-088-07879-SCRI,84,1
N26-088-07879-SCRI,86,1
N26-088-07879-SCRI,88,1
N26-082-07880-LOGI,77,1
N26-082-07880-LOGI,80,1
N26-082-07880-LOGI,82,1
N26-027-07881-ADID,19,1
N26-027-07881-ADID,22,1
N26-027-07881-ADID,27,1
N26-087-07882-PORR,84,1
N26-087-07882-PORR,85,1
N26-087-07882-PORR,87,1
N26-025-07883-STEV,19,1
N26-025-07883-STEV,21,1
N26-025-07883-STEV,25,1
N26-087-07884-PORR,84,1
N26-087-07884-PORR,85,1
N26-087-07884-PORR,87,1
N26-050-07885-VASC,49,1
N26-050-07885-VASC,50,1
N26-050-07885-VASC,96,1
N26-050-07885-VASC,100,1
N26-087-07886-PACK,84,1
N26-087-07886-PACK,85,1
N26-087-07886-PACK,87,1
N26-012-07887-HMXX,1,1
N26-012-07887-HMXX,4,1
N26-012-07887-HMXX,12,1
N26-071-07888-PUMA,69,1
N26-071-07888-PUMA,71,1
N26-071-07888-PUMA,96,1
N26-071-07888-PUMA,98,1
N26-095-07889-HILL,93,1
N26-095-07889-HILL,95,1
N26-056-07890-OSTE,49,1
N26-056-07890-OSTE,51,1
N26-056-07890-OSTE,56,1
N26-050-07891-TRAM,49,1
N26-050-07891-TRAM,50,1
N26-075-07892-VOIT,69,1
N26-075-07892-VOIT,70,1
N26-075-07892-VOIT,75,1
N26-075-07892-VOIT,96,1
N26-075-07892-VOIT,99,1
N26-057-07893-BOCO,49,1
N26-057-07893-BOCO,52,1
N26-057-07893-BOCO,57,1
N26-057-07893-BOCO,96,1
N26-057-07893-BOCO,100,1
N26-031-07894-HUAW,28,1
N26-031-07894-HUAW,31,1
N26-005-07895-CUID,1,1
N26-005-07895-CUID,2,1
N26-005-07895-CUID,5,1
N26-079-07896-DIST,77,1
N26-079-07896-DIST,79,1
N26-079-07896-DIST,96,1
N26-079-07896-DIST,100,1
N26-056-07897-HAMI,49,1
N26-056-07897-HAMI,51,1
N26-056-07897-HAMI,56,1
N26-050-07898-VASC,49,1
N26-050-07898-VASC,50,1
N26-059-07899-SPRI,49,1
N26-059-07899-SPRI,54,1
N26-059-07899-SPRI,59,1
N26-006-07900-CUID,1,1
N26-006-07900-CUID,2,1
N26-006-07900-CUID,6,1
N26-083-07901-RAVE,77,1
N26-083-07901-RAVE,83,1
N26-057-07902-ASHL,49,1
N26-057-07902-ASHL,52,1
N26-057-07902-ASHL,57,1
N26-057-07902-ASHL,96,1
N26-057-07902-ASHL,97,1
N26-068-07903-GRIS,60,1
N26-068-07903-GRIS,62,1
N26-068-07903-GRIS,68,1
N26-082-07904-LOGI,77,1
N26-082-07904-LOGI,80,1
N26-082-07904-LOGI,82,1
N26-025-07905-STEV,19,1
N26-025-07905-STEV,21,1
N26-025-07905-STEV,25,1
N26-076-07906-COLE,69,1
N26-076-07906-COLE,76,1
N26-076-07906-COLE,96,1
N26-076-07906-COLE,97,1
N26-095-07907-HILL,93,1
N26-095-07907-HILL,95,1
N26-090-07908-BOSC,89,1
N26-090-07908-BOSC,90,1
N26-090-07908-BOSC,96,1
N26-090-07908-BOSC,100,1
N26-042-07909-VORA,36,1
N26-042-07909-VORA,37,1
N26-042-07909-VORA,42,1
N26-046-07910-JBLX,36,1
N26-046-07910-JBLX,39,1
N26-046-07910-JBLX,46,1
N26-071-07911-NIKE,69,1
N26-071-07911-NIKE,71,1
N26-045-07912-BELK,36,1
N26-045-07912-BELK,38,1
N26-045-07912-BELK,45,1
N26-045-07912-BELK,96,1
N26-045-07912-BELK,98,1
N26-072-07913-CHAR,69,1
N26-072-07913-CHAR,72,1
N26-042-07914-VORA,36,1
N26-042-07914-VORA,37,1
N26-042-07914-VORA,42,1
N26-042-07914-VORA,96,1
N26-042-07914-VORA,98,1
N26-011-07915-CHAR,1,1
N26-011-07915-CHAR,4,1
N26-011-07915-CHAR,11,1
N26-011-07915-CHAR,96,1
N26-011-07915-CHAR,97,1
N26-005-07916-CUID,1,1
N26-005-07916-CUID,2,1
N26-005-07916-CUID,5,1
N26-087-07917-PACK,84,1
N26-087-07917-PACK,85,1
N26-087-07917-PACK,87,1
N26-073-07918-GIAN,69,1
N26-073-07918-GIAN,73,1
N26-065-07919-NYXX,60,1
N26-065-07919-NYXX,61,1
N26-065-07919-NYXX,65,1
N26-045-07920-ESRX,36,1
N26-045-07920-ESRX,38,1
N26-045-07920-ESRX,45,1
N26-027-07921-HAVA,19,1
N26-027-07921-HAVA,22,1
N26-027-07921-HAVA,27,1
N26-071-07922-CHAR,69,1
N26-071-07922-CHAR,71,1
N26-090-07923-ARMO,89,1
N26-090-07923-ARMO,90,1
N26-034-07924-PINE,28,1
N26-034-07924-PINE,34,1
N26-031-07925-CITI,28,1
N26-031-07925-CITI,31,1
N26-007-07926-MANG,1,1
N26-007-07926-MANG,3,1
N26-007-07926-MANG,7,1
N26-047-07927-STER,36,1
N26-047-07927-STER,39,1
N26-047-07927-STER,47,1
N26-079-07928-MATT,77,1
N26-079-07928-MATT,79,1
N26-007-07929-MANG,1,1
N26-007-07929-MANG,3,1
N26-007-07929-MANG,7,1
N26-076-07930-OZAR,69,1
N26-076-07930-OZAR,76,1
N26-076-07930-OZAR,96,1
N26-076-07930-OZAR,97,1
N26-075-07931-VOIT,69,1
N26-075-07931-VOIT,70,1
N26-075-07931-VOIT,75,1
N26-030-07932-SWAR,28,1
N26-030-07932-SWAR,30,1
N26-042-07933-ASUS,36,1
N26-042-07933-ASUS,37,1
N26-042-07933-ASUS,42,1
N26-025-07934-FLEX,19,1
N26-025-07934-FLEX,21,1
N26-025-07934-FLEX,25,1
N26-043-07935-VORA,36,1
N26-043-07935-VORA,37,1
N26-043-07935-VORA,43,1
N26-030-07936-PAND,28,1
N26-030-07936-PAND,30,1
N26-006-07937-CUID,1,1
N26-006-07937-CUID,2,1
N26-006-07937-CUID,6,1
N26-095-07938-WHIS,93,1
N26-095-07938-WHIS,95,1
N26-042-07939-CORS,36,1
N26-042-07939-CORS,37,1
N26-042-07939-CORS,42,1
N26-088-07940-SCRI,84,1
N26-088-07940-SCRI,86,1
N26-088-07940-SCRI,88,1
N26-088-07940-SCRI,96,1
N26-088-07940-SCRI,98,1
N26-057-07941-GAIA,49,1
N26-057-07941-GAIA,52,1
N26-057-07941-GAIA,57,1
N26-027-07942-CART,19,1
N26-027-07942-CART,22,1
N26-027-07942-CART,27,1
N26-018-07943-UNDE,1,1
N26-018-07943-UNDE,4,1
N26-018-07943-UNDE,18,1
N26-066-07944-BISS,60,1
N26-066-07944-BISS,61,1
N26-066-07944-BISS,66,1
N26-034-07945-LEVI,28,1
N26-034-07945-LEVI,34,1
N26-083-07946-ASMO,77,1
N26-083-07946-ASMO,83,1
N26-072-07947-CHAR,69,1
N26-072-07947-CHAR,72,1
N26-072-07947-CHAR,96,1
N26-072-07947-CHAR,100,1
N26-055-07948-MABE,49,1
N26-055-07948-MABE,51,1
N26-055-07948-MABE,55,1
N26-055-07948-MABE,96,1
N26-055-07948-MABE,99,1
N26-082-07949-STER,77,1
N26-082-07949-STER,80,1
N26-082-07949-STER,82,1
N26-029-07950-PINE,28,1
N26-029-07950-PINE,29,1
N26-075-07951-GAIA,69,1
N26-075-07951-GAIA,70,1
N26-075-07951-GAIA,75,1
N26-075-07951-GAIA,96,1
N26-075-07951-GAIA,99,1
N26-008-07952-BERS,1,1
N26-008-07952-BERS,3,1
N26-008-07952-BERS,8,1
N26-065-07953-MAYB,60,1
N26-065-07953-MAYB,61,1
N26-065-07953-MAYB,65,1
N26-065-07953-MAYB,96,1
N26-065-07953-MAYB,97,1
N26-015-07954-MANG,1,1
N26-015-07954-MANG,3,1
N26-015-07954-MANG,15,1
N26-017-07955-ADID,1,1
N26-017-07955-ADID,4,1
N26-017-07955-ADID,17,1
N26-027-07956-CROC,19,1
N26-027-07956-CROC,22,1
N26-027-07956-CROC,27,1
N26-027-07956-CROC,96,1
N26-027-07956-CROC,98,1
N26-047-07957-SONY,36,1
N26-047-07957-SONY,39,1
N26-047-07957-SONY,47,1
N26-041-07958-LANI,36,1
N26-041-07958-LANI,37,1
N26-041-07958-LANI,41,1
N26-009-07959-BABY,1,1
N26-009-07959-BABY,4,1
N26-009-07959-BABY,9,1
N26-005-07960-LEVI,1,1
N26-005-07960-LEVI,2,1
N26-005-07960-LEVI,5,1
N26-082-07961-STER,77,1
N26-082-07961-STER,80,1
N26-082-07961-STER,82,1
N26-043-07962-RAZE,36,1
N26-043-07962-RAZE,37,1
N26-043-07962-RAZE,43,1
N26-050-07963-VASC,49,1
N26-050-07963-VASC,50,1
N26-050-07963-VASC,96,1
N26-050-07963-VASC,97,1
N26-067-07964-LARO,60,1
N26-067-07964-LARO,62,1
N26-067-07964-LARO,67,1
N26-014-07965-ZARA,1,1
N26-014-07965-ZARA,2,1
N26-014-07965-ZARA,14,1
N26-014-07965-ZARA,96,1
N26-014-07965-ZARA,99,1
N26-063-07966-HEAD,60,1
N26-063-07966-HEAD,63,1
N26-063-07966-HEAD,96,1
N26-063-07966-HEAD,100,1
N26-012-07967-CUID,1,1
N26-012-07967-CUID,4,1
N26-012-07967-CUID,12,1
N26-009-07968-HMXX,1,1
N26-009-07968-HMXX,4,1
N26-009-07968-HMXX,9,1
N26-057-07969-GAIA,49,1
N26-057-07969-GAIA,52,1
N26-057-07969-GAIA,57,1
N26-071-07970-VOIT,69,1
N26-071-07970-VOIT,71,1
N26-005-07971-CUID,1,1
N26-005-07971-CUID,2,1
N26-005-07971-CUID,5,1
N26-007-07972-MANG,1,1
N26-007-07972-MANG,3,1
N26-007-07972-MANG,7,1
N26-016-07973-ZARA,1,1
N26-016-07973-ZARA,3,1
N26-016-07973-ZARA,16,1
N26-073-07974-SHIM,69,1
N26-073-07974-SHIM,73,1
N26-059-07975-LUUN,49,1
N26-059-07975-LUUN,54,1
N26-059-07975-LUUN,59,1
N26-011-07976-CHAR,1,1
N26-011-07976-CHAR,4,1
N26-011-07976-CHAR,11,1
N26-056-07977-KOBL,49,1
N26-056-07977-KOBL,51,1
N26-056-07977-KOBL,56,1
N26-009-07978-BABY,1,1
N26-009-07978-BABY,4,1
N26-009-07978-BABY,9,1
N26-009-07978-BABY,96,1
N26-009-07978-BABY,97,1
N26-072-07979-CHAR,69,1
N26-072-07979-CHAR,72,1
N26-073-07980-BENO,69,1
N26-073-07980-BENO,73,1
N26-006-07981-ZARA,1,1
N26-006-07981-ZARA,2,1
N26-006-07981-ZARA,6,1
N26-029-07982-KIPL,28,1
N26-029-07982-KIPL,29,1
N26-056-07983-NESP,49,1
N26-056-07983-NESP,51,1
N26-056-07983-NESP,56,1
N26-050-07984-VASC,49,1
N26-050-07984-VASC,50,1
N26-081-07985-XBOX,77,1
N26-081-07985-XBOX,80,1
N26-081-07985-XBOX,81,1
N26-078-07986-MIAL,77,1
N26-078-07986-MIAL,78,1
N26-042-07987-CORS,36,1
N26-042-07987-CORS,37,1
N26-042-07987-CORS,42,1
N26-017-07988-CUID,1,1
N26-017-07988-CUID,4,1
N26-017-07988-CUID,17,1
N26-088-07989-SCRI,84,1
N26-088-07989-SCRI,86,1
N26-088-07989-SCRI,88,1
N26-032-07990-POLA,28,1
N26-032-07990-POLA,32,1
N26-055-07991-NINJ,49,1
N26-055-07991-NINJ,51,1
N26-055-07991-NINJ,55,1
N26-012-07992-BERS,1,1
N26-012-07992-BERS,4,1
N26-012-07992-BERS,12,1
N26-067-07993-NEUT,60,1
N26-067-07993-NEUT,62,1
N26-067-07993-NEUT,67,1
N26-092-07994-MONR,89,1
N26-092-07994-MONR,92,1
N26-092-07994-MONR,96,1
N26-092-07994-MONR,97,1
N26-032-07995-RAYB,28,1
N26-032-07995-RAYB,32,1
N26-078-07996-FISH,77,1
N26-078-07996-FISH,78,1
N26-063-07997-PANT,60,1
N26-063-07997-PANT,63,1
N26-063-07997-PANT,96,1
N26-063-07997-PANT,98,1
N26-088-07998-BARR,84,1
N26-088-07998-BARR,86,1
N26-088-07998-BARR,88,1
N26-088-07998-BARR,96,1
N26-088-07998-BARR,100,1
N26-083-07999-HASB,77,1
N26-083-07999-HASB,83,1
N26-030-08000-THOM,28,1
N26-030-08000-THOM,30,1
N26-029-08001-HERS,28,1
N26-029-08001-HERS,29,1
N26-076-08002-THEN,69,1
N26-076-08002-THEN,76,1
N26-076-08002-THEN,96,1
N26-076-08002-THEN,97,1
N26-027-08003-CROC,19,1
N26-027-08003-CROC,22,1
N26-027-08003-CROC,27,1
N26-030-08004-THOM,28,1
N26-030-08004-THOM,30,1
N26-030-08004-THOM,96,1
N26-030-08004-THOM,97,1
N26-042-08005-VORA,36,1
N26-042-08005-VORA,37,1
N26-042-08005-VORA,42,1
N26-033-08006-ADID,28,1
N26-033-08006-ADID,33,1
N26-064-08007-PAIP,60,1
N26-064-08007-PAIP,64,1
N26-064-08007-PAIP,96,1
N26-064-08007-PAIP,97,1
N26-009-08008-GERB,1,1
N26-009-08008-GERB,4,1
N26-009-08008-GERB,9,1
N26-009-08008-GERB,96,1
N26-009-08008-GERB,97,1
N26-043-08009-MICR,36,1
N26-043-08009-MICR,37,1
N26-043-08009-MICR,43,1
N26-016-08010-CAXX,1,1
N26-016-08010-CAXX,3,1
N26-016-08010-CAXX,16,1
N26-064-08011-PAIP,60,1
N26-064-08011-PAIP,64,1
N26-046-08012-STER,36,1
N26-046-08012-STER,39,1
N26-046-08012-STER,46,1
N26-078-08013-MIAL,77,1
N26-078-08013-MIAL,78,1
N26-083-08014-DEVI,77,1
N26-083-08014-DEVI,83,1
N26-042-08015-SEAG,36,1
N26-042-08015-SEAG,37,1
N26-042-08015-SEAG,42,1
N26-042-08015-SEAG,96,1
N26-042-08015-SEAG,98,1
N26-071-08016-CHAR,69,1
N26-071-08016-CHAR,71,1
N26-046-08017-STER,36,1
N26-046-08017-STER,39,1
N26-046-08017-STER,46,1
N26-092-08018-NGKX,89,1
N26-092-08018-NGKX,92,1
N26-059-08019-VIAN,49,1
N26-059-08019-VIAN,54,1
N26-059-08019-VIAN,59,1
N26-092-08020-GONH,89,1
N26-092-08020-GONH,92,1
N26-055-08021-MABE,49,1
N26-055-08021-MABE,51,1
N26-055-08021-MABE,55,1
N26-032-08022-RAYB,28,1
N26-032-08022-RAYB,32,1
N26-006-08023-CUID,1,1
N26-006-08023-CUID,2,1
N26-006-08023-CUID,6,1
N26-011-08024-CHAR,1,1
N26-011-08024-CHAR,4,1
N26-011-08024-CHAR,11,1
N26-050-08025-VASC,49,1
N26-050-08025-VASC,50,1
N26-092-08026-GONH,89,1
N26-092-08026-GONH,92,1
N26-076-08027-QUEC,69,1
N26-076-08027-QUEC,76,1
N26-044-08028-LANI,36,1
N26-044-08028-LANI,38,1
N26-044-08028-LANI,44,1
N26-025-08029-FLEX,19,1
N26-025-08029-FLEX,21,1
N26-025-08029-FLEX,25,1
N26-030-08030-PINE,28,1
N26-030-08030-PINE,30,1
N26-067-08031-GRIS,60,1
N26-067-08031-GRIS,62,1
N26-067-08031-GRIS,67,1
N26-073-08032-BENO,69,1
N26-073-08032-BENO,73,1
N26-043-08033-PERF,36,1
N26-043-08033-PERF,37,1
N26-043-08033-PERF,43,1
N26-008-08034-BERS,1,1
N26-008-08034-BERS,3,1
N26-008-08034-BERS,8,1
N26-008-08034-BERS,96,1
N26-008-08034-BERS,97,1
N26-031-08035-SEIK,28,1
N26-031-08035-SEIK,31,1
N26-088-08036-SCRI,84,1
N26-088-08036-SCRI,86,1
N26-088-08036-SCRI,88,1
N26-088-08036-SCRI,96,1
N26-088-08036-SCRI,97,1
N26-033-08037-PUMA,28,1
N26-033-08037-PUMA,33,1
N26-033-08037-PUMA,96,1
N26-033-08037-PUMA,97,1
N26-090-08038-BOSC,89,1
N26-090-08038-BOSC,90,1
N26-090-08038-BOSC,96,1
N26-090-08038-BOSC,100,1
N26-011-08039-CART,1,1
N26-011-08039-CART,4,1
N26-011-08039-CART,11,1
N26-087-08040-PORR,84,1
N26-087-08040-PORR,85,1
N26-087-08040-PORR,87,1
N26-063-08041-LORA,60,1
N26-063-08041-LORA,63,1
N26-048-08042-SONY,36,1
N26-048-08042-SONY,40,1
N26-048-08042-SONY,48,1
N26-048-08042-SONY,96,1
N26-048-08042-SONY,100,1
N26-026-08043-FLEX,19,1
N26-026-08043-FLEX,21,1
N26-026-08043-FLEX,26,1
N26-041-08044-LANI,36,1
N26-041-08044-LANI,37,1
N26-041-08044-LANI,41,1
N26-025-08045-ZARA,19,1
N26-025-08045-ZARA,21,1
N26-025-08045-ZARA,25,1
N26-031-08046-SEIK,28,1
N26-031-08046-SEIK,31,1
N26-018-08047-UNDE,1,1
N26-018-08047-UNDE,4,1
N26-018-08047-UNDE,18,1
N26-030-08048-PAND,28,1
N26-030-08048-PAND,30,1
N26-030-08048-PAND,96,1
N26-030-08048-PAND,97,1
N26-029-08049-ADID,28,1
N26-029-08049-ADID,29,1
N26-065-08050-MAYB,60,1
N26-065-08050-MAYB,61,1
N26-065-08050-MAYB,65,1
N26-065-08050-MAYB,96,1
N26-065-08050-MAYB,99,1
N26-016-08051-ZARA,1,1
N26-016-08051-ZARA,3,1
N26-016-08051-ZARA,16,1
N26-030-08052-THOM,28,1
N26-030-08052-THOM,30,1
N26-043-08053-LOGI,36,1
N26-043-08053-LOGI,37,1
N26-043-08053-LOGI,43,1
N26-043-08053-LOGI,96,1
N26-043-08053-LOGI,97,1
N26-066-08054-MAYB,60,1
N26-066-08054-MAYB,61,1
N26-066-08054-MAYB,66,1
N26-066-08054-MAYB,96,1
N26-066-08054-MAYB,98,1
N26-081-08055-XBOX,77,1
N26-081-08055-XBOX,80,1
N26-081-08055-XBOX,81,1
N26-095-08056-ROYA,93,1
N26-095-08056-ROYA,95,1
N26-034-08057-PINE,28,1
N26-034-08057-PINE,34,1
N26-034-08057-PINE,96,1
N26-034-08057-PINE,100,1
N26-071-08058-VOIT,69,1
N26-071-08058-VOIT,71,1
N26-071-08058-VOIT,96,1
N26-071-08058-VOIT,99,1
N26-075-08059-NIKE,69,1
N26-075-08059-NIKE,70,1
N26-075-08059-NIKE,75,1
N26-012-08060-ZARA,1,1
N26-012-08060-ZARA,4,1
N26-012-08060-ZARA,12,1
N26-011-08061-CART,1,1
N26-011-08061-CART,4,1
N26-011-08061-CART,11,1
N26-024-08062-ROCK,19,1
N26-024-08062-ROCK,20,1
N26-024-08062-ROCK,24,1
N26-075-08063-NIKE,69,1
N26-075-08063-NIKE,70,1
N26-075-08063-NIKE,75,1
N26-055-08064-MABE,49,1
N26-055-08064-MABE,51,1
N26-055-08064-MABE,55,1
N26-018-08065-NIKE,1,1
N26-018-08065-NIKE,4,1
N26-018-08065-NIKE,18,1
N26-074-08066-CAPB,69,1
N26-074-08066-CAPB,70,1
N26-074-08066-CAPB,74,1
N26-009-08067-CART,1,1
N26-009-08067-CART,4,1
N26-009-08067-CART,9,1
N26-009-08067-CART,96,1
N26-009-08067-CART,98,1
N26-033-08068-PUMA,28,1
N26-033-08068-PUMA,33,1
N26-029-08069-HERS,28,1
N26-029-08069-HERS,29,1
N26-032-08070-HAWK,28,1
N26-032-08070-HAWK,32,1
N26-095-08071-WHIS,93,1
N26-095-08071-WHIS,95,1
N26-090-08072-3MXX,89,1
N26-090-08072-3MXX,90,1
N26-073-08073-GIAN,69,1
N26-073-08073-GIAN,73,1
N26-065-08074-BISS,60,1
N26-065-08074-BISS,61,1
N26-065-08074-BISS,65,1
N26-006-08075-PULL,1,1
N26-006-08075-PULL,2,1
N26-006-08075-PULL,6,1
N26-009-08076-CART,1,1
N26-009-08076-CART,4,1
N26-009-08076-CART,9,1
N26-009-08076-CART,96,1
N26-009-08076-CART,99,1
N26-092-08077-MONR,89,1
N26-092-08077-MONR,92,1
N26-009-08078-CART,1,1
N26-009-08078-CART,4,1
N26-009-08078-CART,9,1
N26-009-08078-CART,96,1
N26-009-08078-CART,97,1
N26-005-08079-MASS,1,1
N26-005-08079-MASS,2,1
N26-005-08079-MASS,5,1
N26-055-08080-KOBL,49,1
N26-055-08080-KOBL,51,1
N26-055-08080-KOBL,55,1
N26-033-08081-NIKE,28,1
N26-033-08081-NIKE,33,1
N26-072-08082-CHAR,69,1
N26-072-08082-CHAR,72,1
N26-079-08083-DIST,77,1
N26-079-08083-DIST,79,1
N26-045-08084-STER,36,1
N26-045-08084-STER,38,1
N26-045-08084-STER,45,1
N26-011-08085-ZARA,1,1
N26-011-08085-ZARA,4,1
N26-011-08085-ZARA,11,1
N26-011-08085-ZARA,96,1
N26-011-08085-ZARA,98,1
N26-012-08086-CUID,1,1
N26-012-08086-CUID,4,1
N26-012-08086-CUID,12,1
N26-010-08087-CAXX,1,1
N26-010-08087-CAXX,4,1
N26-010-08087-CAXX,10,1
N26-041-08088-LANI,36,1
N26-041-08088-LANI,37,1
N26-041-08088-LANI,41,1
N26-029-08089-ADID,28,1
N26-029-08089-ADID,29,1
N26-068-08090-LARO,60,1
N26-068-08090-LARO,62,1
N26-068-08090-LARO,68,1
N26-008-08091-BERS,1,1
N26-008-08091-BERS,3,1
N26-008-08091-BERS,8,1
N26-013-08092-CUID,1,1
N26-013-08092-CUID,2,1
N26-013-08092-CUID,13,1
N26-082-08093-STER,77,1
N26-082-08093-STER,80,1
N26-082-08093-STER,82,1
N26-041-08094-LANI,36,1
N26-041-08094-LANI,37,1
N26-041-08094-LANI,41,1
N26-041-08094-LANI,96,1
N26-041-08094-LANI,100,1
N26-011-08095-CART,1,1
N26-011-08095-CART,4,1
N26-011-08095-CART,11,1
N26-026-08096-FLEX,19,1
N26-026-08096-FLEX,21,1
N26-026-08096-FLEX,26,1
N26-026-08096-FLEX,96,1
N26-026-08096-FLEX,99,1
N26-008-08097-BERS,1,1
N26-008-08097-BERS,3,1
N26-008-08097-BERS,8,1
N26-057-08098-GAIA,49,1
N26-057-08098-GAIA,52,1
N26-057-08098-GAIA,57,1
N26-023-08099-CHAR,19,1
N26-023-08099-CHAR,20,1
N26-023-08099-CHAR,23,1
N26-010-08100-CAXX,1,1
N26-010-08100-CAXX,4,1
N26-010-08100-CAXX,10,1
N26-010-08100-CAXX,96,1
N26-010-08100-CAXX,97,1
N26-008-08101-CUID,1,1
N26-008-08101-CUID,3,1
N26-008-08101-CUID,8,1
N26-032-08102-POLA,28,1
N26-032-08102-POLA,32,1
N26-010-08103-CART,1,1
N26-010-08103-CART,4,1
N26-010-08103-CART,10,1
N26-009-08104-BABY,1,1
N26-009-08104-BABY,4,1
N26-009-08104-BABY,9,1
N26-030-08105-THOM,28,1
N26-030-08105-THOM,30,1
N26-030-08105-THOM,96,1
N26-030-08105-THOM,97,1
N26-066-08106-BISS,60,1
N26-066-08106-BISS,61,1
N26-066-08106-BISS,66,1
N26-017-08107-ADID,1,1
N26-017-08107-ADID,4,1
N26-017-08107-ADID,17,1
N26-017-08107-ADID,96,1
N26-017-08107-ADID,100,1
N26-065-08108-NYXX,60,1
N26-065-08108-NYXX,61,1
N26-065-08108-NYXX,65,1
N26-027-08109-CART,19,1
N26-027-08109-CART,22,1
N26-027-08109-CART,27,1
N26-027-08109-CART,96,1
N26-027-08109-CART,100,1
N26-023-08110-PUMA,19,1
N26-023-08110-PUMA,20,1
N26-023-08110-PUMA,23,1
N26-083-08111-RAVE,77,1
N26-083-08111-RAVE,83,1
N26-091-08112-3MXX,89,1
N26-091-08112-3MXX,91,1
N26-066-08113-BISS,60,1
N26-066-08113-BISS,61,1
N26-066-08113-BISS,66,1
N26-059-08114-SPRI,49,1
N26-059-08114-SPRI,54,1
N26-059-08114-SPRI,59,1
N26-059-08114-SPRI,96,1
N26-059-08114-SPRI,100,1
N26-008-08115-CUID,1,1
N26-008-08115-CUID,3,1
N26-008-08115-CUID,8,1
N26-013-08116-ADID,1,1
N26-013-08116-ADID,2,1
N26-013-08116-ADID,13,1
N26-013-08116-ADID,96,1
N26-013-08116-ADID,98,1
N26-014-08117-CUID,1,1
N26-014-08117-CUID,2,1
N26-014-08117-CUID,14,1
N26-030-08118-PINE,28,1
N26-030-08118-PINE,30,1
N26-030-08118-PINE,96,1
N26-030-08118-PINE,97,1
N26-046-08119-APPL,36,1
N26-046-08119-APPL,39,1
N26-046-08119-APPL,46,1
N26-055-08120-HAMI,49,1
N26-055-08120-HAMI,51,1
N26-055-08120-HAMI,55,1
N26-076-08121-NATU,69,1
N26-076-08121-NATU,76,1
N26-087-08122-PEAR,84,1
N26-087-08122-PEAR,85,1
N26-087-08122-PEAR,87,1
N26-017-08123-NIKE,1,1
N26-017-08123-NIKE,4,1
N26-017-08123-NIKE,17,1
N26-064-08124-DIOR,60,1
N26-064-08124-DIOR,64,1
N26-064-08124-DIOR,96,1
N26-064-08124-DIOR,100,1
N26-072-08125-CHAR,69,1
N26-072-08125-CHAR,72,1
N26-072-08125-CHAR,96,1
N26-072-08125-CHAR,99,1
N26-024-08126-FLEX,19,1
N26-024-08126-FLEX,20,1
N26-024-08126-FLEX,24,1
N26-017-08127-CUID,1,1
N26-017-08127-CUID,4,1
N26-017-08127-CUID,17,1
N26-030-08128-TOUS,28,1
N26-030-08128-TOUS,30,1
N26-063-08129-LORA,60,1
N26-063-08129-LORA,63,1
N26-056-08130-DELO,49,1
N26-056-08130-DELO,51,1
N26-056-08130-DELO,56,1
N26-056-08130-DELO,96,1
N26-056-08130-DELO,99,1
N26-063-08131-HEAD,60,1
N26-063-08131-HEAD,63,1
N26-017-08132-NIKE,1,1
N26-017-08132-NIKE,4,1
N26-017-08132-NIKE,17,1
N26-045-08133-STER,36,1
N26-045-08133-STER,38,1
N26-045-08133-STER,45,1
N26-033-08134-UNDE,28,1
N26-033-08134-UNDE,33,1
N26-015-08135-CAXX,1,1
N26-015-08135-CAXX,3,1
N26-015-08135-CAXX,15,1
N26-015-08135-CAXX,96,1
N26-015-08135-CAXX,97,1
N26-079-08136-MATT,77,1
N26-079-08136-MATT,79,1
N26-005-08137-CUID,1,1
N26-005-08137-CUID,2,1
N26-005-08137-CUID,5,1
N26-046-08138-STER,36,1
N26-046-08138-STER,39,1
N26-046-08138-STER,46,1
N26-018-08139-UNDE,1,1
N26-018-08139-UNDE,4,1
N26-018-08139-UNDE,18,1
N26-024-08140-ROCK,19,1
N26-024-08140-ROCK,20,1
N26-024-08140-ROCK,24,1
N26-074-08141-CAPB,69,1
N26-074-08141-CAPB,70,1
N26-074-08141-CAPB,74,1
N26-009-08142-GERB,1,1
N26-009-08142-GERB,4,1
N26-009-08142-GERB,9,1
N26-026-08143-FLEX,19,1
N26-026-08143-FLEX,21,1
N26-026-08143-FLEX,26,1
N26-007-08144-CUID,1,1
N26-007-08144-CUID,3,1
N26-007-08144-CUID,7,1
N26-082-08145-STER,77,1
N26-082-08145-STER,80,1
N26-082-08145-STER,82,1
N26-082-08145-STER,96,1
N26-082-08145-STER,100,1
N26-043-08146-MICR,36,1
N26-043-08146-MICR,37,1
N26-043-08146-MICR,43,1
N26-056-08147-HAMI,49,1
N26-056-08147-HAMI,51,1
N26-056-08147-HAMI,56,1
N26-056-08147-HAMI,96,1
N26-056-08147-HAMI,98,1
N26-068-08148-ISDI,60,1
N26-068-08148-ISDI,62,1
N26-068-08148-ISDI,68,1
N26-095-08149-NUPE,93,1
N26-095-08149-NUPE,95,1
N26-006-08150-BERS,1,1
N26-006-08150-BERS,2,1
N26-006-08150-BERS,6,1
N26-006-08150-BERS,96,1
N26-006-08150-BERS,98,1
N26-007-08151-CUID,1,1
N26-007-08151-CUID,3,1
N26-007-08151-CUID,7,1
N26-007-08151-CUID,96,1
N26-007-08151-CUID,99,1
N26-025-08152-NINE,19,1
N26-025-08152-NINE,21,1
N26-025-08152-NINE,25,1
N26-079-08153-MATT,77,1
N26-079-08153-MATT,79,1
N26-079-08153-MATT,96,1
N26-079-08153-MATT,100,1
N26-033-08154-ADID,28,1
N26-033-08154-ADID,33,1
N26-042-08155-VORA,36,1
N26-042-08155-VORA,37,1
N26-042-08155-VORA,42,1
N26-083-08156-MATT,77,1
N26-083-08156-MATT,83,1
N26-083-08157-DEVI,77,1
N26-083-08157-DEVI,83,1
N26-083-08157-DEVI,96,1
N26-083-08157-DEVI,99,1
N26-081-08158-NINT,77,1
N26-081-08158-NINT,80,1
N26-081-08158-NINT,81,1
N26-073-08159-BENO,69,1
N26-073-08159-BENO,73,1
N26-073-08159-BENO,96,1
N26-073-08159-BENO,97,1
N26-025-08160-FLEX,19,1
N26-025-08160-FLEX,21,1
N26-025-08160-FLEX,25,1
N26-010-08161-PIRM,1,1
N26-010-08161-PIRM,4,1
N26-010-08161-PIRM,10,1
N26-027-08162-ADID,19,1
N26-027-08162-ADID,22,1
N26-027-08162-ADID,27,1
N26-057-08163-GAIA,49,1
N26-057-08163-GAIA,52,1
N26-057-08163-GAIA,57,1
N26-027-08164-NIKE,19,1
N26-027-08164-NIKE,22,1
N26-027-08164-NIKE,27,1
N26-027-08164-NIKE,96,1
N26-027-08164-NIKE,97,1
N26-082-08165-RAZE,77,1
N26-082-08165-RAZE,80,1
N26-082-08165-RAZE,82,1
N26-043-08166-STER,36,1
N26-043-08166-STER,37,1
N26-043-08166-STER,43,1
N26-016-08167-CAXX,1,1
N26-016-08167-CAXX,3,1
N26-016-08167-CAXX,16,1
N26-024-08168-ALDO,19,1
N26-024-08168-ALDO,20,1
N26-024-08168-ALDO,24,1
N26-006-08169-PULL,1,1
N26-006-08169-PULL,2,1
N26-006-08169-PULL,6,1
N26-007-08170-MASS,1,1
N26-007-08170-MASS,3,1
N26-007-08170-MASS,7,1
N26-045-08171-UAGX,36,1
N26-045-08171-UAGX,38,1
N26-045-08171-UAGX,45,1
N26-034-08172-DOCK,28,1
N26-034-08172-DOCK,34,1
N26-014-08173-LEVI,1,1
N26-014-08173-LEVI,2,1
N26-014-08173-LEVI,14,1
N26-012-08174-PULL,1,1
N26-012-08174-PULL,4,1
N26-012-08174-PULL,12,1
N26-081-08175-NINT,77,1
N26-081-08175-NINT,80,1
N26-081-08175-NINT,81,1
N26-083-08176-RAVE,77,1
N26-083-08176-RAVE,83,1
N26-014-08177-CUID,1,1
N26-014-08177-CUID,2,1
N26-014-08177-CUID,14,1
N26-014-08177-CUID,96,1
N26-014-08177-CUID,97,1
N26-006-08178-PULL,1,1
N26-006-08178-PULL,2,1
N26-006-08178-PULL,6,1
N26-092-08179-DENS,89,1
N26-092-08179-DENS,92,1
N26-092-08179-DENS,96,1
N26-092-08179-DENS,99,1
N26-067-08180-NIVE,60,1
N26-067-08180-NIVE,62,1
N26-067-08180-NIVE,67,1
N26-065-08181-BISS,60,1
N26-065-08181-BISS,61,1
N26-065-08181-BISS,65,1
N26-095-08182-NUPE,93,1
N26-095-08182-NUPE,95,1
N26-026-08183-FLEX,19,1
N26-026-08183-FLEX,21,1
N26-026-08183-FLEX,26,1
N26-026-08183-FLEX,96,1
N26-026-08183-FLEX,97,1
N26-088-08184-SCRI,84,1
N26-088-08184-SCRI,86,1
N26-088-08184-SCRI,88,1
N26-009-08185-GERB,1,1
N26-009-08185-GERB,4,1
N26-009-08185-GERB,9,1
N26-079-08186-MATT,77,1
N26-079-08186-MATT,79,1
N26-079-08186-MATT,96,1
N26-079-08186-MATT,98,1
N26-074-08187-BOWF,69,1
N26-074-08187-BOWF,70,1
N26-074-08187-BOWF,74,1
N26-092-08188-NGKX,89,1
N26-092-08188-NGKX,92,1
N26-018-08189-ADID,1,1
N26-018-08189-ADID,4,1
N26-018-08189-ADID,18,1
N26-014-08190-CUID,1,1
N26-014-08190-CUID,2,1
N26-014-08190-CUID,14,1
N26-045-08191-STER,36,1
N26-045-08191-STER,38,1
N26-045-08191-STER,45,1
N26-045-08191-STER,96,1
N26-045-08191-STER,99,1
N26-045-08192-ESRX,36,1
N26-045-08192-ESRX,38,1
N26-045-08192-ESRX,45,1
N26-018-08193-PIRM,1,1
N26-018-08193-PIRM,4,1
N26-018-08193-PIRM,18,1
N26-059-08194-SPRI,49,1
N26-059-08194-SPRI,54,1
N26-059-08194-SPRI,59,1
N26-059-08194-SPRI,96,1
N26-059-08194-SPRI,100,1
N26-023-08195-PUMA,19,1
N26-023-08195-PUMA,20,1
N26-023-08195-PUMA,23,1
N26-059-08196-SPRI,49,1
N26-059-08196-SPRI,54,1
N26-059-08196-SPRI,59,1
N26-059-08196-SPRI,96,1
N26-059-08196-SPRI,100,1
N26-067-08197-NIVE,60,1
N26-067-08197-NIVE,62,1
N26-067-08197-NIVE,67,1
N26-067-08197-NIVE,96,1
N26-067-08197-NIVE,100,1
N26-073-08198-BENO,69,1
N26-073-08198-BENO,73,1
N26-056-08199-KOBL,49,1
N26-056-08199-KOBL,51,1
N26-056-08199-KOBL,56,1
N26-072-08200-CHAR,69,1
N26-072-08200-CHAR,72,1
N26-068-08201-EUCE,60,1
N26-068-08201-EUCE,62,1
N26-068-08201-EUCE,68,1
N26-094-08202-GANA,93,1
N26-094-08202-GANA,94,1
N26-094-08202-GANA,96,1
N26-094-08202-GANA,97,1
N26-009-08203-CART,1,1
N26-009-08203-CART,4,1
N26-009-08203-CART,9,1
N26-029-08204-KIPL,28,1
N26-029-08204-KIPL,29,1
N26-014-08205-ZARA,1,1
N26-014-08205-ZARA,2,1
N26-014-08205-ZARA,14,1
N26-095-08206-NUPE,93,1
N26-095-08206-NUPE,95,1
N26-083-08207-ASMO,77,1
N26-083-08207-ASMO,83,1
N26-009-08208-GERB,1,1
N26-009-08208-GERB,4,1
N26-009-08208-GERB,9,1
N26-042-08209-VORA,36,1
N26-042-08209-VORA,37,1
N26-042-08209-VORA,42,1
N26-073-08210-GIAN,69,1
N26-073-08210-GIAN,73,1
N26-032-08211-HAWK,28,1
N26-032-08211-HAWK,32,1
N26-032-08211-HAWK,96,1
N26-032-08211-HAWK,100,1
N26-075-08212-NIKE,69,1
N26-075-08212-NIKE,70,1
N26-075-08212-NIKE,75,1
N26-075-08212-NIKE,96,1
N26-075-08212-NIKE,98,1
N26-046-08213-BOSE,36,1
N26-046-08213-BOSE,39,1
N26-046-08213-BOSE,46,1
N26-046-08214-JBLX,36,1
N26-046-08214-JBLX,39,1
N26-046-08214-JBLX,46,1
N26-034-08215-LEVI,28,1
N26-034-08215-LEVI,34,1
N26-056-08216-KOBL,49,1
N26-056-08216-KOBL,51,1
N26-056-08216-KOBL,56,1
N26-078-08217-MIAL,77,1
N26-078-08217-MIAL,78,1
N26-050-08218-TRAM,49,1
N26-050-08218-TRAM,50,1
N26-026-08219-DRMA,19,1
N26-026-08219-DRMA,21,1
N26-026-08219-DRMA,26,1
N26-088-08220-ZEBR,84,1
N26-088-08220-ZEBR,86,1
N26-088-08220-ZEBR,88,1
N26-043-08221-RAZE,36,1
N26-043-08221-RAZE,37,1
N26-043-08221-RAZE,43,1
N26-043-08221-RAZE,96,1
N26-043-08221-RAZE,100,1
N26-083-08222-HASB,77,1
N26-083-08222-HASB,83,1
N26-072-08223-CHAR,69,1
N26-072-08223-CHAR,72,1
N26-072-08223-CHAR,96,1
N26-072-08223-CHAR,99,1
N26-008-08224-CUID,1,1
N26-008-08224-CUID,3,1
N26-008-08224-CUID,8,1
N26-044-08225-SAMS,36,1
N26-044-08225-SAMS,38,1
N26-044-08225-SAMS,44,1
N26-079-08226-DIST,77,1
N26-079-08226-DIST,79,1
N26-079-08226-DIST,96,1
N26-079-08226-DIST,99,1
N26-043-08227-VORA,36,1
N26-043-08227-VORA,37,1
N26-043-08227-VORA,43,1
N26-088-08228-FELL,84,1
N26-088-08228-FELL,86,1
N26-088-08228-FELL,88,1
N26-088-08228-FELL,96,1
N26-088-08228-FELL,97,1
N26-029-08229-KIPL,28,1
N26-029-08229-KIPL,29,1
N26-082-08230-HYPE,77,1
N26-082-08230-HYPE,80,1
N26-082-08230-HYPE,82,1
N26-057-08231-GAIA,49,1
N26-057-08231-GAIA,52,1
N26-057-08231-GAIA,57,1
N26-057-08231-GAIA,96,1
N26-057-08231-GAIA,97,1
N26-073-08232-BENO,69,1
N26-073-08232-BENO,73,1
N26-074-08233-CAPB,69,1
N26-074-08233-CAPB,70,1
N26-074-08233-CAPB,74,1
N26-014-08234-CUID,1,1
N26-014-08234-CUID,2,1
N26-014-08234-CUID,14,1
N26-008-08235-CUID,1,1
N26-008-08235-CUID,3,1
N26-008-08235-CUID,8,1
N26-063-08236-GRIS,60,1
N26-063-08236-GRIS,63,1
N26-041-08237-LENO,36,1
N26-041-08237-LENO,37,1
N26-041-08237-LENO,41,1
N26-018-08238-NIKE,1,1
N26-018-08238-NIKE,4,1
N26-018-08238-NIKE,18,1
N26-018-08238-NIKE,96,1
N26-018-08238-NIKE,98,1
N26-025-08239-NINE,19,1
N26-025-08239-NINE,21,1
N26-025-08239-NINE,25,1
N26-006-08240-CUID,1,1
N26-006-08240-CUID,2,1
N26-006-08240-CUID,6,1
N26-043-08241-VORA,36,1
N26-043-08241-VORA,37,1
N26-043-08241-VORA,43,1
N26-046-08242-STER,36,1
N26-046-08242-STER,39,1
N26-046-08242-STER,46,1
N26-032-08243-HAWK,28,1
N26-032-08243-HAWK,32,1
N26-027-08244-NIKE,19,1
N26-027-08244-NIKE,22,1
N26-027-08244-NIKE,27,1
N26-083-08245-HASB,77,1
N26-083-08245-HASB,83,1
N26-025-08246-STEV,19,1
N26-025-08246-STEV,21,1
N26-025-08246-STEV,25,1
N26-044-08247-XIAO,36,1
N26-044-08247-XIAO,38,1
N26-044-08247-XIAO,44,1
N26-087-08248-TRIL,84,1
N26-087-08248-TRIL,85,1
N26-087-08248-TRIL,87,1
N26-072-08249-CHAR,69,1
N26-072-08249-CHAR,72,1
N26-023-08250-PIRM,19,1
N26-023-08250-PIRM,20,1
N26-023-08250-PIRM,23,1
N26-023-08250-PIRM,96,1
N26-023-08250-PIRM,99,1
N26-065-08251-NYXX,60,1
N26-065-08251-NYXX,61,1
N26-065-08251-NYXX,65,1
N26-011-08252-HMXX,1,1
N26-011-08252-HMXX,4,1
N26-011-08252-HMXX,11,1
N26-015-08253-HMXX,1,1
N26-015-08253-HMXX,3,1
N26-015-08253-HMXX,15,1
N26-015-08253-HMXX,96,1
N26-015-08253-HMXX,99,1
N26-025-08254-ZARA,19,1
N26-025-08254-ZARA,21,1
N26-025-08254-ZARA,25,1
N26-067-08255-LARO,60,1
N26-067-08255-LARO,62,1
N26-067-08255-LARO,67,1
N26-005-08256-DOCK,1,1
N26-005-08256-DOCK,2,1
N26-005-08256-DOCK,5,1
N26-073-08257-BENO,69,1
N26-073-08257-BENO,73,1
N26-073-08257-BENO,96,1
N26-073-08257-BENO,100,1
N26-076-08258-OZAR,69,1
N26-076-08258-OZAR,76,1
N26-057-08259-GAIA,49,1
N26-057-08259-GAIA,52,1
N26-057-08259-GAIA,57,1
N26-057-08259-GAIA,96,1
N26-057-08259-GAIA,97,1
N26-025-08260-STEV,19,1
N26-025-08260-STEV,21,1
N26-025-08260-STEV,25,1
N26-047-08261-SONY,36,1
N26-047-08261-SONY,39,1
N26-047-08261-SONY,47,1
N26-047-08261-SONY,96,1
N26-047-08261-SONY,98,1
N26-050-08262-EKCO,49,1
N26-050-08262-EKCO,50,1
N26-014-08263-CUID,1,1
N26-014-08263-CUID,2,1
N26-014-08263-CUID,14,1
N26-065-08264-PAIP,60,1
N26-065-08264-PAIP,61,1
N26-065-08264-PAIP,65,1
N26-005-08265-DOCK,1,1
N26-005-08265-DOCK,2,1
N26-005-08265-DOCK,5,1
N26-027-08266-HAVA,19,1
N26-027-08266-HAVA,22,1
N26-027-08266-HAVA,27,1
N26-078-08267-FISH,77,1
N26-078-08267-FISH,78,1
N26-074-08268-EVER,69,1
N26-074-08268-EVER,70,1
N26-074-08268-EVER,74,1
N26-031-08269-CITI,28,1
N26-031-08269-CITI,31,1
N26-031-08269-CITI,96,1
N26-031-08269-CITI,98,1
N26-064-08270-VERS,60,1
N26-064-08270-VERS,64,1
N26-079-08271-DIST,77,1
N26-079-08271-DIST,79,1
N26-023-08272-PIRM,19,1
N26-023-08272-PIRM,20,1
N26-023-08272-PIRM,23,1
N26-044-08273-XIAO,36,1
N26-044-08273-XIAO,38,1
N26-044-08273-XIAO,44,1
N26-026-08274-FLEX,19,1
N26-026-08274-FLEX,21,1
N26-026-08274-FLEX,26,1
N26-018-08275-UNDE,1,1
N26-018-08275-UNDE,4,1
N26-018-08275-UNDE,18,1
N26-018-08275-UNDE,96,1
N26-018-08275-UNDE,98,1
N26-094-08276-NUPE,93,1
N26-094-08276-NUPE,94,1
N26-094-08276-NUPE,96,1
N26-094-08276-NUPE,99,1
N26-073-08277-BENO,69,1
N26-073-08277-BENO,73,1
N26-032-08278-POLA,28,1
N26-032-08278-POLA,32,1
N26-032-08278-POLA,96,1
N26-032-08278-POLA,97,1
N26-026-08279-FLEX,19,1
N26-026-08279-FLEX,21,1
N26-026-08279-FLEX,26,1
N26-018-08280-NIKE,1,1
N26-018-08280-NIKE,4,1
N26-018-08280-NIKE,18,1
N26-050-08281-VASC,49,1
N26-050-08281-VASC,50,1
N26-042-08282-ASUS,36,1
N26-042-08282-ASUS,37,1
N26-042-08282-ASUS,42,1
N26-023-08283-ADID,19,1
N26-023-08283-ADID,20,1
N26-023-08283-ADID,23,1
N26-079-08284-HASB,77,1
N26-079-08284-HASB,79,1
N26-011-08285-HMXX,1,1
N26-011-08285-HMXX,4,1
N26-011-08285-HMXX,11,1
N26-044-08286-SAMS,36,1
N26-044-08286-SAMS,38,1
N26-044-08286-SAMS,44,1
N26-057-08287-ASHL,49,1
N26-057-08287-ASHL,52,1
N26-057-08287-ASHL,57,1
N26-071-08288-NIKE,69,1
N26-071-08288-NIKE,71,1
N26-071-08288-NIKE,96,1
N26-071-08288-NIKE,100,1
N26-091-08289-MIKE,89,1
N26-091-08289-MIKE,91,1
N26-018-08290-CHAR,1,1
N26-018-08290-CHAR,4,1
N26-018-08290-CHAR,18,1
N26-065-08291-MACX,60,1
N26-065-08291-MACX,61,1
N26-065-08291-MACX,65,1
N26-032-08292-VOGU,28,1
N26-032-08292-VOGU,32,1
N26-045-08293-STER,36,1
N26-045-08293-STER,38,1
N26-045-08293-STER,45,1
N26-032-08294-OAKL,28,1
N26-032-08294-OAKL,32,1
N26-088-08295-ZEBR,84,1
N26-088-08295-ZEBR,86,1
N26-088-08295-ZEBR,88,1
N26-088-08295-ZEBR,96,1
N26-088-08295-ZEBR,100,1
N26-057-08296-IKEA,49,1
N26-057-08296-IKEA,52,1
N26-057-08296-IKEA,57,1
N26-016-08297-MASS,1,1
N26-016-08297-MASS,3,1
N26-016-08297-MASS,16,1
N26-074-08298-BOWF,69,1
N26-074-08298-BOWF,70,1
N26-074-08298-BOWF,74,1
N26-058-08299-TECN,49,1
N26-058-08299-TECN,53,1
N26-058-08299-TECN,58,1
N26-058-08299-TECN,96,1
N26-058-08299-TECN,100,1
N26-016-08300-CAXX,1,1
N26-016-08300-CAXX,3,1
N26-016-08300-CAXX,16,1
N26-067-08301-GRIS,60,1
N26-067-08301-GRIS,62,1
N26-067-08301-GRIS,67,1
N26-017-08302-CUID,1,1
N26-017-08302-CUID,4,1
N26-017-08302-CUID,17,1
N26-041-08303-LANI,36,1
N26-041-08303-LANI,37,1
N26-041-08303-LANI,41,1
N26-010-08304-CAXX,1,1
N26-010-08304-CAXX,4,1
N26-010-08304-CAXX,10,1
N26-041-08305-APPL,36,1
N26-041-08305-APPL,37,1
N26-041-08305-APPL,41,1
N26-072-08306-NIKE,69,1
N26-072-08306-NIKE,72,1
N26-082-08307-STER,77,1
N26-082-08307-STER,80,1
N26-082-08307-STER,82,1
N26-082-08307-STER,96,1
N26-082-08307-STER,97,1
N26-027-08308-NIKE,19,1
N26-027-08308-NIKE,22,1
N26-027-08308-NIKE,27,1
N26-091-08309-MIKE,89,1
N26-091-08309-MIKE,91,1
N26-027-08310-CROC,19,1
N26-027-08310-CROC,22,1
N26-027-08310-CROC,27,1
N26-050-08311-VASC,49,1
N26-050-08311-VASC,50,1
N26-050-08312-TRAM,49,1
N26-050-08312-TRAM,50,1
N26-026-08313-SKEC,19,1
N26-026-08313-SKEC,21,1
N26-026-08313-SKEC,26,1
N26-075-08314-ADID,69,1
N26-075-08314-ADID,70,1
N26-075-08314-ADID,75,1
N26-075-08314-ADID,96,1
N26-075-08314-ADID,100,1
N26-007-08315-MANG,1,1
N26-007-08315-MANG,3,1
N26-007-08315-MANG,7,1
N26-057-08316-ASHL,49,1
N26-057-08316-ASHL,52,1
N26-057-08316-ASHL,57,1
N26-057-08316-ASHL,96,1
N26-057-08316-ASHL,99,1
N26-075-08317-GAIA,69,1
N26-075-08317-GAIA,70,1
N26-075-08317-GAIA,75,1
N26-075-08317-GAIA,96,1
N26-075-08317-GAIA,98,1
N26-056-08318-DELO,49,1
N26-056-08318-DELO,51,1
N26-056-08318-DELO,56,1
N26-056-08318-DELO,96,1
N26-056-08318-DELO,97,1
N26-048-08319-HISE,36,1
N26-048-08319-HISE,40,1
N26-048-08319-HISE,48,1
N26-017-08320-PUMA,1,1
N26-017-08320-PUMA,4,1
N26-017-08320-PUMA,17,1
N26-044-08321-HONO,36,1
N26-044-08321-HONO,38,1
N26-044-08321-HONO,44,1
N26-044-08321-HONO,96,1
N26-044-08321-HONO,100,1
N26-023-08322-CHAR,19,1
N26-023-08322-CHAR,20,1
N26-023-08322-CHAR,23,1
N26-047-08323-SONO,36,1
N26-047-08323-SONO,39,1
N26-047-08323-SONO,47,1
N26-082-08324-PLAY,77,1
N26-082-08324-PLAY,80,1
N26-082-08324-PLAY,82,1
N26-075-08325-GAIA,69,1
N26-075-08325-GAIA,70,1
N26-075-08325-GAIA,75,1
N26-041-08326-ASUS,36,1
N26-041-08326-ASUS,37,1
N26-041-08326-ASUS,41,1
N26-071-08327-PIRM,69,1
N26-071-08327-PIRM,71,1
N26-009-08328-CAXX,1,1
N26-009-08328-CAXX,4,1
N26-009-08328-CAXX,9,1
N26-009-08328-CAXX,96,1
N26-009-08328-CAXX,100,1
N26-007-08329-HMXX,1,1
N26-007-08329-HMXX,3,1
N26-007-08329-HMXX,7,1
N26-091-08330-ARMO,89,1
N26-091-08330-ARMO,91,1
N26-034-08331-LEVI,28,1
N26-034-08331-LEVI,34,1
N26-029-08332-PINE,28,1
N26-029-08332-PINE,29,1
N26-029-08332-PINE,96,1
N26-029-08332-PINE,97,1
N26-031-08333-CITI,28,1
N26-031-08333-CITI,31,1
N26-048-08334-SONY,36,1
N26-048-08334-SONY,40,1
N26-048-08334-SONY,48,1
N26-048-08334-SONY,96,1
N26-048-08334-SONY,97,1
N26-059-08335-IKEA,49,1
N26-059-08335-IKEA,54,1
N26-059-08335-IKEA,59,1
N26-064-08336-NATU,60,1
N26-064-08336-NATU,64,1
N26-043-08337-LOGI,36,1
N26-043-08337-LOGI,37,1
N26-043-08337-LOGI,43,1
N26-024-08338-FLEX,19,1
N26-024-08338-FLEX,20,1
N26-024-08338-FLEX,24,1
N26-024-08338-FLEX,96,1
N26-024-08338-FLEX,97,1
N26-023-08339-PIRM,19,1
N26-023-08339-PIRM,20,1
N26-023-08339-PIRM,23,1
N26-023-08339-PIRM,96,1
N26-023-08339-PIRM,100,1
N26-068-08340-GRIS,60,1
N26-068-08340-GRIS,62,1
N26-068-08340-GRIS,68,1
N26-025-08341-NINE,19,1
N26-025-08341-NINE,21,1
N26-025-08341-NINE,25,1
N26-025-08341-NINE,96,1
N26-025-08341-NINE,99,1
N26-095-08342-PURI,93,1
N26-095-08342-PURI,95,1
N26-075-08343-NIKE,69,1
N26-075-08343-NIKE,70,1
N26-075-08343-NIKE,75,1
N26-044-08344-SAMS,36,1
N26-044-08344-SAMS,38,1
N26-044-08344-SAMS,44,1
N26-044-08344-SAMS,96,1
N26-044-08344-SAMS,99,1
N26-008-08345-CUID,1,1
N26-008-08345-CUID,3,1
N26-008-08345-CUID,8,1
N26-008-08345-CUID,96,1
N26-008-08345-CUID,100,1
N26-048-08346-SAMS,36,1
N26-048-08346-SAMS,40,1
N26-048-08346-SAMS,48,1
N26-041-08347-LANI,36,1
N26-041-08347-LANI,37,1
N26-041-08347-LANI,41,1
N26-078-08348-FISH,77,1
N26-078-08348-FISH,78,1
N26-026-08349-SKEC,19,1
N26-026-08349-SKEC,21,1
N26-026-08349-SKEC,26,1
N26-059-08350-IKEA,49,1
N26-059-08350-IKEA,54,1
N26-059-08350-IKEA,59,1
N26-059-08350-IKEA,96,1
N26-059-08350-IKEA,97,1
N26-030-08351-TOUS,28,1
N26-030-08351-TOUS,30,1
N26-071-08352-PUMA,69,1
N26-071-08352-PUMA,71,1
N26-082-08353-STER,77,1
N26-082-08353-STER,80,1
N26-082-08353-STER,82,1
N26-024-08354-HUSH,19,1
N26-024-08354-HUSH,20,1
N26-024-08354-HUSH,24,1
N26-025-08355-NINE,19,1
N26-025-08355-NINE,21,1
N26-025-08355-NINE,25,1
N26-025-08355-NINE,96,1
N26-025-08355-NINE,99,1
N26-011-08356-HMXX,1,1
N26-011-08356-HMXX,4,1
N26-011-08356-HMXX,11,1
N26-016-08357-MASS,1,1
N26-016-08357-MASS,3,1
N26-016-08357-MASS,16,1
N26-012-08358-CUID,1,1
N26-012-08358-CUID,4,1
N26-012-08358-CUID,12,1
N26-047-08359-SONO,36,1
N26-047-08359-SONO,39,1
N26-047-08359-SONO,47,1
N26-047-08359-SONO,96,1
N26-047-08359-SONO,100,1
N26-023-08360-ADID,19,1
N26-023-08360-ADID,20,1
N26-023-08360-ADID,23,1
N26-064-08361-PAIP,60,1
N26-064-08361-PAIP,64,1
N26-065-08362-MAYB,60,1
N26-065-08362-MAYB,61,1
N26-065-08362-MAYB,65,1
N26-055-08363-KOBL,49,1
N26-055-08363-KOBL,51,1
N26-055-08363-KOBL,55,1
N26-082-08364-STER,77,1
N26-082-08364-STER,80,1
N26-082-08364-STER,82,1
N26-095-08365-HILL,93,1
N26-095-08365-HILL,95,1
N26-095-08365-HILL,96,1
N26-095-08365-HILL,99,1
N26-048-08366-PHIL,36,1
N26-048-08366-PHIL,40,1
N26-048-08366-PHIL,48,1
N26-073-08367-BENO,69,1
N26-073-08367-BENO,73,1
N26-073-08367-BENO,96,1
N26-073-08367-BENO,100,1
N26-056-08368-KOBL,49,1
N26-056-08368-KOBL,51,1
N26-056-08368-KOBL,56,1
N26-094-08369-NUPE,93,1
N26-094-08369-NUPE,94,1
N26-015-08370-ZARA,1,1
N26-015-08370-ZARA,3,1
N26-015-08370-ZARA,15,1
N26-068-08371-GRIS,60,1
N26-068-08371-GRIS,62,1
N26-068-08371-GRIS,68,1
N26-031-08372-SEIK,28,1
N26-031-08372-SEIK,31,1
N26-091-08373-TURT,89,1
N26-091-08373-TURT,91,1
N26-063-08374-GRIS,60,1
N26-063-08374-GRIS,63,1
N26-005-08375-MASS,1,1
N26-005-08375-MASS,2,1
N26-005-08375-MASS,5,1
N26-029-08376-ADID,28,1
N26-029-08376-ADID,29,1
N26-045-08377-STER,36,1
N26-045-08377-STER,38,1
N26-045-08377-STER,45,1
N26-067-08378-NIVE,60,1
N26-067-08378-NIVE,62,1
N26-067-08378-NIVE,67,1
N26-046-08379-SONY,36,1
N26-046-08379-SONY,39,1
N26-046-08379-SONY,46,1
N26-046-08379-SONY,96,1
N26-046-08379-SONY,100,1
N26-067-08380-NIVE,60,1
N26-067-08380-NIVE,62,1
N26-067-08380-NIVE,67,1
N26-057-08381-GAIA,49,1
N26-057-08381-GAIA,52,1
N26-057-08381-GAIA,57,1
N26-031-08382-SEIK,28,1
N26-031-08382-SEIK,31,1
N26-031-08382-SEIK,96,1
N26-031-08382-SEIK,99,1
N26-083-08383-ASMO,77,1
N26-083-08383-ASMO,83,1
N26-087-08384-PORR,84,1
N26-087-08384-PORR,85,1
N26-087-08384-PORR,87,1
N26-044-08385-MOTO,36,1
N26-044-08385-MOTO,38,1
N26-044-08385-MOTO,44,1
N26-092-08386-NGKX,89,1
N26-092-08386-NGKX,92,1
N26-076-08387-THEN,69,1
N26-076-08387-THEN,76,1
N26-031-08388-HUAW,28,1
N26-031-08388-HUAW,31,1
N26-065-08389-PAIP,60,1
N26-065-08389-PAIP,61,1
N26-065-08389-PAIP,65,1
N26-079-08390-LEGO,77,1
N26-079-08390-LEGO,79,1
N26-012-08391-CUID,1,1
N26-012-08391-CUID,4,1
N26-012-08391-CUID,12,1
N26-078-08392-NATI,77,1
N26-078-08392-NATI,78,1
N26-067-08393-GRIS,60,1
N26-067-08393-GRIS,62,1
N26-067-08393-GRIS,67,1
N26-067-08393-GRIS,96,1
N26-067-08393-GRIS,97,1
N26-033-08394-NIKE,28,1
N26-033-08394-NIKE,33,1
N26-013-08395-ADID,1,1
N26-013-08395-ADID,2,1
N26-013-08395-ADID,13,1
N26-057-08396-GAIA,49,1
N26-057-08396-GAIA,52,1
N26-057-08396-GAIA,57,1
N26-057-08396-GAIA,96,1
N26-057-08396-GAIA,99,1
N26-031-08397-SEIK,28,1
N26-031-08397-SEIK,31,1
N26-031-08397-SEIK,96,1
N26-031-08397-SEIK,100,1
N26-011-08398-HMXX,1,1
N26-011-08398-HMXX,4,1
N26-011-08398-HMXX,11,1
N26-035-08399-PINE,28,1
N26-035-08399-PINE,35,1
N26-018-08400-NIKE,1,1
N26-018-08400-NIKE,4,1
N26-018-08400-NIKE,18,1
N26-025-08401-STEV,19,1
N26-025-08401-STEV,21,1
N26-025-08401-STEV,25,1
N26-012-08402-CUID,1,1
N26-012-08402-CUID,4,1
N26-012-08402-CUID,12,1
N26-016-08403-ZARA,1,1
N26-016-08403-ZARA,3,1
N26-016-08403-ZARA,16,1
N26-016-08403-ZARA,96,1
N26-016-08403-ZARA,97,1
N26-047-08404-BOSE,36,1
N26-047-08404-BOSE,39,1
N26-047-08404-BOSE,47,1
N26-047-08404-BOSE,96,1
N26-047-08404-BOSE,98,1
N26-031-08405-SEIK,28,1
N26-031-08405-SEIK,31,1
N26-026-08406-DRMA,19,1
N26-026-08406-DRMA,21,1
N26-026-08406-DRMA,26,1
N26-055-08407-KOBL,49,1
N26-055-08407-KOBL,51,1
N26-055-08407-KOBL,55,1
N26-033-08408-NEWE,28,1
N26-033-08408-NEWE,33,1
N26-048-08409-LGXX,36,1
N26-048-08409-LGXX,40,1
N26-048-08409-LGXX,48,1
N26-024-08410-ROCK,19,1
N26-024-08410-ROCK,20,1
N26-024-08410-ROCK,24,1
N26-047-08411-SONY,36,1
N26-047-08411-SONY,39,1
N26-047-08411-SONY,47,1
N26-014-08412-CUID,1,1
N26-014-08412-CUID,2,1
N26-014-08412-CUID,14,1
N26-023-08413-PUMA,19,1
N26-023-08413-PUMA,20,1
N26-023-08413-PUMA,23,1
N26-025-08414-NINE,19,1
N26-025-08414-NINE,21,1
N26-025-08414-NINE,25,1
N26-055-08415-HAMI,49,1
N26-055-08415-HAMI,51,1
N26-055-08415-HAMI,55,1
N26-068-08416-EUCE,60,1
N26-068-08416-EUCE,62,1
N26-068-08416-EUCE,68,1
N26-072-08417-NEWB,69,1
N26-072-08417-NEWB,72,1
N26-072-08417-NEWB,96,1
N26-072-08417-NEWB,99,1
N26-074-08418-BOWF,69,1
N26-074-08418-BOWF,70,1
N26-074-08418-BOWF,74,1
N26-005-08419-LEVI,1,1
N26-005-08419-LEVI,2,1
N26-005-08419-LEVI,5,1
N26-066-08420-REVL,60,1
N26-066-08420-REVL,61,1
N26-066-08420-REVL,66,1
N26-066-08420-REVL,96,1
N26-066-08420-REVL,98,1
N26-017-08421-CUID,1,1
N26-017-08421-CUID,4,1
N26-017-08421-CUID,17,1
N26-017-08421-CUID,96,1
N26-017-08421-CUID,100,1
N26-026-08422-TIMB,19,1
N26-026-08422-TIMB,21,1
N26-026-08422-TIMB,26,1
N26-045-08423-UAGX,36,1
N26-045-08423-UAGX,38,1
N26-045-08423-UAGX,45,1
N26-078-08424-MIAL,77,1
N26-078-08424-MIAL,78,1
N26-074-08425-CAPB,69,1
N26-074-08425-CAPB,70,1
N26-074-08425-CAPB,74,1
N26-006-08426-CUID,1,1
N26-006-08426-CUID,2,1
N26-006-08426-CUID,6,1
N26-010-08427-HMXX,1,1
N26-010-08427-HMXX,4,1
N26-010-08427-HMXX,10,1
N26-010-08427-HMXX,96,1
N26-010-08427-HMXX,98,1
N26-025-08428-ALDO,19,1
N26-025-08428-ALDO,21,1
N26-025-08428-ALDO,25,1
N26-090-08429-MIKE,89,1
N26-090-08429-MIKE,90,1
N26-016-08430-CAXX,1,1
N26-016-08430-CAXX,3,1
N26-016-08430-CAXX,16,1
N26-006-08431-CUID,1,1
N26-006-08431-CUID,2,1
N26-006-08431-CUID,6,1
N26-041-08432-LENO,36,1
N26-041-08432-LENO,37,1
N26-041-08432-LENO,41,1
N26-024-08433-FLEX,19,1
N26-024-08433-FLEX,20,1
N26-024-08433-FLEX,24,1
N26-024-08433-FLEX,96,1
N26-024-08433-FLEX,97,1
N26-015-08434-MANG,1,1
N26-015-08434-MANG,3,1
N26-015-08434-MANG,15,1
N26-015-08434-MANG,96,1
N26-015-08434-MANG,98,1
N26-025-08435-NINE,19,1
N26-025-08435-NINE,21,1
N26-025-08435-NINE,25,1
N26-055-08436-MABE,49,1
N26-055-08436-MABE,51,1
N26-055-08436-MABE,55,1
N26-029-08437-ADID,28,1
N26-029-08437-ADID,29,1
N26-074-08438-DECA,69,1
N26-074-08438-DECA,70,1
N26-074-08438-DECA,74,1
N26-074-08438-DECA,96,1
N26-074-08438-DECA,98,1
N26-064-08439-CALV,60,1
N26-064-08439-CALV,64,1
N26-029-08440-SAMS,28,1
N26-029-08440-SAMS,29,1
N26-029-08440-SAMS,96,1
N26-029-08440-SAMS,97,1
N26-073-08441-SHIM,69,1
N26-073-08441-SHIM,73,1
N26-035-08442-FOSS,28,1
N26-035-08442-FOSS,35,1
N26-071-08443-PUMA,69,1
N26-071-08443-PUMA,71,1
N26-024-08444-FLEX,19,1
N26-024-08444-FLEX,20,1
N26-024-08444-FLEX,24,1
N26-045-08445-STER,36,1
N26-045-08445-STER,38,1
N26-045-08445-STER,45,1
N26-009-08446-BABY,1,1
N26-009-08446-BABY,4,1
N26-009-08446-BABY,9,1
N26-012-08447-CUID,1,1
N26-012-08447-CUID,4,1
N26-012-08447-CUID,12,1
N26-091-08448-MIKE,89,1
N26-091-08448-MIKE,91,1
N26-034-08449-PINE,28,1
N26-034-08449-PINE,34,1
N26-075-08450-MAND,69,1
N26-075-08450-MAND,70,1
N26-075-08450-MAND,75,1
N26-044-08451-LANI,36,1
N26-044-08451-LANI,38,1
N26-044-08451-LANI,44,1
N26-030-08452-TOUS,28,1
N26-030-08452-TOUS,30,1
N26-030-08452-TOUS,96,1
N26-030-08452-TOUS,100,1
N26-043-08453-VORA,36,1
N26-043-08453-VORA,37,1
N26-043-08453-VORA,43,1
N26-055-08454-OSTE,49,1
N26-055-08454-OSTE,51,1
N26-055-08454-OSTE,55,1
N26-059-08455-VIAN,49,1
N26-059-08455-VIAN,54,1
N26-059-08455-VIAN,59,1
N26-076-08456-THEN,69,1
N26-076-08456-THEN,76,1
N26-095-08457-HILL,93,1
N26-095-08457-HILL,95,1
N26-044-08458-LANI,36,1
N26-044-08458-LANI,38,1
N26-044-08458-LANI,44,1
N26-044-08458-LANI,96,1
N26-044-08458-LANI,99,1
N26-091-08459-MIKE,89,1
N26-091-08459-MIKE,91,1
N26-071-08460-PUMA,69,1
N26-071-08460-PUMA,71,1
N26-071-08460-PUMA,96,1
N26-071-08460-PUMA,98,1
N26-027-08461-ADID,19,1
N26-027-08461-ADID,22,1
N26-027-08461-ADID,27,1
N26-029-08462-ADID,28,1
N26-029-08462-ADID,29,1
N26-029-08462-ADID,96,1
N26-029-08462-ADID,100,1
N26-068-08463-EUCE,60,1
N26-068-08463-EUCE,62,1
N26-068-08463-EUCE,68,1
N26-067-08464-NIVE,60,1
N26-067-08464-NIVE,62,1
N26-067-08464-NIVE,67,1
N26-025-08465-FLEX,19,1
N26-025-08465-FLEX,21,1
N26-025-08465-FLEX,25,1
N26-007-08466-CUID,1,1
N26-007-08466-CUID,3,1
N26-007-08466-CUID,7,1
N26-007-08466-CUID,96,1
N26-007-08466-CUID,100,1
N26-010-08467-CHAR,1,1
N26-010-08467-CHAR,4,1
N26-010-08467-CHAR,10,1
N26-059-08468-SPRI,49,1
N26-059-08468-SPRI,54,1
N26-059-08468-SPRI,59,1
N26-016-08469-HMXX,1,1
N26-016-08469-HMXX,3,1
N26-016-08469-HMXX,16,1
N26-072-08470-ADID,69,1
N26-072-08470-ADID,72,1
N26-072-08470-ADID,96,1
N26-072-08470-ADID,97,1
N26-094-08471-HILL,93,1
N26-094-08471-HILL,94,1
N26-063-08472-GRIS,60,1
N26-063-08472-GRIS,63,1
N26-090-08473-MIKE,89,1
N26-090-08473-MIKE,90,1
N26-026-08474-TIMB,19,1
N26-026-08474-TIMB,21,1
N26-026-08474-TIMB,26,1
N26-045-08475-STER,36,1
N26-045-08475-STER,38,1
N26-045-08475-STER,45,1
N26-045-08475-STER,96,1
N26-045-08475-STER,100,1
N26-073-08476-SPEC,69,1
N26-073-08476-SPEC,73,1
N26-042-08477-CORS,36,1
N26-042-08477-CORS,37,1
N26-042-08477-CORS,42,1
N26-032-08478-HAWK,28,1
N26-032-08478-HAWK,32,1
N26-032-08478-HAWK,96,1
N26-032-08478-HAWK,97,1
N26-068-08479-LARO,60,1
N26-068-08479-LARO,62,1
N26-068-08479-LARO,68,1
N26-091-08480-MEGU,89,1
N26-091-08480-MEGU,91,1
N26-088-08481-ZEBR,84,1
N26-088-08481-ZEBR,86,1
N26-088-08481-ZEBR,88,1
N26-072-08482-CHAR,69,1
N26-072-08482-CHAR,72,1
N26-072-08483-CHAR,69,1
N26-072-08483-CHAR,72,1
N26-041-08484-HPXX,36,1
N26-041-08484-HPXX,37,1
N26-041-08484-HPXX,41,1
N26-011-08485-ZARA,1,1
N26-011-08485-ZARA,4,1
N26-011-08485-ZARA,11,1
N26-024-08486-FLEX,19,1
N26-024-08486-FLEX,20,1
N26-024-08486-FLEX,24,1
N26-041-08487-ACER,36,1
N26-041-08487-ACER,37,1
N26-041-08487-ACER,41,1
N26-029-08488-PINE,28,1
N26-029-08488-PINE,29,1
N26-007-08489-MANG,1,1
N26-007-08489-MANG,3,1
N26-007-08489-MANG,7,1
N26-007-08489-MANG,96,1
N26-007-08489-MANG,99,1
N26-057-08490-BOCO,49,1
N26-057-08490-BOCO,52,1
N26-057-08490-BOCO,57,1
N26-067-08491-GRIS,60,1
N26-067-08491-GRIS,62,1
N26-067-08491-GRIS,67,1
N26-083-08492-ASMO,77,1
N26-083-08492-ASMO,83,1
N26-015-08493-MANG,1,1
N26-015-08493-MANG,3,1
N26-015-08493-MANG,15,1
N26-042-08494-VORA,36,1
N26-042-08494-VORA,37,1
N26-042-08494-VORA,42,1
N26-029-08495-KIPL,28,1
N26-029-08495-KIPL,29,1
N26-048-08496-LGXX,36,1
N26-048-08496-LGXX,40,1
N26-048-08496-LGXX,48,1
N26-048-08496-LGXX,96,1
N26-048-08496-LGXX,98,1
N26-050-08497-EKCO,49,1
N26-050-08497-EKCO,50,1
N26-050-08497-EKCO,96,1
N26-050-08497-EKCO,98,1
N26-068-08498-EUCE,60,1
N26-068-08498-EUCE,62,1
N26-068-08498-EUCE,68,1
N26-068-08498-EUCE,96,1
N26-068-08498-EUCE,99,1
N26-082-08499-HYPE,77,1
N26-082-08499-HYPE,80,1
N26-082-08499-HYPE,82,1
N26-088-08500-PILO,84,1
N26-088-08500-PILO,86,1
N26-088-08500-PILO,88,1
N26-016-08501-MASS,1,1
N26-016-08501-MASS,3,1
N26-016-08501-MASS,16,1
N26-009-08502-BABY,1,1
N26-009-08502-BABY,4,1
N26-009-08502-BABY,9,1
N26-029-08503-PINE,28,1
N26-029-08503-PINE,29,1
N26-068-08504-NIVE,60,1
N26-068-08504-NIVE,62,1
N26-068-08504-NIVE,68,1
N26-031-08505-HUAW,28,1
N26-031-08505-HUAW,31,1
N26-042-08506-VORA,36,1
N26-042-08506-VORA,37,1
N26-042-08506-VORA,42,1
N26-042-08506-VORA,96,1
N26-042-08506-VORA,97,1
N26-047-08507-STER,36,1
N26-047-08507-STER,39,1
N26-047-08507-STER,47,1
N26-008-08508-CUID,1,1
N26-008-08508-CUID,3,1
N26-008-08508-CUID,8,1
N26-031-08509-HUAW,28,1
N26-031-08509-HUAW,31,1
N26-057-08510-IKEA,49,1
N26-057-08510-IKEA,52,1
N26-057-08510-IKEA,57,1
N26-015-08511-MASS,1,1
N26-015-08511-MASS,3,1
N26-015-08511-MASS,15,1
N26-015-08511-MASS,96,1
N26-015-08511-MASS,97,1
N26-078-08512-MIAL,77,1
N26-078-08512-MIAL,78,1
N26-010-08513-PIRM,1,1
N26-010-08513-PIRM,4,1
N26-010-08513-PIRM,10,1
N26-057-08514-GAIA,49,1
N26-057-08514-GAIA,52,1
N26-057-08514-GAIA,57,1
N26-044-08515-APPL,36,1
N26-044-08515-APPL,38,1
N26-044-08515-APPL,44,1
N26-044-08515-APPL,96,1
N26-044-08515-APPL,98,1
N26-065-08516-MAYB,60,1
N26-065-08516-MAYB,61,1
N26-065-08516-MAYB,65,1
N26-068-08517-GRIS,60,1
N26-068-08517-GRIS,62,1
N26-068-08517-GRIS,68,1
N26-068-08517-GRIS,96,1
N26-068-08517-GRIS,98,1
N26-031-08518-FOSS,28,1
N26-031-08518-FOSS,31,1
N26-015-08519-MASS,1,1
N26-015-08519-MASS,3,1
N26-015-08519-MASS,15,1
N26-015-08519-MASS,96,1
N26-015-08519-MASS,98,1
N26-010-08520-CART,1,1
N26-010-08520-CART,4,1
N26-010-08520-CART,10,1
N26-010-08520-CART,96,1
N26-010-08520-CART,98,1
N26-067-08521-NEUT,60,1
N26-067-08521-NEUT,62,1
N26-067-08521-NEUT,67,1
N26-067-08522-GRIS,60,1
N26-067-08522-GRIS,62,1
N26-067-08522-GRIS,67,1
N26-023-08523-SKEC,19,1
N26-023-08523-SKEC,20,1
N26-023-08523-SKEC,23,1
N26-055-08524-MABE,49,1
N26-055-08524-MABE,51,1
N26-055-08524-MABE,55,1
N26-082-08525-PLAY,77,1
N26-082-08525-PLAY,80,1
N26-082-08525-PLAY,82,1
N26-081-08526-NINT,77,1
N26-081-08526-NINT,80,1
N26-081-08526-NINT,81,1
N26-068-08527-NIVE,60,1
N26-068-08527-NIVE,62,1
N26-068-08527-NIVE,68,1
N26-078-08528-MIAL,77,1
N26-078-08528-MIAL,78,1
N26-056-08529-DELO,49,1
N26-056-08529-DELO,51,1
N26-056-08529-DELO,56,1
N26-072-08530-CHAR,69,1
N26-072-08530-CHAR,72,1
N26-072-08530-CHAR,96,1
N26-072-08530-CHAR,99,1
N26-081-08531-PLAY,77,1
N26-081-08531-PLAY,80,1
N26-081-08531-PLAY,81,1
N26-067-08532-GRIS,60,1
N26-067-08532-GRIS,62,1
N26-067-08532-GRIS,67,1
N26-067-08532-GRIS,96,1
N26-067-08532-GRIS,98,1
N26-075-08533-VOIT,69,1
N26-075-08533-VOIT,70,1
N26-075-08533-VOIT,75,1
N26-075-08533-VOIT,96,1
N26-075-08533-VOIT,100,1
N26-014-08534-CUID,1,1
N26-014-08534-CUID,2,1
N26-014-08534-CUID,14,1
N26-050-08535-VASC,49,1
N26-050-08535-VASC,50,1
N26-042-08536-ASUS,36,1
N26-042-08536-ASUS,37,1
N26-042-08536-ASUS,42,1
N26-092-08537-BOSC,89,1
N26-092-08537-BOSC,92,1
N26-092-08537-BOSC,96,1
N26-092-08537-BOSC,100,1
N26-044-08538-APPL,36,1
N26-044-08538-APPL,38,1
N26-044-08538-APPL,44,1
N26-044-08538-APPL,96,1
N26-044-08538-APPL,99,1
N26-035-08539-FOSS,28,1
N26-035-08539-FOSS,35,1
N26-067-08540-NEUT,60,1
N26-067-08540-NEUT,62,1
N26-067-08540-NEUT,67,1
N26-023-08541-NIKE,19,1
N26-023-08541-NIKE,20,1
N26-023-08541-NIKE,23,1
N26-011-08542-CAXX,1,1
N26-011-08542-CAXX,4,1
N26-011-08542-CAXX,11,1
N26-008-08543-BERS,1,1
N26-008-08543-BERS,3,1
N26-008-08543-BERS,8,1
N26-087-08544-OREI,84,1
N26-087-08544-OREI,85,1
N26-087-08544-OREI,87,1
N26-029-08545-PINE,28,1
N26-029-08545-PINE,29,1
N26-025-08546-NINE,19,1
N26-025-08546-NINE,21,1
N26-025-08546-NINE,25,1
N26-058-08547-STER,49,1
N26-058-08547-STER,53,1
N26-058-08547-STER,58,1
N26-058-08547-STER,96,1
N26-058-08547-STER,100,1
N26-071-08548-PIRM,69,1
N26-071-08548-PIRM,71,1
N26-042-08549-SEAG,36,1
N26-042-08549-SEAG,37,1
N26-042-08549-SEAG,42,1
N26-042-08549-SEAG,96,1
N26-042-08549-SEAG,99,1
N26-058-08550-STER,49,1
N26-058-08550-STER,53,1
N26-058-08550-STER,58,1
N26-034-08551-PINE,28,1
N26-034-08551-PINE,34,1
N26-034-08551-PINE,96,1
N26-034-08551-PINE,100,1
N26-091-08552-TURT,89,1
N26-091-08552-TURT,91,1
N26-041-08553-ASUS,36,1
N26-041-08553-ASUS,37,1
N26-041-08553-ASUS,41,1
N26-008-08554-BERS,1,1
N26-008-08554-BERS,3,1
N26-008-08554-BERS,8,1
N26-045-08555-SPIG,36,1
N26-045-08555-SPIG,38,1
N26-045-08555-SPIG,45,1
N26-033-08556-NEWE,28,1
N26-033-08556-NEWE,33,1
N26-033-08556-NEWE,96,1
N26-033-08556-NEWE,98,1
N26-081-08557-NINT,77,1
N26-081-08557-NINT,80,1
N26-081-08557-NINT,81,1
N26-035-08558-FOSS,28,1
N26-035-08558-FOSS,35,1
N26-074-08559-EVER,69,1
N26-074-08559-EVER,70,1
N26-074-08559-EVER,74,1
N26-074-08559-EVER,96,1
N26-074-08559-EVER,98,1
N26-026-08560-SKEC,19,1
N26-026-08560-SKEC,21,1
N26-026-08560-SKEC,26,1
N26-030-08561-PINE,28,1
N26-030-08561-PINE,30,1
N26-078-08562-MIAL,77,1
N26-078-08562-MIAL,78,1
N26-014-08563-ZARA,1,1
N26-014-08563-ZARA,2,1
N26-014-08563-ZARA,14,1
N26-058-08564-IKEA,49,1
N26-058-08564-IKEA,53,1
N26-058-08564-IKEA,58,1
N26-058-08564-IKEA,96,1
N26-058-08564-IKEA,99,1
N26-006-08565-CUID,1,1
N26-006-08565-CUID,2,1
N26-006-08565-CUID,6,1
N26-015-08566-ZARA,1,1
N26-015-08566-ZARA,3,1
N26-015-08566-ZARA,15,1
N26-087-08567-PACK,84,1
N26-087-08567-PACK,85,1
N26-087-08567-PACK,87,1
N26-059-08568-SPRI,49,1
N26-059-08568-SPRI,54,1
N26-059-08568-SPRI,59,1
N26-007-08569-MANG,1,1
N26-007-08569-MANG,3,1
N26-007-08569-MANG,7,1
N26-050-08570-PYRE,49,1
N26-050-08570-PYRE,50,1
N26-050-08570-PYRE,96,1
N26-050-08570-PYRE,99,1
N26-076-08571-NATU,69,1
N26-076-08571-NATU,76,1
N26-058-08572-PHIL,49,1
N26-058-08572-PHIL,53,1
N26-058-08572-PHIL,58,1
N26-030-08573-SWAR,28,1
N26-030-08573-SWAR,30,1
N26-030-08573-SWAR,96,1
N26-030-08573-SWAR,99,1
N26-024-08574-ALDO,19,1
N26-024-08574-ALDO,20,1
N26-024-08574-ALDO,24,1
N26-091-08575-MIKE,89,1
N26-091-08575-MIKE,91,1
N26-050-08576-KITC,49,1
N26-050-08576-KITC,50,1
N26-050-08576-KITC,96,1
N26-050-08576-KITC,99,1
N26-012-08577-CUID,1,1
N26-012-08577-CUID,4,1
N26-012-08577-CUID,12,1
N26-035-08578-FOSS,28,1
N26-035-08578-FOSS,35,1
N26-095-08579-WHIS,93,1
N26-095-08579-WHIS,95,1
N26-066-08580-REVL,60,1
N26-066-08580-REVL,61,1
N26-066-08580-REVL,66,1
N26-008-08581-CUID,1,1
N26-008-08581-CUID,3,1
N26-008-08581-CUID,8,1
N26-065-08582-NYXX,60,1
N26-065-08582-NYXX,61,1
N26-065-08582-NYXX,65,1
N26-065-08582-NYXX,96,1
N26-065-08582-NYXX,97,1
N26-007-08583-MANG,1,1
N26-007-08583-MANG,3,1
N26-007-08583-MANG,7,1
N26-007-08583-MANG,96,1
N26-007-08583-MANG,100,1
N26-064-08584-PAIP,60,1
N26-064-08584-PAIP,64,1
N26-023-08585-NIKE,19,1
N26-023-08585-NIKE,20,1
N26-023-08585-NIKE,23,1
N26-066-08586-BISS,60,1
N26-066-08586-BISS,61,1
N26-066-08586-BISS,66,1
N26-057-08587-IKEA,49,1
N26-057-08587-IKEA,52,1
N26-057-08587-IKEA,57,1
N26-057-08587-IKEA,96,1
N26-057-08587-IKEA,100,1
N26-050-08588-TRAM,49,1
N26-050-08588-TRAM,50,1
N26-065-08589-NYXX,60,1
N26-065-08589-NYXX,61,1
N26-065-08589-NYXX,65,1
N26-065-08590-BISS,60,1
N26-065-08590-BISS,61,1
N26-065-08590-BISS,65,1
N26-090-08591-ARMO,89,1
N26-090-08591-ARMO,90,1
N26-032-08592-VOGU,28,1
N26-032-08592-VOGU,32,1
N26-045-08593-OTTE,36,1
N26-045-08593-OTTE,38,1
N26-045-08593-OTTE,45,1
N26-007-08594-CUID,1,1
N26-007-08594-CUID,3,1
N26-007-08594-CUID,7,1
N26-010-08595-PIRM,1,1
N26-010-08595-PIRM,4,1
N26-010-08595-PIRM,10,1
N26-016-08596-CAXX,1,1
N26-016-08596-CAXX,3,1
N26-016-08596-CAXX,16,1
N26-074-08597-BOWF,69,1
N26-074-08597-BOWF,70,1
N26-074-08597-BOWF,74,1
N26-034-08598-HUGO,28,1
N26-034-08598-HUGO,34,1
N26-016-08599-ZARA,1,1
N26-016-08599-ZARA,3,1
N26-016-08599-ZARA,16,1
N26-088-08600-SCRI,84,1
N26-088-08600-SCRI,86,1
N26-088-08600-SCRI,88,1
N26-056-08601-KOBL,49,1
N26-056-08601-KOBL,51,1
N26-056-08601-KOBL,56,1
N26-034-08602-PINE,28,1
N26-034-08602-PINE,34,1
N26-034-08602-PINE,96,1
N26-034-08602-PINE,98,1
N26-034-08603-TOMM,28,1
N26-034-08603-TOMM,34,1
N26-016-08604-ZARA,1,1
N26-016-08604-ZARA,3,1
N26-016-08604-ZARA,16,1
N26-016-08604-ZARA,96,1
N26-016-08604-ZARA,99,1
N26-012-08605-BERS,1,1
N26-012-08605-BERS,4,1
N26-012-08605-BERS,12,1
N26-012-08605-BERS,96,1
N26-012-08605-BERS,100,1
N26-032-08606-RAYB,28,1
N26-032-08606-RAYB,32,1
N26-091-08607-TURT,89,1
N26-091-08607-TURT,91,1
N26-082-08608-LOGI,77,1
N26-082-08608-LOGI,80,1
N26-082-08608-LOGI,82,1
N26-082-08608-LOGI,96,1
N26-082-08608-LOGI,99,1
N26-024-08609-CLAR,19,1
N26-024-08609-CLAR,20,1
N26-024-08609-CLAR,24,1
N26-072-08610-CHAR,69,1
N26-072-08610-CHAR,72,1
N26-064-08611-VERS,60,1
N26-064-08611-VERS,64,1
N26-064-08611-VERS,96,1
N26-064-08611-VERS,97,1
N26-044-08612-LANI,36,1
N26-044-08612-LANI,38,1
N26-044-08612-LANI,44,1
N26-064-08613-PAIP,60,1
N26-064-08613-PAIP,64,1
N26-075-08614-NIKE,69,1
N26-075-08614-NIKE,70,1
N26-075-08614-NIKE,75,1
N26-075-08614-NIKE,96,1
N26-075-08614-NIKE,97,1
N26-073-08615-GIAN,69,1
N26-073-08615-GIAN,73,1
N26-068-08616-GRIS,60,1
N26-068-08616-GRIS,62,1
N26-068-08616-GRIS,68,1
N26-068-08616-GRIS,96,1
N26-068-08616-GRIS,98,1
N26-082-08617-PLAY,77,1
N26-082-08617-PLAY,80,1
N26-082-08617-PLAY,82,1
N26-007-08618-CUID,1,1
N26-007-08618-CUID,3,1
N26-007-08618-CUID,7,1
N26-058-08619-IKEA,49,1
N26-058-08619-IKEA,53,1
N26-058-08619-IKEA,58,1
N26-012-08620-CUID,1,1
N26-012-08620-CUID,4,1
N26-012-08620-CUID,12,1
N26-017-08621-ADID,1,1
N26-017-08621-ADID,4,1
N26-017-08621-ADID,17,1
N26-017-08621-ADID,96,1
N26-017-08621-ADID,99,1
N26-057-08622-DICO,49,1
N26-057-08622-DICO,52,1
N26-057-08622-DICO,57,1
N26-073-08623-BENO,69,1
N26-073-08623-BENO,73,1
N26-078-08624-CLEM,77,1
N26-078-08624-CLEM,78,1
N26-017-08625-CUID,1,1
N26-017-08625-CUID,4,1
N26-017-08625-CUID,17,1
N26-017-08625-CUID,96,1
N26-017-08625-CUID,98,1
N26-046-08626-BOSE,36,1
N26-046-08626-BOSE,39,1
N26-046-08626-BOSE,46,1
N26-046-08626-BOSE,96,1
N26-046-08626-BOSE,97,1
N26-026-08627-FLEX,19,1
N26-026-08627-FLEX,21,1
N26-026-08627-FLEX,26,1
N26-043-08628-MICR,36,1
N26-043-08628-MICR,37,1
N26-043-08628-MICR,43,1
N26-071-08629-CHAR,69,1
N26-071-08629-CHAR,71,1
N26-071-08629-CHAR,96,1
N26-071-08629-CHAR,98,1
N26-017-08630-CUID,1,1
N26-017-08630-CUID,4,1
N26-017-08630-CUID,17,1
N26-050-08631-KITC,49,1
N26-050-08631-KITC,50,1
N26-072-08632-NEWB,69,1
N26-072-08632-NEWB,72,1
N26-047-08633-SONY,36,1
N26-047-08633-SONY,39,1
N26-047-08633-SONY,47,1
N26-057-08634-DICO,49,1
N26-057-08634-DICO,52,1
N26-057-08634-DICO,57,1
N26-057-08634-DICO,96,1
N26-057-08634-DICO,100,1
N26-090-08635-MICH,89,1
N26-090-08635-MICH,90,1
N26-071-08636-NIKE,69,1
N26-071-08636-NIKE,71,1
N26-087-08637-PEAR,84,1
N26-087-08637-PEAR,85,1
N26-087-08637-PEAR,87,1
N26-042-08638-VORA,36,1
N26-042-08638-VORA,37,1
N26-042-08638-VORA,42,1
N26-092-08639-BOSC,89,1
N26-092-08639-BOSC,92,1
N26-074-08640-CAPB,69,1
N26-074-08640-CAPB,70,1
N26-074-08640-CAPB,74,1
N26-030-08641-THOM,28,1
N26-030-08641-THOM,30,1
N26-046-08642-STER,36,1
N26-046-08642-STER,39,1
N26-046-08642-STER,46,1
N26-046-08642-STER,96,1
N26-046-08642-STER,100,1
N26-087-08643-OREI,84,1
N26-087-08643-OREI,85,1
N26-087-08643-OREI,87,1
N26-094-08644-NUPE,93,1
N26-094-08644-NUPE,94,1
N26-094-08644-NUPE,96,1
N26-094-08644-NUPE,100,1
N26-082-08645-XBOX,77,1
N26-082-08645-XBOX,80,1
N26-082-08645-XBOX,82,1
N26-064-08646-PAIP,60,1
N26-064-08646-PAIP,64,1
N26-094-08647-ROYA,93,1
N26-094-08647-ROYA,94,1
N26-015-08648-ZARA,1,1
N26-015-08648-ZARA,3,1
N26-015-08648-ZARA,15,1
N26-076-08649-THEN,69,1
N26-076-08649-THEN,76,1
N26-082-08650-STER,77,1
N26-082-08650-STER,80,1
N26-082-08650-STER,82,1
N26-082-08650-STER,96,1
N26-082-08650-STER,100,1
N26-010-08651-CHAR,1,1
N26-010-08651-CHAR,4,1
N26-010-08651-CHAR,10,1
N26-010-08651-CHAR,96,1
N26-010-08651-CHAR,98,1
N26-027-08652-NIKE,19,1
N26-027-08652-NIKE,22,1
N26-027-08652-NIKE,27,1
N26-027-08652-NIKE,96,1
N26-027-08652-NIKE,97,1
N26-027-08653-HAVA,19,1
N26-027-08653-HAVA,22,1
N26-027-08653-HAVA,27,1
N26-027-08653-HAVA,96,1
N26-027-08653-HAVA,98,1
N26-010-08654-CAXX,1,1
N26-010-08654-CAXX,4,1
N26-010-08654-CAXX,10,1
N26-017-08655-NIKE,1,1
N26-017-08655-NIKE,4,1
N26-017-08655-NIKE,17,1
N26-017-08655-NIKE,96,1
N26-017-08655-NIKE,100,1
N26-005-08656-CUID,1,1
N26-005-08656-CUID,2,1
N26-005-08656-CUID,5,1
N26-056-08657-KOBL,49,1
N26-056-08657-KOBL,51,1
N26-056-08657-KOBL,56,1
N26-056-08657-KOBL,96,1
N26-056-08657-KOBL,99,1
N26-035-08658-FOSS,28,1
N26-035-08658-FOSS,35,1
N26-035-08658-FOSS,96,1
N26-035-08658-FOSS,99,1
N26-050-08659-EKCO,49,1
N26-050-08659-EKCO,50,1
N26-091-08660-ARMO,89,1
N26-091-08660-ARMO,91,1
N26-091-08660-ARMO,96,1
N26-091-08660-ARMO,99,1
N26-066-08661-MAYB,60,1
N26-066-08661-MAYB,61,1
N26-066-08661-MAYB,66,1
N26-017-08662-CUID,1,1
N26-017-08662-CUID,4,1
N26-017-08662-CUID,17,1
N26-010-08663-CHAR,1,1
N26-010-08663-CHAR,4,1
N26-010-08663-CHAR,10,1
N26-031-08664-HUAW,28,1
N26-031-08664-HUAW,31,1
N26-088-08665-SCRI,84,1
N26-088-08665-SCRI,86,1
N26-088-08665-SCRI,88,1
N26-025-08666-ZARA,19,1
N26-025-08666-ZARA,21,1
N26-025-08666-ZARA,25,1
N26-032-08667-POLA,28,1
N26-032-08667-POLA,32,1
N26-034-08668-TOMM,28,1
N26-034-08668-TOMM,34,1
N26-074-08669-DECA,69,1
N26-074-08669-DECA,70,1
N26-074-08669-DECA,74,1
N26-074-08669-DECA,96,1
N26-074-08669-DECA,100,1
N26-026-08670-TIMB,19,1
N26-026-08670-TIMB,21,1
N26-026-08670-TIMB,26,1
N26-026-08670-TIMB,96,1
N26-026-08670-TIMB,97,1
N26-063-08671-LORA,60,1
N26-063-08671-LORA,63,1
N26-056-08672-KOBL,49,1
N26-056-08672-KOBL,51,1
N26-056-08672-KOBL,56,1
N26-087-08673-PORR,84,1
N26-087-08673-PORR,85,1
N26-087-08673-PORR,87,1
N26-087-08673-PORR,96,1
N26-087-08673-PORR,99,1
N26-087-08674-TRIL,84,1
N26-087-08674-TRIL,85,1
N26-087-08674-TRIL,87,1
N26-048-08675-HISE,36,1
N26-048-08675-HISE,40,1
N26-048-08675-HISE,48,1
N26-079-08676-DIST,77,1
N26-079-08676-DIST,79,1
N26-094-08677-HILL,93,1
N26-094-08677-HILL,94,1
N26-059-08678-VIAN,49,1
N26-059-08678-VIAN,54,1
N26-059-08678-VIAN,59,1
N26-042-08679-WEST,36,1
N26-042-08679-WEST,37,1
N26-042-08679-WEST,42,1
N26-034-08680-TOMM,28,1
N26-034-08680-TOMM,34,1
N26-082-08681-PLAY,77,1
N26-082-08681-PLAY,80,1
N26-082-08681-PLAY,82,1
N26-082-08681-PLAY,96,1
N26-082-08681-PLAY,97,1
N26-082-08682-STER,77,1
N26-082-08682-STER,80,1
N26-082-08682-STER,82,1
N26-044-08683-GOOG,36,1
N26-044-08683-GOOG,38,1
N26-044-08683-GOOG,44,1
N26-044-08683-GOOG,96,1
N26-044-08683-GOOG,98,1
N26-041-08684-LENO,36,1
N26-041-08684-LENO,37,1
N26-041-08684-LENO,41,1
N26-041-08684-LENO,96,1
N26-041-08684-LENO,99,1
N26-030-08685-TOUS,28,1
N26-030-08685-TOUS,30,1
N26-030-08685-TOUS,96,1
N26-030-08685-TOUS,98,1
N26-083-08686-DEVI,77,1
N26-083-08686-DEVI,83,1
N26-064-08687-DIOR,60,1
N26-064-08687-DIOR,64,1
N26-023-08688-PANA,19,1
N26-023-08688-PANA,20,1
N26-023-08688-PANA,23,1
N26-056-08689-KOBL,49,1
N26-056-08689-KOBL,51,1
N26-056-08689-KOBL,56,1
N26-082-08690-STER,77,1
N26-082-08690-STER,80,1
N26-082-08690-STER,82,1
N26-090-08691-MICH,89,1
N26-090-08691-MICH,90,1
N26-090-08691-MICH,96,1
N26-090-08691-MICH,100,1
N26-087-08692-OREI,84,1
N26-087-08692-OREI,85,1
N26-087-08692-OREI,87,1
N26-045-08693-SPIG,36,1
N26-045-08693-SPIG,38,1
N26-045-08693-SPIG,45,1
N26-046-08694-SAMS,36,1
N26-046-08694-SAMS,39,1
N26-046-08694-SAMS,46,1
N26-029-08695-KIPL,28,1
N26-029-08695-KIPL,29,1
N26-083-08696-RAVE,77,1
N26-083-08696-RAVE,83,1
N26-090-08697-ARMO,89,1
N26-090-08697-ARMO,90,1
N26-047-08698-BOSE,36,1
N26-047-08698-BOSE,39,1
N26-047-08698-BOSE,47,1
N26-059-08699-HOME,49,1
N26-059-08699-HOME,54,1
N26-059-08699-HOME,59,1
N26-032-08700-POLA,28,1
N26-032-08700-POLA,32,1
N26-043-08701-VORA,36,1
N26-043-08701-VORA,37,1
N26-043-08701-VORA,43,1
N26-016-08702-CAXX,1,1
N26-016-08702-CAXX,3,1
N26-016-08702-CAXX,16,1
N26-015-08703-MASS,1,1
N26-015-08703-MASS,3,1
N26-015-08703-MASS,15,1
N26-041-08704-DELL,36,1
N26-041-08704-DELL,37,1
N26-041-08704-DELL,41,1
N26-041-08704-DELL,96,1
N26-041-08704-DELL,98,1
N26-032-08705-VOGU,28,1
N26-032-08705-VOGU,32,1
N26-017-08706-CUID,1,1
N26-017-08706-CUID,4,1
N26-017-08706-CUID,17,1
N26-035-08707-TOMM,28,1
N26-035-08707-TOMM,35,1
N26-075-08708-NIKE,69,1
N26-075-08708-NIKE,70,1
N26-075-08708-NIKE,75,1
N26-082-08709-STER,77,1
N26-082-08709-STER,80,1
N26-082-08709-STER,82,1
N26-015-08710-CAXX,1,1
N26-015-08710-CAXX,3,1
N26-015-08710-CAXX,15,1
N26-014-08711-ZARA,1,1
N26-014-08711-ZARA,2,1
N26-014-08711-ZARA,14,1
N26-006-08712-CUID,1,1
N26-006-08712-CUID,2,1
N26-006-08712-CUID,6,1
N26-045-08713-STER,36,1
N26-045-08713-STER,38,1
N26-045-08713-STER,45,1
N26-014-08714-CUID,1,1
N26-014-08714-CUID,2,1
N26-014-08714-CUID,14,1
N26-033-08715-NIKE,28,1
N26-033-08715-NIKE,33,1
N26-088-08716-SCRI,84,1
N26-088-08716-SCRI,86,1
N26-088-08716-SCRI,88,1
N26-063-08717-GARN,60,1
N26-063-08717-GARN,63,1
N26-013-08718-NIKE,1,1
N26-013-08718-NIKE,2,1
N26-013-08718-NIKE,13,1
N26-010-08719-CAXX,1,1
N26-010-08719-CAXX,4,1
N26-010-08719-CAXX,10,1
N26-072-08720-ASIC,69,1
N26-072-08720-ASIC,72,1
N26-026-08721-TIMB,19,1
N26-026-08721-TIMB,21,1
N26-026-08721-TIMB,26,1
N26-075-08722-MAND,69,1
N26-075-08722-MAND,70,1
N26-075-08722-MAND,75,1
N26-088-08723-SCRI,84,1
N26-088-08723-SCRI,86,1
N26-088-08723-SCRI,88,1
N26-088-08723-SCRI,96,1
N26-088-08723-SCRI,100,1
N26-095-08724-NUPE,93,1
N26-095-08724-NUPE,95,1
N26-009-08725-CAXX,1,1
N26-009-08725-CAXX,4,1
N26-009-08725-CAXX,9,1
N26-006-08726-HMXX,1,1
N26-006-08726-HMXX,2,1
N26-006-08726-HMXX,6,1
N26-067-08727-GRIS,60,1
N26-067-08727-GRIS,62,1
N26-067-08727-GRIS,67,1
N26-030-08728-PINE,28,1
N26-030-08728-PINE,30,1
N26-032-08729-RAYB,28,1
N26-032-08729-RAYB,32,1
N26-058-08730-TECN,49,1
N26-058-08730-TECN,53,1
N26-058-08730-TECN,58,1
N26-091-08731-ARMO,89,1
N26-091-08731-ARMO,91,1
N26-091-08731-ARMO,96,1
N26-091-08731-ARMO,97,1
N26-081-08732-NINT,77,1
N26-081-08732-NINT,80,1
N26-081-08732-NINT,81,1
N26-081-08732-NINT,96,1
N26-081-08732-NINT,100,1
N26-029-08733-KIPL,28,1
N26-029-08733-KIPL,29,1
N26-029-08733-KIPL,96,1
N26-029-08733-KIPL,97,1
N26-075-08734-GAIA,69,1
N26-075-08734-GAIA,70,1
N26-075-08734-GAIA,75,1
N26-088-08735-BARR,84,1
N26-088-08735-BARR,86,1
N26-088-08735-BARR,88,1
N26-088-08735-BARR,96,1
N26-088-08735-BARR,99,1
N26-064-08736-PAIP,60,1
N26-064-08736-PAIP,64,1
N26-075-08737-MAND,69,1
N26-075-08737-MAND,70,1
N26-075-08737-MAND,75,1
N26-050-08738-TRAM,49,1
N26-050-08738-TRAM,50,1
N26-014-08739-DOCK,1,1
N26-014-08739-DOCK,2,1
N26-014-08739-DOCK,14,1
N26-018-08740-ADID,1,1
N26-018-08740-ADID,4,1
N26-018-08740-ADID,18,1
N26-045-08741-STER,36,1
N26-045-08741-STER,38,1
N26-045-08741-STER,45,1
N26-045-08741-STER,96,1
N26-045-08741-STER,97,1
N26-030-08742-PINE,28,1
N26-030-08742-PINE,30,1
N26-094-08743-PURI,93,1
N26-094-08743-PURI,94,1
N26-094-08743-PURI,96,1
N26-094-08743-PURI,100,1
N26-065-08744-MACX,60,1
N26-065-08744-MACX,61,1
N26-065-08744-MACX,65,1
N26-081-08745-VALV,77,1
N26-081-08745-VALV,80,1
N26-081-08745-VALV,81,1
N26-012-08746-CUID,1,1
N26-012-08746-CUID,4,1
N26-012-08746-CUID,12,1
N26-066-08747-MAYB,60,1
N26-066-08747-MAYB,61,1
N26-066-08747-MAYB,66,1
N26-011-08748-CHAR,1,1
N26-011-08748-CHAR,4,1
N26-011-08748-CHAR,11,1
N26-031-08749-HUAW,28,1
N26-031-08749-HUAW,31,1
N26-091-08750-MIKE,89,1
N26-091-08750-MIKE,91,1
N26-087-08751-PEAR,84,1
N26-087-08751-PEAR,85,1
N26-087-08751-PEAR,87,1
N26-087-08751-PEAR,96,1
N26-087-08751-PEAR,100,1
N26-091-08752-MEGU,89,1
N26-091-08752-MEGU,91,1
N26-091-08752-MEGU,96,1
N26-091-08752-MEGU,98,1
N26-018-08753-ADID,1,1
N26-018-08753-ADID,4,1
N26-018-08753-ADID,18,1
N26-042-08754-VORA,36,1
N26-042-08754-VORA,37,1
N26-042-08754-VORA,42,1
N26-071-08755-PIRM,69,1
N26-071-08755-PIRM,71,1
N26-081-08756-PLAY,77,1
N26-081-08756-PLAY,80,1
N26-081-08756-PLAY,81,1
N26-079-08757-DIST,77,1
N26-079-08757-DIST,79,1
N26-035-08758-PINE,28,1
N26-035-08758-PINE,35,1
N26-092-08759-GATE,89,1
N26-092-08759-GATE,92,1
N26-092-08759-GATE,96,1
N26-092-08759-GATE,99,1
N26-025-08760-ZARA,19,1
N26-025-08760-ZARA,21,1
N26-025-08760-ZARA,25,1
N26-005-08761-LEVI,1,1
N26-005-08761-LEVI,2,1
N26-005-08761-LEVI,5,1
N26-087-08762-TRIL,84,1
N26-087-08762-TRIL,85,1
N26-087-08762-TRIL,87,1
N26-066-08763-BISS,60,1
N26-066-08763-BISS,61,1
N26-066-08763-BISS,66,1
N26-074-08764-DECA,69,1
N26-074-08764-DECA,70,1
N26-074-08764-DECA,74,1
N26-005-08765-DOCK,1,1
N26-005-08765-DOCK,2,1
N26-005-08765-DOCK,5,1
N26-063-08766-LORA,60,1
N26-063-08766-LORA,63,1
N26-056-08767-HAMI,49,1
N26-056-08767-HAMI,51,1
N26-056-08767-HAMI,56,1
N26-010-08768-CHAR,1,1
N26-010-08768-CHAR,4,1
N26-010-08768-CHAR,10,1
N26-046-08769-APPL,36,1
N26-046-08769-APPL,39,1
N26-046-08769-APPL,46,1
N26-045-08770-STER,36,1
N26-045-08770-STER,38,1
N26-045-08770-STER,45,1
N26-045-08770-STER,96,1
N26-045-08770-STER,98,1
N26-091-08771-MIKE,89,1
N26-091-08771-MIKE,91,1
N26-091-08771-MIKE,96,1
N26-091-08771-MIKE,99,1
N26-064-08772-CALV,60,1
N26-064-08772-CALV,64,1
N26-015-08773-MASS,1,1
N26-015-08773-MASS,3,1
N26-015-08773-MASS,15,1
N26-057-08774-GAIA,49,1
N26-057-08774-GAIA,52,1
N26-057-08774-GAIA,57,1
N26-090-08775-MIKE,89,1
N26-090-08775-MIKE,90,1
N26-090-08775-MIKE,96,1
N26-090-08775-MIKE,99,1
N26-081-08776-XBOX,77,1
N26-081-08776-XBOX,80,1
N26-081-08776-XBOX,81,1
N26-079-08777-DIST,77,1
N26-079-08777-DIST,79,1
N26-055-08778-KOBL,49,1
N26-055-08778-KOBL,51,1
N26-055-08778-KOBL,55,1
N26-076-08779-THEN,69,1
N26-076-08779-THEN,76,1
N26-017-08780-CUID,1,1
N26-017-08780-CUID,4,1
N26-017-08780-CUID,17,1
N26-033-08781-UNDE,28,1
N26-033-08781-UNDE,33,1
N26-073-08782-SHIM,69,1
N26-073-08782-SHIM,73,1
N26-059-08783-VIAN,49,1
N26-059-08783-VIAN,54,1
N26-059-08783-VIAN,59,1
N26-059-08783-VIAN,96,1
N26-059-08783-VIAN,100,1
N26-014-08784-CUID,1,1
N26-014-08784-CUID,2,1
N26-014-08784-CUID,14,1
N26-063-08785-PANT,60,1
N26-063-08785-PANT,63,1
N26-012-08786-CUID,1,1
N26-012-08786-CUID,4,1
N26-012-08786-CUID,12,1
N26-095-08787-NUPE,93,1
N26-095-08787-NUPE,95,1
N26-095-08787-NUPE,96,1
N26-095-08787-NUPE,98,1
N26-057-08788-GAIA,49,1
N26-057-08788-GAIA,52,1
N26-057-08788-GAIA,57,1
N26-066-08789-BISS,60,1
N26-066-08789-BISS,61,1
N26-066-08789-BISS,66,1
N26-095-08790-PURI,93,1
N26-095-08790-PURI,95,1
N26-095-08790-PURI,96,1
N26-095-08790-PURI,99,1
N26-057-08791-IKEA,49,1
N26-057-08791-IKEA,52,1
N26-057-08791-IKEA,57,1
N26-066-08792-BISS,60,1
N26-066-08792-BISS,61,1
N26-066-08792-BISS,66,1
N26-025-08793-FLEX,19,1
N26-025-08793-FLEX,21,1
N26-025-08793-FLEX,25,1
N26-025-08793-FLEX,96,1
N26-025-08793-FLEX,98,1
N26-079-08794-LEGO,77,1
N26-079-08794-LEGO,79,1
N26-024-08795-FLEX,19,1
N26-024-08795-FLEX,20,1
N26-024-08795-FLEX,24,1
N26-071-08796-PIRM,69,1
N26-071-08796-PIRM,71,1
N26-071-08796-PIRM,96,1
N26-071-08796-PIRM,99,1
N26-059-08797-LUUN,49,1
N26-059-08797-LUUN,54,1
N26-059-08797-LUUN,59,1
N26-024-08798-HUSH,19,1
N26-024-08798-HUSH,20,1
N26-024-08798-HUSH,24,1
N26-013-08799-CUID,1,1
N26-013-08799-CUID,2,1
N26-013-08799-CUID,13,1
N26-013-08799-CUID,96,1
N26-013-08799-CUID,97,1
N26-064-08800-PAIP,60,1
N26-064-08800-PAIP,64,1
N26-045-08801-STER,36,1
N26-045-08801-STER,38,1
N26-045-08801-STER,45,1
N26-045-08801-STER,96,1
N26-045-08801-STER,99,1
N26-063-08802-LORA,60,1
N26-063-08802-LORA,63,1
N26-055-08803-MABE,49,1
N26-055-08803-MABE,51,1
N26-055-08803-MABE,55,1
N26-067-08804-LARO,60,1
N26-067-08804-LARO,62,1
N26-067-08804-LARO,67,1
N26-074-08805-DECA,69,1
N26-074-08805-DECA,70,1
N26-074-08805-DECA,74,1
N26-008-08806-BERS,1,1
N26-008-08806-BERS,3,1
N26-008-08806-BERS,8,1
N26-016-08807-MASS,1,1
N26-016-08807-MASS,3,1
N26-016-08807-MASS,16,1
N26-031-08808-SEIK,28,1
N26-031-08808-SEIK,31,1
N26-073-08809-TREK,69,1
N26-073-08809-TREK,73,1
N26-090-08810-ARMO,89,1
N26-090-08810-ARMO,90,1
N26-082-08811-LOGI,77,1
N26-082-08811-LOGI,80,1
N26-082-08811-LOGI,82,1
N26-011-08812-CAXX,1,1
N26-011-08812-CAXX,4,1
N26-011-08812-CAXX,11,1
N26-071-08813-PIRM,69,1
N26-071-08813-PIRM,71,1
N26-029-08814-ADID,28,1
N26-029-08814-ADID,29,1
N26-082-08815-STER,77,1
N26-082-08815-STER,80,1
N26-082-08815-STER,82,1
N26-034-08816-HUGO,28,1
N26-034-08816-HUGO,34,1
N26-007-08817-CUID,1,1
N26-007-08817-CUID,3,1
N26-007-08817-CUID,7,1
N26-043-08818-PERF,36,1
N26-043-08818-PERF,37,1
N26-043-08818-PERF,43,1
N26-043-08818-PERF,96,1
N26-043-08818-PERF,100,1
N26-041-08819-LANI,36,1
N26-041-08819-LANI,37,1
N26-041-08819-LANI,41,1
N26-012-08820-ZARA,1,1
N26-012-08820-ZARA,4,1
N26-012-08820-ZARA,12,1
N26-050-08821-TRAM,49,1
N26-050-08821-TRAM,50,1
N26-057-08822-GAIA,49,1
N26-057-08822-GAIA,52,1
N26-057-08822-GAIA,57,1
N26-057-08822-GAIA,96,1
N26-057-08822-GAIA,97,1
N26-044-08823-LANI,36,1
N26-044-08823-LANI,38,1
N26-044-08823-LANI,44,1
N26-087-08824-PACK,84,1
N26-087-08824-PACK,85,1
N26-087-08824-PACK,87,1
N26-017-08825-PUMA,1,1
N26-017-08825-PUMA,4,1
N26-017-08825-PUMA,17,1
N26-017-08825-PUMA,96,1
N26-017-08825-PUMA,98,1
N26-015-08826-MANG,1,1
N26-015-08826-MANG,3,1
N26-015-08826-MANG,15,1
N26-024-08827-FLEX,19,1
N26-024-08827-FLEX,20,1
N26-024-08827-FLEX,24,1
N26-082-08828-STER,77,1
N26-082-08828-STER,80,1
N26-082-08828-STER,82,1
N26-015-08829-MASS,1,1
N26-015-08829-MASS,3,1
N26-015-08829-MASS,15,1
N26-015-08829-MASS,96,1
N26-015-08829-MASS,99,1
N26-081-08830-VALV,77,1
N26-081-08830-VALV,80,1
N26-081-08830-VALV,81,1
N26-081-08831-VALV,77,1
N26-081-08831-VALV,80,1
N26-081-08831-VALV,81,1
N26-032-08832-VOGU,28,1
N26-032-08832-VOGU,32,1
N26-090-08833-MIKE,89,1
N26-090-08833-MIKE,90,1
N26-090-08833-MIKE,96,1
N26-090-08833-MIKE,99,1
N26-064-08834-PAIP,60,1
N26-064-08834-PAIP,64,1
N26-017-08835-HMXX,1,1
N26-017-08835-HMXX,4,1
N26-017-08835-HMXX,17,1
N26-068-08836-EUCE,60,1
N26-068-08836-EUCE,62,1
N26-068-08836-EUCE,68,1
N26-068-08836-EUCE,96,1
N26-068-08836-EUCE,97,1
N26-042-08837-SEAG,36,1
N26-042-08837-SEAG,37,1
N26-042-08837-SEAG,42,1
N26-059-08838-HOME,49,1
N26-059-08838-HOME,54,1
N26-059-08838-HOME,59,1
N26-050-08839-VASC,49,1
N26-050-08839-VASC,50,1
N26-043-08840-PERF,36,1
N26-043-08840-PERF,37,1
N26-043-08840-PERF,43,1
N26-092-08841-GONH,89,1
N26-092-08841-GONH,92,1
N26-006-08842-BERS,1,1
N26-006-08842-BERS,2,1
N26-006-08842-BERS,6,1
N26-011-08843-CAXX,1,1
N26-011-08843-CAXX,4,1
N26-011-08843-CAXX,11,1
N26-042-08844-ASUS,36,1
N26-042-08844-ASUS,37,1
N26-042-08844-ASUS,42,1
N26-083-08845-ASMO,77,1
N26-083-08845-ASMO,83,1
N26-083-08845-ASMO,96,1
N26-083-08845-ASMO,100,1
N26-023-08846-PANA,19,1
N26-023-08846-PANA,20,1
N26-023-08846-PANA,23,1
N26-064-08847-PAIP,60,1
N26-064-08847-PAIP,64,1
N26-044-08848-LANI,36,1
N26-044-08848-LANI,38,1
N26-044-08848-LANI,44,1
N26-064-08849-DIOR,60,1
N26-064-08849-DIOR,64,1
N26-092-08850-BOSC,89,1
N26-092-08850-BOSC,92,1
N26-031-08851-SEIK,28,1
N26-031-08851-SEIK,31,1
N26-031-08851-SEIK,96,1
N26-031-08851-SEIK,98,1
N26-026-08852-FLEX,19,1
N26-026-08852-FLEX,21,1
N26-026-08852-FLEX,26,1
N26-026-08852-FLEX,96,1
N26-026-08852-FLEX,98,1
N26-090-08853-BOSC,89,1
N26-090-08853-BOSC,90,1
N26-078-08854-CLEM,77,1
N26-078-08854-CLEM,78,1
N26-031-08855-CASI,28,1
N26-031-08855-CASI,31,1
N26-031-08855-CASI,96,1
N26-031-08855-CASI,100,1
N26-007-08856-ZARA,1,1
N26-007-08856-ZARA,3,1
N26-007-08856-ZARA,7,1
N26-007-08856-ZARA,96,1
N26-007-08856-ZARA,98,1
N26-063-08857-LORA,60,1
N26-063-08857-LORA,63,1
N26-063-08858-GRIS,60,1
N26-063-08858-GRIS,63,1
N26-087-08859-TRIL,84,1
N26-087-08859-TRIL,85,1
N26-087-08859-TRIL,87,1
N26-024-08860-CLAR,19,1
N26-024-08860-CLAR,20,1
N26-024-08860-CLAR,24,1
N26-082-08861-XBOX,77,1
N26-082-08861-XBOX,80,1
N26-082-08861-XBOX,82,1
N26-094-08862-NUPE,93,1
N26-094-08862-NUPE,94,1
N26-094-08862-NUPE,96,1
N26-094-08862-NUPE,98,1
N26-059-08863-VIAN,49,1
N26-059-08863-VIAN,54,1
N26-059-08863-VIAN,59,1
N26-059-08863-VIAN,96,1
N26-059-08863-VIAN,99,1
N26-034-08864-TOMM,28,1
N26-034-08864-TOMM,34,1
N26-042-08865-VORA,36,1
N26-042-08865-VORA,37,1
N26-042-08865-VORA,42,1
N26-034-08866-TOMM,28,1
N26-034-08866-TOMM,34,1
N26-034-08866-TOMM,96,1
N26-034-08866-TOMM,99,1
N26-043-08867-LOGI,36,1
N26-043-08867-LOGI,37,1
N26-043-08867-LOGI,43,1
N26-043-08867-LOGI,96,1
N26-043-08867-LOGI,98,1
N26-081-08868-VALV,77,1
N26-081-08868-VALV,80,1
N26-081-08868-VALV,81,1
N26-081-08868-VALV,96,1
N26-081-08868-VALV,98,1
N26-067-08869-GRIS,60,1
N26-067-08869-GRIS,62,1
N26-067-08869-GRIS,67,1
N26-067-08869-GRIS,96,1
N26-067-08869-GRIS,100,1
N26-076-08870-OZAR,69,1
N26-076-08870-OZAR,76,1
N26-043-08871-STER,36,1
N26-043-08871-STER,37,1
N26-043-08871-STER,43,1
N26-030-08872-TOUS,28,1
N26-030-08872-TOUS,30,1
N26-014-08873-CUID,1,1
N26-014-08873-CUID,2,1
N26-014-08873-CUID,14,1
N26-066-08874-MAYB,60,1
N26-066-08874-MAYB,61,1
N26-066-08874-MAYB,66,1
N26-066-08874-MAYB,96,1
N26-066-08874-MAYB,99,1
N26-073-08875-SPEC,69,1
N26-073-08875-SPEC,73,1
N26-073-08875-SPEC,96,1
N26-073-08875-SPEC,100,1
N26-041-08876-LANI,36,1
N26-041-08876-LANI,37,1
N26-041-08876-LANI,41,1
N26-027-08877-CART,19,1
N26-027-08877-CART,22,1
N26-027-08877-CART,27,1
N26-027-08877-CART,96,1
N26-027-08877-CART,99,1
N26-034-08878-HUGO,28,1
N26-034-08878-HUGO,34,1
N26-095-08879-NUPE,93,1
N26-095-08879-NUPE,95,1
N26-078-08880-NATI,77,1
N26-078-08880-NATI,78,1
N26-078-08880-NATI,96,1
N26-078-08880-NATI,98,1
N26-065-08881-PAIP,60,1
N26-065-08881-PAIP,61,1
N26-065-08881-PAIP,65,1
N26-065-08881-PAIP,96,1
N26-065-08881-PAIP,100,1
N26-042-08882-GIGA,36,1
N26-042-08882-GIGA,37,1
N26-042-08882-GIGA,42,1
N26-029-08883-HERS,28,1
N26-029-08883-HERS,29,1
N26-043-08884-LOGI,36,1
N26-043-08884-LOGI,37,1
N26-043-08884-LOGI,43,1
N26-058-08885-TAPO,49,1
N26-058-08885-TAPO,53,1
N26-058-08885-TAPO,58,1
N26-017-08886-CUID,1,1
N26-017-08886-CUID,4,1
N26-017-08886-CUID,17,1
N26-017-08886-CUID,96,1
N26-017-08886-CUID,97,1
N26-010-08887-CAXX,1,1
N26-010-08887-CAXX,4,1
N26-010-08887-CAXX,10,1
N26-027-08888-CART,19,1
N26-027-08888-CART,22,1
N26-027-08888-CART,27,1
N26-027-08888-CART,96,1
N26-027-08888-CART,97,1
N26-072-08889-ASIC,69,1
N26-072-08889-ASIC,72,1
N26-035-08890-COAC,28,1
N26-035-08890-COAC,35,1
N26-008-08891-ZARA,1,1
N26-008-08891-ZARA,3,1
N26-008-08891-ZARA,8,1
N26-023-08892-ADID,19,1
N26-023-08892-ADID,20,1
N26-023-08892-ADID,23,1
N26-031-08893-SEIK,28,1
N26-031-08893-SEIK,31,1
N26-016-08894-HMXX,1,1
N26-016-08894-HMXX,3,1
N26-016-08894-HMXX,16,1
N26-073-08895-GIAN,69,1
N26-073-08895-GIAN,73,1
N26-073-08895-GIAN,96,1
N26-073-08895-GIAN,100,1
N26-013-08896-LEVI,1,1
N26-013-08896-LEVI,2,1
N26-013-08896-LEVI,13,1
N26-094-08897-HILL,93,1
N26-094-08897-HILL,94,1
N26-073-08898-BENO,69,1
N26-073-08898-BENO,73,1
N26-024-08899-CLAR,19,1
N26-024-08899-CLAR,20,1
N26-024-08899-CLAR,24,1
N26-027-08900-CROC,19,1
N26-027-08900-CROC,22,1
N26-027-08900-CROC,27,1
N26-027-08900-CROC,96,1
N26-027-08900-CROC,99,1
N26-091-08901-ARMO,89,1
N26-091-08901-ARMO,91,1
N26-090-08902-MICH,89,1
N26-090-08902-MICH,90,1
N26-042-08903-WEST,36,1
N26-042-08903-WEST,37,1
N26-042-08903-WEST,42,1
N26-011-08904-CHAR,1,1
N26-011-08904-CHAR,4,1
N26-011-08904-CHAR,11,1
N26-011-08904-CHAR,96,1
N26-011-08904-CHAR,98,1
N26-094-08905-PURI,93,1
N26-094-08905-PURI,94,1
N26-016-08906-HMXX,1,1
N26-016-08906-HMXX,3,1
N26-016-08906-HMXX,16,1
N26-016-08906-HMXX,96,1
N26-016-08906-HMXX,100,1
N26-047-08907-STER,36,1
N26-047-08907-STER,39,1
N26-047-08907-STER,47,1
N26-041-08908-LANI,36,1
N26-041-08908-LANI,37,1
N26-041-08908-LANI,41,1
N26-031-08909-CITI,28,1
N26-031-08909-CITI,31,1
N26-031-08909-CITI,96,1
N26-031-08909-CITI,99,1
N26-055-08910-HAMI,49,1
N26-055-08910-HAMI,51,1
N26-055-08910-HAMI,55,1
N26-026-08911-FLEX,19,1
N26-026-08911-FLEX,21,1
N26-026-08911-FLEX,26,1
N26-026-08911-FLEX,96,1
N26-026-08911-FLEX,99,1
N26-023-08912-PANA,19,1
N26-023-08912-PANA,20,1
N26-023-08912-PANA,23,1
N26-065-08913-PAIP,60,1
N26-065-08913-PAIP,61,1
N26-065-08913-PAIP,65,1
N26-014-08914-CUID,1,1
N26-014-08914-CUID,2,1
N26-014-08914-CUID,14,1
N26-008-08915-CUID,1,1
N26-008-08915-CUID,3,1
N26-008-08915-CUID,8,1
N26-008-08915-CUID,96,1
N26-008-08915-CUID,98,1
N26-074-08916-CAPB,69,1
N26-074-08916-CAPB,70,1
N26-074-08916-CAPB,74,1
N26-047-08917-STER,36,1
N26-047-08917-STER,39,1
N26-047-08917-STER,47,1
N26-016-08918-CAXX,1,1
N26-016-08918-CAXX,3,1
N26-016-08918-CAXX,16,1
N26-067-08919-GRIS,60,1
N26-067-08919-GRIS,62,1
N26-067-08919-GRIS,67,1
N26-014-08920-CUID,1,1
N26-014-08920-CUID,2,1
N26-014-08920-CUID,14,1
N26-014-08920-CUID,96,1
N26-014-08920-CUID,99,1
N26-076-08921-NATU,69,1
N26-076-08921-NATU,76,1
N26-091-08922-3MXX,89,1
N26-091-08922-3MXX,91,1
N26-010-08923-HMXX,1,1
N26-010-08923-HMXX,4,1
N26-010-08923-HMXX,10,1
N26-042-08924-CORS,36,1
N26-042-08924-CORS,37,1
N26-042-08924-CORS,42,1
N26-050-08925-PYRE,49,1
N26-050-08925-PYRE,50,1
N26-050-08925-PYRE,96,1
N26-050-08925-PYRE,98,1
N26-026-08926-FLEX,19,1
N26-026-08926-FLEX,21,1
N26-026-08926-FLEX,26,1
N26-044-08927-HONO,36,1
N26-044-08927-HONO,38,1
N26-044-08927-HONO,44,1
N26-088-08928-ZEBR,84,1
N26-088-08928-ZEBR,86,1
N26-088-08928-ZEBR,88,1
N26-067-08929-GRIS,60,1
N26-067-08929-GRIS,62,1
N26-067-08929-GRIS,67,1
N26-071-08930-PUMA,69,1
N26-071-08930-PUMA,71,1
N26-041-08931-DELL,36,1
N26-041-08931-DELL,37,1
N26-041-08931-DELL,41,1
N26-042-08932-WEST,36,1
N26-042-08932-WEST,37,1
N26-042-08932-WEST,42,1
N26-075-08933-GAIA,69,1
N26-075-08933-GAIA,70,1
N26-075-08933-GAIA,75,1
N26-075-08933-GAIA,96,1
N26-075-08933-GAIA,97,1
N26-092-08934-GONH,89,1
N26-092-08934-GONH,92,1
N26-092-08934-GONH,96,1
N26-092-08934-GONH,100,1
N26-043-08935-STER,36,1
N26-043-08935-STER,37,1
N26-043-08935-STER,43,1
N26-017-08936-CUID,1,1
N26-017-08936-CUID,4,1
N26-017-08936-CUID,17,1
N26-076-08937-THEN,69,1
N26-076-08937-THEN,76,1
N26-008-08938-CUID,1,1
N26-008-08938-CUID,3,1
N26-008-08938-CUID,8,1
N26-090-08939-3MXX,89,1
N26-090-08939-3MXX,90,1
N26-056-08940-KOBL,49,1
N26-056-08940-KOBL,51,1
N26-056-08940-KOBL,56,1
N26-095-08941-WHIS,93,1
N26-095-08941-WHIS,95,1
N26-034-08942-DOCK,28,1
N26-034-08942-DOCK,34,1
N26-034-08942-DOCK,96,1
N26-034-08942-DOCK,98,1
N26-033-08943-PUMA,28,1
N26-033-08943-PUMA,33,1
N26-056-08944-HAMI,49,1
N26-056-08944-HAMI,51,1
N26-056-08944-HAMI,56,1
N26-056-08944-HAMI,96,1
N26-056-08944-HAMI,98,1
N26-010-08945-CHAR,1,1
N26-010-08945-CHAR,4,1
N26-010-08945-CHAR,10,1
N26-010-08945-CHAR,96,1
N26-010-08945-CHAR,98,1
N26-092-08946-GONH,89,1
N26-092-08946-GONH,92,1
N26-072-08947-NIKE,69,1
N26-072-08947-NIKE,72,1
N26-032-08948-RAYB,28,1
N26-032-08948-RAYB,32,1
N26-071-08949-CHAR,69,1
N26-071-08949-CHAR,71,1
N26-071-08949-CHAR,96,1
N26-071-08949-CHAR,97,1
N26-012-08950-BERS,1,1
N26-012-08950-BERS,4,1
N26-012-08950-BERS,12,1
N26-012-08950-BERS,96,1
N26-012-08950-BERS,97,1
N26-064-08951-VERS,60,1
N26-064-08951-VERS,64,1
N26-058-08952-STER,49,1
N26-058-08952-STER,53,1
N26-058-08952-STER,58,1
N26-026-08953-SKEC,19,1
N26-026-08953-SKEC,21,1
N26-026-08953-SKEC,26,1
N26-042-08954-WEST,36,1
N26-042-08954-WEST,37,1
N26-042-08954-WEST,42,1
N26-029-08955-KIPL,28,1
N26-029-08955-KIPL,29,1
N26-043-08956-LOGI,36,1
N26-043-08956-LOGI,37,1
N26-043-08956-LOGI,43,1
N26-088-08957-PILO,84,1
N26-088-08957-PILO,86,1
N26-088-08957-PILO,88,1
N26-074-08958-EVER,69,1
N26-074-08958-EVER,70,1
N26-074-08958-EVER,74,1
N26-076-08959-NATU,69,1
N26-076-08959-NATU,76,1
N26-014-08960-CUID,1,1
N26-014-08960-CUID,2,1
N26-014-08960-CUID,14,1
N26-033-08961-NIKE,28,1
N26-033-08961-NIKE,33,1
N26-066-08962-BISS,60,1
N26-066-08962-BISS,61,1
N26-066-08962-BISS,66,1
N26-066-08962-BISS,96,1
N26-066-08962-BISS,98,1
N26-078-08963-MIAL,77,1
N26-078-08963-MIAL,78,1
N26-010-08964-CHAR,1,1
N26-010-08964-CHAR,4,1
N26-010-08964-CHAR,10,1
N26-024-08965-FLEX,19,1
N26-024-08965-FLEX,20,1
N26-024-08965-FLEX,24,1
N26-078-08966-NATI,77,1
N26-078-08966-NATI,78,1
N26-046-08967-BOSE,36,1
N26-046-08967-BOSE,39,1
N26-046-08967-BOSE,46,1
N26-076-08968-OZAR,69,1
N26-076-08968-OZAR,76,1
N26-055-08969-HAMI,49,1
N26-055-08969-HAMI,51,1
N26-055-08969-HAMI,55,1
N26-095-08970-NUPE,93,1
N26-095-08970-NUPE,95,1
N26-095-08970-NUPE,96,1
N26-095-08970-NUPE,98,1
N26-055-08971-HAMI,49,1
N26-055-08971-HAMI,51,1
N26-055-08971-HAMI,55,1
N26-055-08971-HAMI,96,1
N26-055-08971-HAMI,97,1
N26-056-08972-DELO,49,1
N26-056-08972-DELO,51,1
N26-056-08972-DELO,56,1
N26-087-08973-OREI,84,1
N26-087-08973-OREI,85,1
N26-087-08973-OREI,87,1
N26-087-08973-OREI,96,1
N26-087-08973-OREI,100,1
N26-071-08974-PIRM,69,1
N26-071-08974-PIRM,71,1
N26-071-08974-PIRM,96,1
N26-071-08974-PIRM,100,1
N26-032-08975-POLA,28,1
N26-032-08975-POLA,32,1
N26-055-08976-HAMI,49,1
N26-055-08976-HAMI,51,1
N26-055-08976-HAMI,55,1
N26-047-08977-MARS,36,1
N26-047-08977-MARS,39,1
N26-047-08977-MARS,47,1
N26-024-08978-FLEX,19,1
N26-024-08978-FLEX,20,1
N26-024-08978-FLEX,24,1
N26-023-08979-ADID,19,1
N26-023-08979-ADID,20,1
N26-023-08979-ADID,23,1
N26-005-08980-CUID,1,1
N26-005-08980-CUID,2,1
N26-005-08980-CUID,5,1
N26-032-08981-POLA,28,1
N26-032-08981-POLA,32,1
N26-031-08982-FOSS,28,1
N26-031-08982-FOSS,31,1
N26-055-08983-HAMI,49,1
N26-055-08983-HAMI,51,1
N26-055-08983-HAMI,55,1
N26-055-08983-HAMI,96,1
N26-055-08983-HAMI,98,1
N26-008-08984-BERS,1,1
N26-008-08984-BERS,3,1
N26-008-08984-BERS,8,1
N26-047-08985-BOSE,36,1
N26-047-08985-BOSE,39,1
N26-047-08985-BOSE,47,1
N26-090-08986-3MXX,89,1
N26-090-08986-3MXX,90,1
N26-042-08987-VORA,36,1
N26-042-08987-VORA,37,1
N26-042-08987-VORA,42,1
N26-042-08987-VORA,96,1
N26-042-08987-VORA,98,1
N26-023-08988-CHAR,19,1
N26-023-08988-CHAR,20,1
N26-023-08988-CHAR,23,1
N26-082-08989-STER,77,1
N26-082-08989-STER,80,1
N26-082-08989-STER,82,1
N26-007-08990-CUID,1,1
N26-007-08990-CUID,3,1
N26-007-08990-CUID,7,1
N26-024-08991-FLEX,19,1
N26-024-08991-FLEX,20,1
N26-024-08991-FLEX,24,1
N26-013-08992-NIKE,1,1
N26-013-08992-NIKE,2,1
N26-013-08992-NIKE,13,1
N26-009-08993-CAXX,1,1
N26-009-08993-CAXX,4,1
N26-009-08993-CAXX,9,1
N26-059-08994-HOME,49,1
N26-059-08994-HOME,54,1
N26-059-08994-HOME,59,1
N26-008-08995-CUID,1,1
N26-008-08995-CUID,3,1
N26-008-08995-CUID,8,1
N26-024-08996-FLEX,19,1
N26-024-08996-FLEX,20,1
N26-024-08996-FLEX,24,1
N26-024-08996-FLEX,96,1
N26-024-08996-FLEX,100,1
N26-041-08997-LANI,36,1
N26-041-08997-LANI,37,1
N26-041-08997-LANI,41,1
N26-016-08998-MASS,1,1
N26-016-08998-MASS,3,1
N26-016-08998-MASS,16,1
N26-005-08999-CUID,1,1
N26-005-08999-CUID,2,1
N26-005-08999-CUID,5,1
N26-088-09000-SCRI,84,1
N26-088-09000-SCRI,86,1
N26-088-09000-SCRI,88,1
N26-088-09000-SCRI,96,1
N26-088-09000-SCRI,98,1
N26-042-09001-WEST,36,1
N26-042-09001-WEST,37,1
N26-042-09001-WEST,42,1
N26-009-09002-BABY,1,1
N26-009-09002-BABY,4,1
N26-009-09002-BABY,9,1
N26-072-09003-CHAR,69,1
N26-072-09003-CHAR,72,1
N26-094-09004-NUPE,93,1
N26-094-09004-NUPE,94,1
N26-095-09005-NUPE,93,1
N26-095-09005-NUPE,95,1
N26-026-09006-FLEX,19,1
N26-026-09006-FLEX,21,1
N26-026-09006-FLEX,26,1
N26-058-09007-STER,49,1
N26-058-09007-STER,53,1
N26-058-09007-STER,58,1
N26-090-09008-3MXX,89,1
N26-090-09008-3MXX,90,1
N26-068-09009-GRIS,60,1
N26-068-09009-GRIS,62,1
N26-068-09009-GRIS,68,1
N26-033-09010-ADID,28,1
N26-033-09010-ADID,33,1
N26-082-09011-STER,77,1
N26-082-09011-STER,80,1
N26-082-09011-STER,82,1
N26-044-09012-GOOG,36,1
N26-044-09012-GOOG,38,1
N26-044-09012-GOOG,44,1
N26-041-09013-ASUS,36,1
N26-041-09013-ASUS,37,1
N26-041-09013-ASUS,41,1
N26-035-09014-PINE,28,1
N26-035-09014-PINE,35,1
N26-017-09015-CUID,1,1
N26-017-09015-CUID,4,1
N26-017-09015-CUID,17,1
N26-008-09016-PULL,1,1
N26-008-09016-PULL,3,1
N26-008-09016-PULL,8,1
N26-017-09017-CUID,1,1
N26-017-09017-CUID,4,1
N26-017-09017-CUID,17,1
N26-055-09018-OSTE,49,1
N26-055-09018-OSTE,51,1
N26-055-09018-OSTE,55,1
N26-008-09019-ZARA,1,1
N26-008-09019-ZARA,3,1
N26-008-09019-ZARA,8,1
N26-072-09020-NEWB,69,1
N26-072-09020-NEWB,72,1
N26-092-09021-DENS,89,1
N26-092-09021-DENS,92,1
N26-035-09022-PINE,28,1
N26-035-09022-PINE,35,1
N26-082-09023-STER,77,1
N26-082-09023-STER,80,1
N26-082-09023-STER,82,1
N26-092-09024-DENS,89,1
N26-092-09024-DENS,92,1
N26-008-09025-CUID,1,1
N26-008-09025-CUID,3,1
N26-008-09025-CUID,8,1
N26-042-09026-VORA,36,1
N26-042-09026-VORA,37,1
N26-042-09026-VORA,42,1
N26-042-09026-VORA,96,1
N26-042-09026-VORA,98,1
N26-057-09027-ASHL,49,1
N26-057-09027-ASHL,52,1
N26-057-09027-ASHL,57,1
N26-078-09028-MIAL,77,1
N26-078-09028-MIAL,78,1
N26-063-09029-PANT,60,1
N26-063-09029-PANT,63,1
N26-011-09030-ZARA,1,1
N26-011-09030-ZARA,4,1
N26-011-09030-ZARA,11,1
N26-011-09030-ZARA,96,1
N26-011-09030-ZARA,97,1
N26-024-09031-CLAR,19,1
N26-024-09031-CLAR,20,1
N26-024-09031-CLAR,24,1
N26-024-09031-CLAR,96,1
N26-024-09031-CLAR,100,1
N26-011-09032-CART,1,1
N26-011-09032-CART,4,1
N26-011-09032-CART,11,1
N26-030-09033-PINE,28,1
N26-030-09033-PINE,30,1
N26-082-09034-HYPE,77,1
N26-082-09034-HYPE,80,1
N26-082-09034-HYPE,82,1
N26-057-09035-DICO,49,1
N26-057-09035-DICO,52,1
N26-057-09035-DICO,57,1
N26-027-09036-CART,19,1
N26-027-09036-CART,22,1
N26-027-09036-CART,27,1
N26-027-09037-CROC,19,1
N26-027-09037-CROC,22,1
N26-027-09037-CROC,27,1
N26-067-09038-GRIS,60,1
N26-067-09038-GRIS,62,1
N26-067-09038-GRIS,67,1
N26-032-09039-POLA,28,1
N26-032-09039-POLA,32,1
N26-027-09040-NIKE,19,1
N26-027-09040-NIKE,22,1
N26-027-09040-NIKE,27,1
N26-064-09041-PAIP,60,1
N26-064-09041-PAIP,64,1
N26-064-09041-PAIP,96,1
N26-064-09041-PAIP,97,1
N26-074-09042-DECA,69,1
N26-074-09042-DECA,70,1
N26-074-09042-DECA,74,1
N26-024-09043-ALDO,19,1
N26-024-09043-ALDO,20,1
N26-024-09043-ALDO,24,1
N26-008-09044-ZARA,1,1
N26-008-09044-ZARA,3,1
N26-008-09044-ZARA,8,1
N26-007-09045-CUID,1,1
N26-007-09045-CUID,3,1
N26-007-09045-CUID,7,1
N26-034-09046-PINE,28,1
N26-034-09046-PINE,34,1
N26-015-09047-ZARA,1,1
N26-015-09047-ZARA,3,1
N26-015-09047-ZARA,15,1
N26-015-09047-ZARA,96,1
N26-015-09047-ZARA,98,1
N26-057-09048-GAIA,49,1
N26-057-09048-GAIA,52,1
N26-057-09048-GAIA,57,1
N26-035-09049-PINE,28,1
N26-035-09049-PINE,35,1
N26-017-09050-CUID,1,1
N26-017-09050-CUID,4,1
N26-017-09050-CUID,17,1
N26-046-09051-SAMS,36,1
N26-046-09051-SAMS,39,1
N26-046-09051-SAMS,46,1
N26-087-09052-PORR,84,1
N26-087-09052-PORR,85,1
N26-087-09052-PORR,87,1
N26-066-09053-LORA,60,1
N26-066-09053-LORA,61,1
N26-066-09053-LORA,66,1
N26-078-09054-MIAL,77,1
N26-078-09054-MIAL,78,1
N26-078-09054-MIAL,96,1
N26-078-09054-MIAL,100,1
N26-018-09055-PIRM,1,1
N26-018-09055-PIRM,4,1
N26-018-09055-PIRM,18,1
N26-008-09056-CUID,1,1
N26-008-09056-CUID,3,1
N26-008-09056-CUID,8,1
N26-094-09057-PURI,93,1
N26-094-09057-PURI,94,1
N26-042-09058-VORA,36,1
N26-042-09058-VORA,37,1
N26-042-09058-VORA,42,1
N26-023-09059-PANA,19,1
N26-023-09059-PANA,20,1
N26-023-09059-PANA,23,1
N26-023-09059-PANA,96,1
N26-023-09059-PANA,99,1
N26-006-09060-CUID,1,1
N26-006-09060-CUID,2,1
N26-006-09060-CUID,6,1
N26-064-09061-DIOR,60,1
N26-064-09061-DIOR,64,1
N26-027-09062-NIKE,19,1
N26-027-09062-NIKE,22,1
N26-027-09062-NIKE,27,1
N26-035-09063-SAMS,28,1
N26-035-09063-SAMS,35,1
N26-024-09064-FLEX,19,1
N26-024-09064-FLEX,20,1
N26-024-09064-FLEX,24,1
N26-087-09065-TRIL,84,1
N26-087-09065-TRIL,85,1
N26-087-09065-TRIL,87,1
N26-024-09066-FLEX,19,1
N26-024-09066-FLEX,20,1
N26-024-09066-FLEX,24,1
N26-065-09067-MAYB,60,1
N26-065-09067-MAYB,61,1
N26-065-09067-MAYB,65,1
N26-065-09067-MAYB,96,1
N26-065-09067-MAYB,100,1
N26-027-09068-CROC,19,1
N26-027-09068-CROC,22,1
N26-027-09068-CROC,27,1
N26-067-09069-GRIS,60,1
N26-067-09069-GRIS,62,1
N26-067-09069-GRIS,67,1
N26-067-09069-GRIS,96,1
N26-067-09069-GRIS,100,1
N26-016-09070-MANG,1,1
N26-016-09070-MANG,3,1
N26-016-09070-MANG,16,1
N26-063-09071-PANT,60,1
N26-063-09071-PANT,63,1
N26-095-09072-ROYA,93,1
N26-095-09072-ROYA,95,1
N26-083-09073-HASB,77,1
N26-083-09073-HASB,83,1
N26-035-09074-PINE,28,1
N26-035-09074-PINE,35,1
N26-094-09075-ROYA,93,1
N26-094-09075-ROYA,94,1
N26-094-09075-ROYA,96,1
N26-094-09075-ROYA,99,1
N26-094-09076-NUPE,93,1
N26-094-09076-NUPE,94,1
N26-042-09077-WEST,36,1
N26-042-09077-WEST,37,1
N26-042-09077-WEST,42,1
N26-090-09078-MIKE,89,1
N26-090-09078-MIKE,90,1
N26-087-09079-PACK,84,1
N26-087-09079-PACK,85,1
N26-087-09079-PACK,87,1
N26-087-09080-PACK,84,1
N26-087-09080-PACK,85,1
N26-087-09080-PACK,87,1
N26-009-09081-BABY,1,1
N26-009-09081-BABY,4,1
N26-009-09081-BABY,9,1
N26-009-09081-BABY,96,1
N26-009-09081-BABY,98,1
N26-009-09082-BABY,1,1
N26-009-09082-BABY,4,1
N26-009-09082-BABY,9,1
N26-009-09082-BABY,96,1
N26-009-09082-BABY,100,1
N26-030-09083-TOUS,28,1
N26-030-09083-TOUS,30,1
N26-047-09084-BOSE,36,1
N26-047-09084-BOSE,39,1
N26-047-09084-BOSE,47,1
N26-066-09085-MAYB,60,1
N26-066-09085-MAYB,61,1
N26-066-09085-MAYB,66,1
N26-066-09085-MAYB,96,1
N26-066-09085-MAYB,98,1
N26-092-09086-GONH,89,1
N26-092-09086-GONH,92,1
N26-075-09087-GAIA,69,1
N26-075-09087-GAIA,70,1
N26-075-09087-GAIA,75,1
N26-012-09088-CUID,1,1
N26-012-09088-CUID,4,1
N26-012-09088-CUID,12,1
N26-013-09089-HMXX,1,1
N26-013-09089-HMXX,2,1
N26-013-09089-HMXX,13,1
N26-073-09090-BENO,69,1
N26-073-09090-BENO,73,1
N26-083-09091-ASMO,77,1
N26-083-09091-ASMO,83,1
N26-029-09092-PINE,28,1
N26-029-09092-PINE,29,1
N26-095-09093-WHIS,93,1
N26-095-09093-WHIS,95,1
N26-095-09093-WHIS,96,1
N26-095-09093-WHIS,99,1
N26-015-09094-ZARA,1,1
N26-015-09094-ZARA,3,1
N26-015-09094-ZARA,15,1
N26-064-09095-VERS,60,1
N26-064-09095-VERS,64,1
N26-012-09096-BERS,1,1
N26-012-09096-BERS,4,1
N26-012-09096-BERS,12,1
N26-012-09096-BERS,96,1
N26-012-09096-BERS,97,1
N26-012-09097-CUID,1,1
N26-012-09097-CUID,4,1
N26-012-09097-CUID,12,1
N26-012-09097-CUID,96,1
N26-012-09097-CUID,99,1
N26-007-09098-HMXX,1,1
N26-007-09098-HMXX,3,1
N26-007-09098-HMXX,7,1
N26-090-09099-MIKE,89,1
N26-090-09099-MIKE,90,1
N26-090-09099-MIKE,96,1
N26-090-09099-MIKE,99,1
N26-023-09100-ADID,19,1
N26-023-09100-ADID,20,1
N26-023-09100-ADID,23,1
N26-073-09101-BENO,69,1
N26-073-09101-BENO,73,1
N26-056-09102-KOBL,49,1
N26-056-09102-KOBL,51,1
N26-056-09102-KOBL,56,1
N26-056-09102-KOBL,96,1
N26-056-09102-KOBL,100,1
N26-083-09103-ASMO,77,1
N26-083-09103-ASMO,83,1
N26-047-09104-SONO,36,1
N26-047-09104-SONO,39,1
N26-047-09104-SONO,47,1
N26-017-09105-PUMA,1,1
N26-017-09105-PUMA,4,1
N26-017-09105-PUMA,17,1
N26-013-09106-NIKE,1,1
N26-013-09106-NIKE,2,1
N26-013-09106-NIKE,13,1
N26-027-09107-HAVA,19,1
N26-027-09107-HAVA,22,1
N26-027-09107-HAVA,27,1
N26-050-09108-EKCO,49,1
N26-050-09108-EKCO,50,1
N26-013-09109-CUID,1,1
N26-013-09109-CUID,2,1
N26-013-09109-CUID,13,1
N26-034-09110-TOMM,28,1
N26-034-09110-TOMM,34,1
N26-009-09111-BABY,1,1
N26-009-09111-BABY,4,1
N26-009-09111-BABY,9,1
N26-065-09112-BISS,60,1
N26-065-09112-BISS,61,1
N26-065-09112-BISS,65,1
N26-090-09113-BOSC,89,1
N26-090-09113-BOSC,90,1
N26-090-09113-BOSC,96,1
N26-090-09113-BOSC,98,1
N26-071-09114-PIRM,69,1
N26-071-09114-PIRM,71,1
N26-072-09115-NEWB,69,1
N26-072-09115-NEWB,72,1
N26-026-09116-FLEX,19,1
N26-026-09116-FLEX,21,1
N26-026-09116-FLEX,26,1
N26-075-09117-GAIA,69,1
N26-075-09117-GAIA,70,1
N26-075-09117-GAIA,75,1
N26-075-09117-GAIA,96,1
N26-075-09117-GAIA,99,1
N26-015-09118-HMXX,1,1
N26-015-09118-HMXX,3,1
N26-015-09118-HMXX,15,1
N26-056-09119-OSTE,49,1
N26-056-09119-OSTE,51,1
N26-056-09119-OSTE,56,1
N26-056-09119-OSTE,96,1
N26-056-09119-OSTE,97,1
N26-034-09120-PINE,28,1
N26-034-09120-PINE,34,1
N26-074-09121-BOWF,69,1
N26-074-09121-BOWF,70,1
N26-074-09121-BOWF,74,1
N26-034-09122-TOMM,28,1
N26-034-09122-TOMM,34,1
N26-016-09123-MASS,1,1
N26-016-09123-MASS,3,1
N26-016-09123-MASS,16,1
N26-017-09124-NIKE,1,1
N26-017-09124-NIKE,4,1
N26-017-09124-NIKE,17,1
N26-017-09125-NIKE,1,1
N26-017-09125-NIKE,4,1
N26-017-09125-NIKE,17,1
N26-042-09126-SEAG,36,1
N26-042-09126-SEAG,37,1
N26-042-09126-SEAG,42,1
N26-030-09127-TOUS,28,1
N26-030-09127-TOUS,30,1
N26-058-09128-STER,49,1
N26-058-09128-STER,53,1
N26-058-09128-STER,58,1
N26-014-09129-CUID,1,1
N26-014-09129-CUID,2,1
N26-014-09129-CUID,14,1
N26-034-09130-LEVI,28,1
N26-034-09130-LEVI,34,1
N26-041-09131-LANI,36,1
N26-041-09131-LANI,37,1
N26-041-09131-LANI,41,1
N26-092-09132-GONH,89,1
N26-092-09132-GONH,92,1
N26-092-09132-GONH,96,1
N26-092-09132-GONH,97,1
N26-034-09133-TOMM,28,1
N26-034-09133-TOMM,34,1
N26-034-09133-TOMM,96,1
N26-034-09133-TOMM,100,1
N26-074-09134-CAPB,69,1
N26-074-09134-CAPB,70,1
N26-074-09134-CAPB,74,1
N26-074-09134-CAPB,96,1
N26-074-09134-CAPB,100,1
N26-044-09135-LANI,36,1
N26-044-09135-LANI,38,1
N26-044-09135-LANI,44,1
N26-067-09136-GRIS,60,1
N26-067-09136-GRIS,62,1
N26-067-09136-GRIS,67,1
N26-076-09137-OZAR,69,1
N26-076-09137-OZAR,76,1
N26-023-09138-SKEC,19,1
N26-023-09138-SKEC,20,1
N26-023-09138-SKEC,23,1
N26-046-09139-STER,36,1
N26-046-09139-STER,39,1
N26-046-09139-STER,46,1
N26-024-09140-FLEX,19,1
N26-024-09140-FLEX,20,1
N26-024-09140-FLEX,24,1
N26-081-09141-PLAY,77,1
N26-081-09141-PLAY,80,1
N26-081-09141-PLAY,81,1
N26-067-09142-GRIS,60,1
N26-067-09142-GRIS,62,1
N26-067-09142-GRIS,67,1
N26-059-09143-HOME,49,1
N26-059-09143-HOME,54,1
N26-059-09143-HOME,59,1
N26-005-09144-CUID,1,1
N26-005-09144-CUID,2,1
N26-005-09144-CUID,5,1
N26-066-09145-BISS,60,1
N26-066-09145-BISS,61,1
N26-066-09145-BISS,66,1
N26-066-09145-BISS,96,1
N26-066-09145-BISS,97,1
N26-027-09146-HAVA,19,1
N26-027-09146-HAVA,22,1
N26-027-09146-HAVA,27,1
N26-081-09147-PLAY,77,1
N26-081-09147-PLAY,80,1
N26-081-09147-PLAY,81,1
N26-017-09148-HMXX,1,1
N26-017-09148-HMXX,4,1
N26-017-09148-HMXX,17,1
N26-072-09149-ADID,69,1
N26-072-09149-ADID,72,1
N26-074-09150-BOWF,69,1
N26-074-09150-BOWF,70,1
N26-074-09150-BOWF,74,1
N26-042-09151-KING,36,1
N26-042-09151-KING,37,1
N26-042-09151-KING,42,1
N26-050-09152-TRAM,49,1
N26-050-09152-TRAM,50,1
N26-076-09153-OZAR,69,1
N26-076-09153-OZAR,76,1
N26-046-09154-STER,36,1
N26-046-09154-STER,39,1
N26-046-09154-STER,46,1
N26-074-09155-VOIT,69,1
N26-074-09155-VOIT,70,1
N26-074-09155-VOIT,74,1
N26-006-09156-PULL,1,1
N26-006-09156-PULL,2,1
N26-006-09156-PULL,6,1
N26-068-09157-EUCE,60,1
N26-068-09157-EUCE,62,1
N26-068-09157-EUCE,68,1
N26-068-09157-EUCE,96,1
N26-068-09157-EUCE,98,1
N26-011-09158-CART,1,1
N26-011-09158-CART,4,1
N26-011-09158-CART,11,1
N26-011-09158-CART,96,1
N26-011-09158-CART,98,1
N26-026-09159-FLEX,19,1
N26-026-09159-FLEX,21,1
N26-026-09159-FLEX,26,1
N26-026-09159-FLEX,96,1
N26-026-09159-FLEX,98,1
N26-014-09160-CUID,1,1
N26-014-09160-CUID,2,1
N26-014-09160-CUID,14,1
N26-014-09160-CUID,96,1
N26-014-09160-CUID,97,1
N26-073-09161-SHIM,69,1
N26-073-09161-SHIM,73,1
N26-079-09162-MATT,77,1
N26-079-09162-MATT,79,1
N26-008-09163-CUID,1,1
N26-008-09163-CUID,3,1
N26-008-09163-CUID,8,1
N26-057-09164-DICO,49,1
N26-057-09164-DICO,52,1
N26-057-09164-DICO,57,1
N26-024-09165-FLEX,19,1
N26-024-09165-FLEX,20,1
N26-024-09165-FLEX,24,1
N26-017-09166-PUMA,1,1
N26-017-09166-PUMA,4,1
N26-017-09166-PUMA,17,1
N26-074-09167-CAPB,69,1
N26-074-09167-CAPB,70,1
N26-074-09167-CAPB,74,1
N26-031-09168-FOSS,28,1
N26-031-09168-FOSS,31,1
N26-031-09168-FOSS,96,1
N26-031-09168-FOSS,97,1
N26-082-09169-XBOX,77,1
N26-082-09169-XBOX,80,1
N26-082-09169-XBOX,82,1
N26-055-09170-NINJ,49,1
N26-055-09170-NINJ,51,1
N26-055-09170-NINJ,55,1
N26-079-09171-MATT,77,1
N26-079-09171-MATT,79,1
N26-079-09171-MATT,96,1
N26-079-09171-MATT,98,1
N26-092-09172-GONH,89,1
N26-092-09172-GONH,92,1
N26-092-09172-GONH,96,1
N26-092-09172-GONH,100,1
N26-095-09173-HILL,93,1
N26-095-09173-HILL,95,1
N26-024-09174-FLEX,19,1
N26-024-09174-FLEX,20,1
N26-024-09174-FLEX,24,1
N26-010-09175-CHAR,1,1
N26-010-09175-CHAR,4,1
N26-010-09175-CHAR,10,1
N26-078-09176-LEGO,77,1
N26-078-09176-LEGO,78,1
N26-006-09177-HMXX,1,1
N26-006-09177-HMXX,2,1
N26-006-09177-HMXX,6,1
N26-006-09177-HMXX,96,1
N26-006-09177-HMXX,98,1
N26-064-09178-CARO,60,1
N26-064-09178-CARO,64,1
N26-006-09179-CUID,1,1
N26-006-09179-CUID,2,1
N26-006-09179-CUID,6,1
N26-006-09179-CUID,96,1
N26-006-09179-CUID,100,1
N26-083-09180-MATT,77,1
N26-083-09180-MATT,83,1
N26-030-09181-PAND,28,1
N26-030-09181-PAND,30,1
N26-044-09182-LANI,36,1
N26-044-09182-LANI,38,1
N26-044-09182-LANI,44,1
N26-056-09183-OSTE,49,1
N26-056-09183-OSTE,51,1
N26-056-09183-OSTE,56,1
N26-056-09183-OSTE,96,1
N26-056-09183-OSTE,98,1
N26-066-09184-MAYB,60,1
N26-066-09184-MAYB,61,1
N26-066-09184-MAYB,66,1
N26-014-09185-DOCK,1,1
N26-014-09185-DOCK,2,1
N26-014-09185-DOCK,14,1
N26-014-09185-DOCK,96,1
N26-014-09185-DOCK,98,1
N26-046-09186-STER,36,1
N26-046-09186-STER,39,1
N26-046-09186-STER,46,1
N26-046-09187-STER,36,1
N26-046-09187-STER,39,1
N26-046-09187-STER,46,1
N26-017-09188-HMXX,1,1
N26-017-09188-HMXX,4,1
N26-017-09188-HMXX,17,1
N26-017-09188-HMXX,96,1
N26-017-09188-HMXX,97,1
N26-031-09189-CITI,28,1
N26-031-09189-CITI,31,1
N26-090-09190-ARMO,89,1
N26-090-09190-ARMO,90,1
N26-095-09191-NUPE,93,1
N26-095-09191-NUPE,95,1
N26-055-09192-HAMI,49,1
N26-055-09192-HAMI,51,1
N26-055-09192-HAMI,55,1
N26-055-09192-HAMI,96,1
N26-055-09192-HAMI,97,1
N26-016-09193-MANG,1,1
N26-016-09193-MANG,3,1
N26-016-09193-MANG,16,1
N26-005-09194-CUID,1,1
N26-005-09194-CUID,2,1
N26-005-09194-CUID,5,1
N26-009-09195-HMXX,1,1
N26-009-09195-HMXX,4,1
N26-009-09195-HMXX,9,1
N26-017-09196-PUMA,1,1
N26-017-09196-PUMA,4,1
N26-017-09196-PUMA,17,1
N26-058-09197-TAPO,49,1
N26-058-09197-TAPO,53,1
N26-058-09197-TAPO,58,1
N26-082-09198-STER,77,1
N26-082-09198-STER,80,1
N26-082-09198-STER,82,1
N26-008-09199-CUID,1,1
N26-008-09199-CUID,3,1
N26-008-09199-CUID,8,1
N26-008-09199-CUID,96,1
N26-008-09199-CUID,98,1
N26-023-09200-ADID,19,1
N26-023-09200-ADID,20,1
N26-023-09200-ADID,23,1
N26-083-09201-RAVE,77,1
N26-083-09201-RAVE,83,1
N26-083-09201-RAVE,96,1
N26-083-09201-RAVE,97,1
N26-008-09202-ZARA,1,1
N26-008-09202-ZARA,3,1
N26-008-09202-ZARA,8,1
N26-050-09203-TRAM,49,1
N26-050-09203-TRAM,50,1
N26-035-09204-PINE,28,1
N26-035-09204-PINE,35,1
N26-035-09204-PINE,96,1
N26-035-09204-PINE,99,1
N26-025-09205-NINE,19,1
N26-025-09205-NINE,21,1
N26-025-09205-NINE,25,1
N26-025-09205-NINE,96,1
N26-025-09205-NINE,97,1
N26-072-09206-NIKE,69,1
N26-072-09206-NIKE,72,1
N26-072-09206-NIKE,96,1
N26-072-09206-NIKE,98,1
N26-026-09207-DRMA,19,1
N26-026-09207-DRMA,21,1
N26-026-09207-DRMA,26,1
N26-026-09207-DRMA,96,1
N26-026-09207-DRMA,99,1
N26-017-09208-ADID,1,1
N26-017-09208-ADID,4,1
N26-017-09208-ADID,17,1
N26-088-09209-SCRI,84,1
N26-088-09209-SCRI,86,1
N26-088-09209-SCRI,88,1
N26-082-09210-RAZE,77,1
N26-082-09210-RAZE,80,1
N26-082-09210-RAZE,82,1
N26-082-09210-RAZE,96,1
N26-082-09210-RAZE,97,1
N26-047-09211-SONY,36,1
N26-047-09211-SONY,39,1
N26-047-09211-SONY,47,1
N26-076-09212-NATU,69,1
N26-076-09212-NATU,76,1
N26-076-09212-NATU,96,1
N26-076-09212-NATU,100,1
N26-006-09213-CUID,1,1
N26-006-09213-CUID,2,1
N26-006-09213-CUID,6,1
N26-006-09213-CUID,96,1
N26-006-09213-CUID,100,1
N26-043-09214-RAZE,36,1
N26-043-09214-RAZE,37,1
N26-043-09214-RAZE,43,1
N26-043-09214-RAZE,96,1
N26-043-09214-RAZE,100,1
N26-015-09215-MANG,1,1
N26-015-09215-MANG,3,1
N26-015-09215-MANG,15,1
N26-015-09215-MANG,96,1
N26-015-09215-MANG,100,1
N26-030-09216-TOUS,28,1
N26-030-09216-TOUS,30,1
N26-087-09217-PORR,84,1
N26-087-09217-PORR,85,1
N26-087-09217-PORR,87,1
N26-082-09218-XBOX,77,1
N26-082-09218-XBOX,80,1
N26-082-09218-XBOX,82,1
N26-035-09219-SAMS,28,1
N26-035-09219-SAMS,35,1
N26-035-09219-SAMS,96,1
N26-035-09219-SAMS,97,1
N26-008-09220-PULL,1,1
N26-008-09220-PULL,3,1
N26-008-09220-PULL,8,1
N26-042-09221-VORA,36,1
N26-042-09221-VORA,37,1
N26-042-09221-VORA,42,1
N26-042-09221-VORA,96,1
N26-042-09221-VORA,97,1
N26-090-09222-MIKE,89,1
N26-090-09222-MIKE,90,1
N26-073-09223-BENO,69,1
N26-073-09223-BENO,73,1
N26-063-09224-GRIS,60,1
N26-063-09224-GRIS,63,1
N26-063-09224-GRIS,96,1
N26-063-09224-GRIS,97,1
N26-015-09225-HMXX,1,1
N26-015-09225-HMXX,3,1
N26-015-09225-HMXX,15,1
N26-055-09226-NINJ,49,1
N26-055-09226-NINJ,51,1
N26-055-09226-NINJ,55,1
N26-055-09226-NINJ,96,1
N26-055-09226-NINJ,97,1
N26-014-09227-CUID,1,1
N26-014-09227-CUID,2,1
N26-014-09227-CUID,14,1
N26-078-09228-FISH,77,1
N26-078-09228-FISH,78,1
N26-041-09229-ASUS,36,1
N26-041-09229-ASUS,37,1
N26-041-09229-ASUS,41,1
N26-050-09230-TFAL,49,1
N26-050-09230-TFAL,50,1
N26-091-09231-MEGU,89,1
N26-091-09231-MEGU,91,1
N26-009-09232-BABY,1,1
N26-009-09232-BABY,4,1
N26-009-09232-BABY,9,1
N26-032-09233-HAWK,28,1
N26-032-09233-HAWK,32,1
N26-018-09234-PIRM,1,1
N26-018-09234-PIRM,4,1
N26-018-09234-PIRM,18,1
N26-018-09234-PIRM,96,1
N26-018-09234-PIRM,100,1
N26-032-09235-VOGU,28,1
N26-032-09235-VOGU,32,1
N26-011-09236-CART,1,1
N26-011-09236-CART,4,1
N26-011-09236-CART,11,1
N26-094-09237-PURI,93,1
N26-094-09237-PURI,94,1
N26-094-09237-PURI,96,1
N26-094-09237-PURI,98,1
N26-034-09238-LEVI,28,1
N26-034-09238-LEVI,34,1
N26-014-09239-CUID,1,1
N26-014-09239-CUID,2,1
N26-014-09239-CUID,14,1
N26-012-09240-ZARA,1,1
N26-012-09240-ZARA,4,1
N26-012-09240-ZARA,12,1
N26-026-09241-FLEX,19,1
N26-026-09241-FLEX,21,1
N26-026-09241-FLEX,26,1
N26-026-09241-FLEX,96,1
N26-026-09241-FLEX,98,1
N26-064-09242-PAIP,60,1
N26-064-09242-PAIP,64,1
N26-042-09243-GIGA,36,1
N26-042-09243-GIGA,37,1
N26-042-09243-GIGA,42,1
N26-047-09244-JBLX,36,1
N26-047-09244-JBLX,39,1
N26-047-09244-JBLX,47,1
N26-073-09245-SPEC,69,1
N26-073-09245-SPEC,73,1
N26-035-09246-FOSS,28,1
N26-035-09246-FOSS,35,1
N26-047-09247-JBLX,36,1
N26-047-09247-JBLX,39,1
N26-047-09247-JBLX,47,1
N26-081-09248-XBOX,77,1
N26-081-09248-XBOX,80,1
N26-081-09248-XBOX,81,1
N26-074-09249-VOIT,69,1
N26-074-09249-VOIT,70,1
N26-074-09249-VOIT,74,1
N26-074-09249-VOIT,96,1
N26-074-09249-VOIT,99,1
N26-029-09250-SAMS,28,1
N26-029-09250-SAMS,29,1
N26-025-09251-FLEX,19,1
N26-025-09251-FLEX,21,1
N26-025-09251-FLEX,25,1
N26-009-09252-BABY,1,1
N26-009-09252-BABY,4,1
N26-009-09252-BABY,9,1
N26-079-09253-LEGO,77,1
N26-079-09253-LEGO,79,1
N26-079-09253-LEGO,96,1
N26-079-09253-LEGO,100,1
N26-055-09254-OSTE,49,1
N26-055-09254-OSTE,51,1
N26-055-09254-OSTE,55,1
N26-055-09254-OSTE,96,1
N26-055-09254-OSTE,100,1
N26-005-09255-DOCK,1,1
N26-005-09255-DOCK,2,1
N26-005-09255-DOCK,5,1
N26-030-09256-SWAR,28,1
N26-030-09256-SWAR,30,1
N26-035-09257-FOSS,28,1
N26-035-09257-FOSS,35,1
N26-035-09257-FOSS,96,1
N26-035-09257-FOSS,100,1
N26-009-09258-BABY,1,1
N26-009-09258-BABY,4,1
N26-009-09258-BABY,9,1
N26-009-09258-BABY,96,1
N26-009-09258-BABY,98,1
N26-007-09259-MASS,1,1
N26-007-09259-MASS,3,1
N26-007-09259-MASS,7,1
N26-031-09260-HUAW,28,1
N26-031-09260-HUAW,31,1
N26-025-09261-NINE,19,1
N26-025-09261-NINE,21,1
N26-025-09261-NINE,25,1
N26-025-09261-NINE,96,1
N26-025-09261-NINE,99,1
N26-045-09262-STER,36,1
N26-045-09262-STER,38,1
N26-045-09262-STER,45,1
N26-026-09263-DRMA,19,1
N26-026-09263-DRMA,21,1
N26-026-09263-DRMA,26,1
N26-046-09264-STER,36,1
N26-046-09264-STER,39,1
N26-046-09264-STER,46,1
N26-094-09265-HILL,93,1
N26-094-09265-HILL,94,1
N26-017-09266-CUID,1,1
N26-017-09266-CUID,4,1
N26-017-09266-CUID,17,1
N26-044-09267-XIAO,36,1
N26-044-09267-XIAO,38,1
N26-044-09267-XIAO,44,1
N26-044-09267-XIAO,96,1
N26-044-09267-XIAO,98,1
N26-095-09268-ROYA,93,1
N26-095-09268-ROYA,95,1
N26-027-09269-CROC,19,1
N26-027-09269-CROC,22,1
N26-027-09269-CROC,27,1
N26-073-09270-SPEC,69,1
N26-073-09270-SPEC,73,1
N26-048-09271-HISE,36,1
N26-048-09271-HISE,40,1
N26-048-09271-HISE,48,1
N26-035-09272-SAMS,28,1
N26-035-09272-SAMS,35,1
N26-044-09273-GOOG,36,1
N26-044-09273-GOOG,38,1
N26-044-09273-GOOG,44,1
N26-030-09274-TOUS,28,1
N26-030-09274-TOUS,30,1
N26-067-09275-GRIS,60,1
N26-067-09275-GRIS,62,1
N26-067-09275-GRIS,67,1
N26-067-09275-GRIS,96,1
N26-067-09275-GRIS,100,1
N26-064-09276-NATU,60,1
N26-064-09276-NATU,64,1
N26-044-09277-MOTO,36,1
N26-044-09277-MOTO,38,1
N26-044-09277-MOTO,44,1
N26-050-09278-EKCO,49,1
N26-050-09278-EKCO,50,1
N26-050-09278-EKCO,96,1
N26-050-09278-EKCO,98,1
N26-033-09279-ADID,28,1
N26-033-09279-ADID,33,1
N26-016-09280-HMXX,1,1
N26-016-09280-HMXX,3,1
N26-016-09280-HMXX,16,1
N26-016-09280-HMXX,96,1
N26-016-09280-HMXX,99,1
N26-065-09281-NYXX,60,1
N26-065-09281-NYXX,61,1
N26-065-09281-NYXX,65,1
N26-005-09282-CUID,1,1
N26-005-09282-CUID,2,1
N26-005-09282-CUID,5,1
N26-024-09283-HUSH,19,1
N26-024-09283-HUSH,20,1
N26-024-09283-HUSH,24,1
N26-045-09284-UAGX,36,1
N26-045-09284-UAGX,38,1
N26-045-09284-UAGX,45,1
N26-045-09284-UAGX,96,1
N26-045-09284-UAGX,98,1
N26-055-09285-KOBL,49,1
N26-055-09285-KOBL,51,1
N26-055-09285-KOBL,55,1
N26-067-09286-GRIS,60,1
N26-067-09286-GRIS,62,1
N26-067-09286-GRIS,67,1
N26-059-09287-VIAN,49,1
N26-059-09287-VIAN,54,1
N26-059-09287-VIAN,59,1
N26-059-09287-VIAN,96,1
N26-059-09287-VIAN,98,1
N26-048-09288-LGXX,36,1
N26-048-09288-LGXX,40,1
N26-048-09288-LGXX,48,1
N26-075-09289-MAND,69,1
N26-075-09289-MAND,70,1
N26-075-09289-MAND,75,1
N26-075-09289-MAND,96,1
N26-075-09289-MAND,100,1
N26-067-09290-LARO,60,1
N26-067-09290-LARO,62,1
N26-067-09290-LARO,67,1
N26-067-09290-LARO,96,1
N26-067-09290-LARO,99,1
N26-041-09291-ACER,36,1
N26-041-09291-ACER,37,1
N26-041-09291-ACER,41,1
N26-095-09292-HILL,93,1
N26-095-09292-HILL,95,1
N26-079-09293-LEGO,77,1
N26-079-09293-LEGO,79,1
N26-078-09294-MIAL,77,1
N26-078-09294-MIAL,78,1
N26-078-09294-MIAL,96,1
N26-078-09294-MIAL,97,1
N26-091-09295-TURT,89,1
N26-091-09295-TURT,91,1
N26-032-09296-OAKL,28,1
N26-032-09296-OAKL,32,1
N26-094-09297-NUPE,93,1
N26-094-09297-NUPE,94,1
N26-017-09298-CUID,1,1
N26-017-09298-CUID,4,1
N26-017-09298-CUID,17,1
N26-017-09298-CUID,96,1
N26-017-09298-CUID,100,1
N26-042-09299-ASUS,36,1
N26-042-09299-ASUS,37,1
N26-042-09299-ASUS,42,1
N26-088-09300-SCRI,84,1
N26-088-09300-SCRI,86,1
N26-088-09300-SCRI,88,1
N26-088-09300-SCRI,96,1
N26-088-09300-SCRI,99,1
N26-076-09301-OZAR,69,1
N26-076-09301-OZAR,76,1
N26-011-09302-CHAR,1,1
N26-011-09302-CHAR,4,1
N26-011-09302-CHAR,11,1
N26-011-09302-CHAR,96,1
N26-011-09302-CHAR,99,1
N26-025-09303-FLEX,19,1
N26-025-09303-FLEX,21,1
N26-025-09303-FLEX,25,1
N26-018-09304-NIKE,1,1
N26-018-09304-NIKE,4,1
N26-018-09304-NIKE,18,1
N26-058-09305-TAPO,49,1
N26-058-09305-TAPO,53,1
N26-058-09305-TAPO,58,1
N26-058-09305-TAPO,96,1
N26-058-09305-TAPO,100,1
N26-041-09306-HPXX,36,1
N26-041-09306-HPXX,37,1
N26-041-09306-HPXX,41,1
N26-041-09306-HPXX,96,1
N26-041-09306-HPXX,98,1
N26-095-09307-NUPE,93,1
N26-095-09307-NUPE,95,1
N26-095-09307-NUPE,96,1
N26-095-09307-NUPE,98,1
N26-029-09308-HERS,28,1
N26-029-09308-HERS,29,1
N26-013-09309-ADID,1,1
N26-013-09309-ADID,2,1
N26-013-09309-ADID,13,1
N26-013-09309-ADID,96,1
N26-013-09309-ADID,98,1
N26-095-09310-PURI,93,1
N26-095-09310-PURI,95,1
N26-018-09311-PIRM,1,1
N26-018-09311-PIRM,4,1
N26-018-09311-PIRM,18,1
N26-018-09311-PIRM,96,1
N26-018-09311-PIRM,99,1
N26-027-09312-CROC,19,1
N26-027-09312-CROC,22,1
N26-027-09312-CROC,27,1
N26-027-09312-CROC,96,1
N26-027-09312-CROC,100,1
N26-035-09313-TOMM,28,1
N26-035-09313-TOMM,35,1
N26-023-09314-NIKE,19,1
N26-023-09314-NIKE,20,1
N26-023-09314-NIKE,23,1
N26-041-09315-ACER,36,1
N26-041-09315-ACER,37,1
N26-041-09315-ACER,41,1
N26-072-09316-NIKE,69,1
N26-072-09316-NIKE,72,1
N26-072-09316-NIKE,96,1
N26-072-09316-NIKE,100,1
N26-078-09317-FISH,77,1
N26-078-09317-FISH,78,1
N26-078-09317-FISH,96,1
N26-078-09317-FISH,100,1
N26-048-09318-PHIL,36,1
N26-048-09318-PHIL,40,1
N26-048-09318-PHIL,48,1
N26-008-09319-PULL,1,1
N26-008-09319-PULL,3,1
N26-008-09319-PULL,8,1
N26-081-09320-NINT,77,1
N26-081-09320-NINT,80,1
N26-081-09320-NINT,81,1
N26-007-09321-HMXX,1,1
N26-007-09321-HMXX,3,1
N26-007-09321-HMXX,7,1
N26-058-09322-STER,49,1
N26-058-09322-STER,53,1
N26-058-09322-STER,58,1
N26-058-09322-STER,96,1
N26-058-09322-STER,99,1
N26-027-09323-CART,19,1
N26-027-09323-CART,22,1
N26-027-09323-CART,27,1
N26-073-09324-BENO,69,1
N26-073-09324-BENO,73,1
N26-073-09324-BENO,96,1
N26-073-09324-BENO,99,1
N26-041-09325-LANI,36,1
N26-041-09325-LANI,37,1
N26-041-09325-LANI,41,1
N26-068-09326-NIVE,60,1
N26-068-09326-NIVE,62,1
N26-068-09326-NIVE,68,1
N26-005-09327-DOCK,1,1
N26-005-09327-DOCK,2,1
N26-005-09327-DOCK,5,1
N26-006-09328-HMXX,1,1
N26-006-09328-HMXX,2,1
N26-006-09328-HMXX,6,1
N26-027-09329-CROC,19,1
N26-027-09329-CROC,22,1
N26-027-09329-CROC,27,1
N26-013-09330-ADID,1,1
N26-013-09330-ADID,2,1
N26-013-09330-ADID,13,1
N26-006-09331-BERS,1,1
N26-006-09331-BERS,2,1
N26-006-09331-BERS,6,1
N26-050-09332-TRAM,49,1
N26-050-09332-TRAM,50,1
N26-024-09333-FLEX,19,1
N26-024-09333-FLEX,20,1
N26-024-09333-FLEX,24,1
N26-024-09333-FLEX,96,1
N26-024-09333-FLEX,98,1
N26-005-09334-CUID,1,1
N26-005-09334-CUID,2,1
N26-005-09334-CUID,5,1
N26-005-09334-CUID,96,1
N26-005-09334-CUID,100,1
N26-083-09335-ASMO,77,1
N26-083-09335-ASMO,83,1
N26-083-09335-ASMO,96,1
N26-083-09335-ASMO,99,1
N26-042-09336-CORS,36,1
N26-042-09336-CORS,37,1
N26-042-09336-CORS,42,1
N26-083-09337-ASMO,77,1
N26-083-09337-ASMO,83,1
N26-014-09338-CUID,1,1
N26-014-09338-CUID,2,1
N26-014-09338-CUID,14,1
N26-065-09339-MAYB,60,1
N26-065-09339-MAYB,61,1
N26-065-09339-MAYB,65,1
N26-048-09340-SAMS,36,1
N26-048-09340-SAMS,40,1
N26-048-09340-SAMS,48,1
N26-047-09341-SONY,36,1
N26-047-09341-SONY,39,1
N26-047-09341-SONY,47,1
N26-058-09342-PHIL,49,1
N26-058-09342-PHIL,53,1
N26-058-09342-PHIL,58,1
N26-058-09342-PHIL,96,1
N26-058-09342-PHIL,97,1
N26-067-09343-LARO,60,1
N26-067-09343-LARO,62,1
N26-067-09343-LARO,67,1
N26-029-09344-KIPL,28,1
N26-029-09344-KIPL,29,1
N26-079-09345-DIST,77,1
N26-079-09345-DIST,79,1
N26-079-09345-DIST,96,1
N26-079-09345-DIST,100,1
N26-078-09346-MIAL,77,1
N26-078-09346-MIAL,78,1
N26-008-09347-HMXX,1,1
N26-008-09347-HMXX,3,1
N26-008-09347-HMXX,8,1
N26-081-09348-VALV,77,1
N26-081-09348-VALV,80,1
N26-081-09348-VALV,81,1
N26-095-09349-NUPE,93,1
N26-095-09349-NUPE,95,1
N26-013-09350-LEVI,1,1
N26-013-09350-LEVI,2,1
N26-013-09350-LEVI,13,1
N26-072-09351-ADID,69,1
N26-072-09351-ADID,72,1
N26-074-09352-VOIT,69,1
N26-074-09352-VOIT,70,1
N26-074-09352-VOIT,74,1
N26-025-09353-FLEX,19,1
N26-025-09353-FLEX,21,1
N26-025-09353-FLEX,25,1
N26-026-09354-FLEX,19,1
N26-026-09354-FLEX,21,1
N26-026-09354-FLEX,26,1
N26-094-09355-GANA,93,1
N26-094-09355-GANA,94,1
N26-059-09356-LUUN,49,1
N26-059-09356-LUUN,54,1
N26-059-09356-LUUN,59,1
N26-005-09357-LEVI,1,1
N26-005-09357-LEVI,2,1
N26-005-09357-LEVI,5,1
N26-043-09358-VORA,36,1
N26-043-09358-VORA,37,1
N26-043-09358-VORA,43,1
N26-018-09359-NIKE,1,1
N26-018-09359-NIKE,4,1
N26-018-09359-NIKE,18,1
N26-018-09359-NIKE,96,1
N26-018-09359-NIKE,100,1
N26-095-09360-WHIS,93,1
N26-095-09360-WHIS,95,1
N26-095-09360-WHIS,96,1
N26-095-09360-WHIS,98,1
N26-046-09361-SAMS,36,1
N26-046-09361-SAMS,39,1
N26-046-09361-SAMS,46,1
N26-046-09361-SAMS,96,1
N26-046-09361-SAMS,98,1
N26-059-09362-LUUN,49,1
N26-059-09362-LUUN,54,1
N26-059-09362-LUUN,59,1
N26-018-09363-UNDE,1,1
N26-018-09363-UNDE,4,1
N26-018-09363-UNDE,18,1
N26-026-09364-CATE,19,1
N26-026-09364-CATE,21,1
N26-026-09364-CATE,26,1
N26-044-09365-GOOG,36,1
N26-044-09365-GOOG,38,1
N26-044-09365-GOOG,44,1
N26-008-09366-ZARA,1,1
N26-008-09366-ZARA,3,1
N26-008-09366-ZARA,8,1
N26-072-09367-CHAR,69,1
N26-072-09367-CHAR,72,1
N26-031-09368-CITI,28,1
N26-031-09368-CITI,31,1
N26-015-09369-MASS,1,1
N26-015-09369-MASS,3,1
N26-015-09369-MASS,15,1
N26-066-09370-BISS,60,1
N26-066-09370-BISS,61,1
N26-066-09370-BISS,66,1
N26-011-09371-HMXX,1,1
N26-011-09371-HMXX,4,1
N26-011-09371-HMXX,11,1
N26-044-09372-GOOG,36,1
N26-044-09372-GOOG,38,1
N26-044-09372-GOOG,44,1
N26-012-09373-BERS,1,1
N26-012-09373-BERS,4,1
N26-012-09373-BERS,12,1
N26-016-09374-ZARA,1,1
N26-016-09374-ZARA,3,1
N26-016-09374-ZARA,16,1
N26-016-09374-ZARA,96,1
N26-016-09374-ZARA,98,1
N26-066-09375-BISS,60,1
N26-066-09375-BISS,61,1
N26-066-09375-BISS,66,1
N26-076-09376-NATU,69,1
N26-076-09376-NATU,76,1
N26-090-09377-MIKE,89,1
N26-090-09377-MIKE,90,1
N26-090-09378-3MXX,89,1
N26-090-09378-3MXX,90,1
N26-012-09379-ZARA,1,1
N26-012-09379-ZARA,4,1
N26-012-09379-ZARA,12,1
N26-026-09380-CATE,19,1
N26-026-09380-CATE,21,1
N26-026-09380-CATE,26,1
N26-026-09381-CATE,19,1
N26-026-09381-CATE,21,1
N26-026-09381-CATE,26,1
N26-014-09382-ZARA,1,1
N26-014-09382-ZARA,2,1
N26-014-09382-ZARA,14,1
N26-014-09382-ZARA,96,1
N26-014-09382-ZARA,99,1
N26-018-09383-NIKE,1,1
N26-018-09383-NIKE,4,1
N26-018-09383-NIKE,18,1
N26-018-09383-NIKE,96,1
N26-018-09383-NIKE,100,1
N26-075-09384-GAIA,69,1
N26-075-09384-GAIA,70,1
N26-075-09384-GAIA,75,1
N26-095-09385-HILL,93,1
N26-095-09385-HILL,95,1
N26-032-09386-VOGU,28,1
N26-032-09386-VOGU,32,1
N26-043-09387-PERF,36,1
N26-043-09387-PERF,37,1
N26-043-09387-PERF,43,1
N26-005-09388-HUGO,1,1
N26-005-09388-HUGO,2,1
N26-005-09388-HUGO,5,1
N26-005-09388-HUGO,96,1
N26-005-09388-HUGO,98,1
N26-058-09389-TECN,49,1
N26-058-09389-TECN,53,1
N26-058-09389-TECN,58,1
N26-034-09390-TOMM,28,1
N26-034-09390-TOMM,34,1
N26-017-09391-ADID,1,1
N26-017-09391-ADID,4,1
N26-017-09391-ADID,17,1
N26-078-09392-LEGO,77,1
N26-078-09392-LEGO,78,1
N26-078-09392-LEGO,96,1
N26-078-09392-LEGO,100,1
N26-031-09393-HUAW,28,1
N26-031-09393-HUAW,31,1
N26-050-09394-KITC,49,1
N26-050-09394-KITC,50,1
N26-078-09395-LEGO,77,1
N26-078-09395-LEGO,78,1
N26-014-09396-CUID,1,1
N26-014-09396-CUID,2,1
N26-014-09396-CUID,14,1
N26-046-09397-JBLX,36,1
N26-046-09397-JBLX,39,1
N26-046-09397-JBLX,46,1
N26-057-09398-IKEA,49,1
N26-057-09398-IKEA,52,1
N26-057-09398-IKEA,57,1
N26-033-09399-ADID,28,1
N26-033-09399-ADID,33,1
N26-032-09400-VOGU,28,1
N26-032-09400-VOGU,32,1
N26-032-09400-VOGU,96,1
N26-032-09400-VOGU,98,1
N26-034-09401-TOMM,28,1
N26-034-09401-TOMM,34,1
N26-034-09401-TOMM,96,1
N26-034-09401-TOMM,98,1
N26-074-09402-VOIT,69,1
N26-074-09402-VOIT,70,1
N26-074-09402-VOIT,74,1
N26-058-09403-TAPO,49,1
N26-058-09403-TAPO,53,1
N26-058-09403-TAPO,58,1
N26-024-09404-FLEX,19,1
N26-024-09404-FLEX,20,1
N26-024-09404-FLEX,24,1
N26-090-09405-MICH,89,1
N26-090-09405-MICH,90,1
N26-055-09406-NINJ,49,1
N26-055-09406-NINJ,51,1
N26-055-09406-NINJ,55,1
N26-030-09407-THOM,28,1
N26-030-09407-THOM,30,1
N26-033-09408-PUMA,28,1
N26-033-09408-PUMA,33,1
N26-033-09408-PUMA,96,1
N26-033-09408-PUMA,97,1
N26-023-09409-PUMA,19,1
N26-023-09409-PUMA,20,1
N26-023-09409-PUMA,23,1
N26-017-09410-HMXX,1,1
N26-017-09410-HMXX,4,1
N26-017-09410-HMXX,17,1
N26-017-09410-HMXX,96,1
N26-017-09410-HMXX,97,1
N26-076-09411-QUEC,69,1
N26-076-09411-QUEC,76,1
N26-041-09412-HPXX,36,1
N26-041-09412-HPXX,37,1
N26-041-09412-HPXX,41,1
N26-092-09413-GATE,89,1
N26-092-09413-GATE,92,1
N26-006-09414-HMXX,1,1
N26-006-09414-HMXX,2,1
N26-006-09414-HMXX,6,1
N26-006-09414-HMXX,96,1
N26-006-09414-HMXX,99,1
N26-071-09415-PIRM,69,1
N26-071-09415-PIRM,71,1
N26-071-09415-PIRM,96,1
N26-071-09415-PIRM,100,1
N26-035-09416-COAC,28,1
N26-035-09416-COAC,35,1
N26-034-09417-TOMM,28,1
N26-034-09417-TOMM,34,1
N26-027-09418-CART,19,1
N26-027-09418-CART,22,1
N26-027-09418-CART,27,1
N26-066-09419-BISS,60,1
N26-066-09419-BISS,61,1
N26-066-09419-BISS,66,1
N26-082-09420-HYPE,77,1
N26-082-09420-HYPE,80,1
N26-082-09420-HYPE,82,1
N26-057-09421-GAIA,49,1
N26-057-09421-GAIA,52,1
N26-057-09421-GAIA,57,1
N26-090-09422-MIKE,89,1
N26-090-09422-MIKE,90,1
N26-092-09423-GONH,89,1
N26-092-09423-GONH,92,1
N26-008-09424-BERS,1,1
N26-008-09424-BERS,3,1
N26-008-09424-BERS,8,1
N26-010-09425-CAXX,1,1
N26-010-09425-CAXX,4,1
N26-010-09425-CAXX,10,1
N26-010-09425-CAXX,96,1
N26-010-09425-CAXX,99,1
N26-079-09426-DIST,77,1
N26-079-09426-DIST,79,1
N26-014-09427-CUID,1,1
N26-014-09427-CUID,2,1
N26-014-09427-CUID,14,1
N26-072-09428-CHAR,69,1
N26-072-09428-CHAR,72,1
N26-072-09428-CHAR,96,1
N26-072-09428-CHAR,99,1
N26-025-09429-FLEX,19,1
N26-025-09429-FLEX,21,1
N26-025-09429-FLEX,25,1
N26-005-09430-DOCK,1,1
N26-005-09430-DOCK,2,1
N26-005-09430-DOCK,5,1
N26-045-09431-SPIG,36,1
N26-045-09431-SPIG,38,1
N26-045-09431-SPIG,45,1
N26-071-09432-PIRM,69,1
N26-071-09432-PIRM,71,1
N26-018-09433-ADID,1,1
N26-018-09433-ADID,4,1
N26-018-09433-ADID,18,1
N26-058-09434-TAPO,49,1
N26-058-09434-TAPO,53,1
N26-058-09434-TAPO,58,1
N26-075-09435-GAIA,69,1
N26-075-09435-GAIA,70,1
N26-075-09435-GAIA,75,1
N26-094-09436-NUPE,93,1
N26-094-09436-NUPE,94,1
N26-095-09437-HILL,93,1
N26-095-09437-HILL,95,1
N26-030-09438-PAND,28,1
N26-030-09438-PAND,30,1
N26-029-09439-PINE,28,1
N26-029-09439-PINE,29,1
N26-083-09440-MATT,77,1
N26-083-09440-MATT,83,1
N26-095-09441-ROYA,93,1
N26-095-09441-ROYA,95,1
N26-055-09442-HAMI,49,1
N26-055-09442-HAMI,51,1
N26-055-09442-HAMI,55,1
N26-018-09443-PIRM,1,1
N26-018-09443-PIRM,4,1
N26-018-09443-PIRM,18,1
N26-050-09444-KITC,49,1
N26-050-09444-KITC,50,1
N26-007-09445-MASS,1,1
N26-007-09445-MASS,3,1
N26-007-09445-MASS,7,1
N26-030-09446-SWAR,28,1
N26-030-09446-SWAR,30,1
N26-011-09447-CART,1,1
N26-011-09447-CART,4,1
N26-011-09447-CART,11,1
N26-011-09447-CART,96,1
N26-011-09447-CART,98,1
N26-090-09448-3MXX,89,1
N26-090-09448-3MXX,90,1
N26-076-09449-QUEC,69,1
N26-076-09449-QUEC,76,1
N26-076-09449-QUEC,96,1
N26-076-09449-QUEC,99,1
N26-042-09450-SEAG,36,1
N26-042-09450-SEAG,37,1
N26-042-09450-SEAG,42,1
N26-042-09450-SEAG,96,1
N26-042-09450-SEAG,97,1
N26-095-09451-ROYA,93,1
N26-095-09451-ROYA,95,1
N26-081-09452-NINT,77,1
N26-081-09452-NINT,80,1
N26-081-09452-NINT,81,1
N26-068-09453-ISDI,60,1
N26-068-09453-ISDI,62,1
N26-068-09453-ISDI,68,1
N26-068-09453-ISDI,96,1
N26-068-09453-ISDI,97,1
N26-083-09454-DEVI,77,1
N26-083-09454-DEVI,83,1
N26-063-09455-GRIS,60,1
N26-063-09455-GRIS,63,1
N26-091-09456-3MXX,89,1
N26-091-09456-3MXX,91,1
N26-013-09457-CUID,1,1
N26-013-09457-CUID,2,1
N26-013-09457-CUID,13,1
N26-050-09458-PYRE,49,1
N26-050-09458-PYRE,50,1
N26-091-09459-MIKE,89,1
N26-091-09459-MIKE,91,1
N26-050-09460-KITC,49,1
N26-050-09460-KITC,50,1
N26-059-09461-IKEA,49,1
N26-059-09461-IKEA,54,1
N26-059-09461-IKEA,59,1
N26-078-09462-MIAL,77,1
N26-078-09462-MIAL,78,1
N26-043-09463-MICR,36,1
N26-043-09463-MICR,37,1
N26-043-09463-MICR,43,1
N26-023-09464-PIRM,19,1
N26-023-09464-PIRM,20,1
N26-023-09464-PIRM,23,1
N26-023-09464-PIRM,96,1
N26-023-09464-PIRM,98,1
N26-047-09465-STER,36,1
N26-047-09465-STER,39,1
N26-047-09465-STER,47,1
N26-079-09466-DIST,77,1
N26-079-09466-DIST,79,1
N26-056-09467-OSTE,49,1
N26-056-09467-OSTE,51,1
N26-056-09467-OSTE,56,1
N26-056-09467-OSTE,96,1
N26-056-09467-OSTE,100,1
N26-081-09468-XBOX,77,1
N26-081-09468-XBOX,80,1
N26-081-09468-XBOX,81,1
N26-081-09468-XBOX,96,1
N26-081-09468-XBOX,98,1
N26-094-09469-GANA,93,1
N26-094-09469-GANA,94,1
N26-042-09470-VORA,36,1
N26-042-09470-VORA,37,1
N26-042-09470-VORA,42,1
N26-007-09471-CUID,1,1
N26-007-09471-CUID,3,1
N26-007-09471-CUID,7,1
N26-005-09472-CUID,1,1
N26-005-09472-CUID,2,1
N26-005-09472-CUID,5,1
N26-005-09472-CUID,96,1
N26-005-09472-CUID,98,1
N26-065-09473-MAYB,60,1
N26-065-09473-MAYB,61,1
N26-065-09473-MAYB,65,1
N26-014-09474-ZARA,1,1
N26-014-09474-ZARA,2,1
N26-014-09474-ZARA,14,1
N26-029-09475-KIPL,28,1
N26-029-09475-KIPL,29,1
N26-092-09476-GONH,89,1
N26-092-09476-GONH,92,1
N26-092-09476-GONH,96,1
N26-092-09476-GONH,97,1
N26-067-09477-GRIS,60,1
N26-067-09477-GRIS,62,1
N26-067-09477-GRIS,67,1
N26-010-09478-CAXX,1,1
N26-010-09478-CAXX,4,1
N26-010-09478-CAXX,10,1
N26-073-09479-SPEC,69,1
N26-073-09479-SPEC,73,1
N26-008-09480-ZARA,1,1
N26-008-09480-ZARA,3,1
N26-008-09480-ZARA,8,1
N26-008-09480-ZARA,96,1
N26-008-09480-ZARA,99,1
N26-014-09481-ZARA,1,1
N26-014-09481-ZARA,2,1
N26-014-09481-ZARA,14,1
N26-064-09482-VERS,60,1
N26-064-09482-VERS,64,1
N26-008-09483-PULL,1,1
N26-008-09483-PULL,3,1
N26-008-09483-PULL,8,1
N26-042-09484-VORA,36,1
N26-042-09484-VORA,37,1
N26-042-09484-VORA,42,1
N26-042-09484-VORA,96,1
N26-042-09484-VORA,98,1
N26-066-09485-REVL,60,1
N26-066-09485-REVL,61,1
N26-066-09485-REVL,66,1
N26-078-09486-MIAL,77,1
N26-078-09486-MIAL,78,1
N26-074-09487-DECA,69,1
N26-074-09487-DECA,70,1
N26-074-09487-DECA,74,1
N26-041-09488-DELL,36,1
N26-041-09488-DELL,37,1
N26-041-09488-DELL,41,1
N26-043-09489-VORA,36,1
N26-043-09489-VORA,37,1
N26-043-09489-VORA,43,1
N26-075-09490-NIKE,69,1
N26-075-09490-NIKE,70,1
N26-075-09490-NIKE,75,1
N26-059-09491-LUUN,49,1
N26-059-09491-LUUN,54,1
N26-059-09491-LUUN,59,1
N26-048-09492-SONY,36,1
N26-048-09492-SONY,40,1
N26-048-09492-SONY,48,1
N26-048-09492-SONY,96,1
N26-048-09492-SONY,97,1
N26-067-09493-NEUT,60,1
N26-067-09493-NEUT,62,1
N26-067-09493-NEUT,67,1
N26-059-09494-IKEA,49,1
N26-059-09494-IKEA,54,1
N26-059-09494-IKEA,59,1
N26-055-09495-NINJ,49,1
N26-055-09495-NINJ,51,1
N26-055-09495-NINJ,55,1
N26-029-09496-KIPL,28,1
N26-029-09496-KIPL,29,1
N26-029-09496-KIPL,96,1
N26-029-09496-KIPL,98,1
N26-068-09497-GRIS,60,1
N26-068-09497-GRIS,62,1
N26-068-09497-GRIS,68,1
N26-034-09498-LEVI,28,1
N26-034-09498-LEVI,34,1
N26-034-09498-LEVI,96,1
N26-034-09498-LEVI,99,1
N26-079-09499-FUNK,77,1
N26-079-09499-FUNK,79,1
N26-010-09500-HMXX,1,1
N26-010-09500-HMXX,4,1
N26-010-09500-HMXX,10,1
N26-010-09500-HMXX,96,1
N26-010-09500-HMXX,99,1
N26-010-09501-PIRM,1,1
N26-010-09501-PIRM,4,1
N26-010-09501-PIRM,10,1
N26-010-09501-PIRM,96,1
N26-010-09501-PIRM,98,1
N26-055-09502-HAMI,49,1
N26-055-09502-HAMI,51,1
N26-055-09502-HAMI,55,1
N26-094-09503-NUPE,93,1
N26-094-09503-NUPE,94,1
N26-094-09503-NUPE,96,1
N26-094-09503-NUPE,100,1
N26-027-09504-NIKE,19,1
N26-027-09504-NIKE,22,1
N26-027-09504-NIKE,27,1
N26-063-09505-GRIS,60,1
N26-063-09505-GRIS,63,1
N26-007-09506-ZARA,1,1
N26-007-09506-ZARA,3,1
N26-007-09506-ZARA,7,1
N26-055-09507-MABE,49,1
N26-055-09507-MABE,51,1
N26-055-09507-MABE,55,1
N26-041-09508-DELL,36,1
N26-041-09508-DELL,37,1
N26-041-09508-DELL,41,1
N26-026-09509-FLEX,19,1
N26-026-09509-FLEX,21,1
N26-026-09509-FLEX,26,1
N26-055-09510-NINJ,49,1
N26-055-09510-NINJ,51,1
N26-055-09510-NINJ,55,1
N26-079-09511-DIST,77,1
N26-079-09511-DIST,79,1
N26-058-09512-TAPO,49,1
N26-058-09512-TAPO,53,1
N26-058-09512-TAPO,58,1
N26-005-09513-LEVI,1,1
N26-005-09513-LEVI,2,1
N26-005-09513-LEVI,5,1
N26-017-09514-CUID,1,1
N26-017-09514-CUID,4,1
N26-017-09514-CUID,17,1
N26-074-09515-EVER,69,1
N26-074-09515-EVER,70,1
N26-074-09515-EVER,74,1
N26-033-09516-PUMA,28,1
N26-033-09516-PUMA,33,1
N26-043-09517-STER,36,1
N26-043-09517-STER,37,1
N26-043-09517-STER,43,1
N26-043-09517-STER,96,1
N26-043-09517-STER,97,1
N26-082-09518-LOGI,77,1
N26-082-09518-LOGI,80,1
N26-082-09518-LOGI,82,1
N26-094-09519-NUPE,93,1
N26-094-09519-NUPE,94,1
N26-094-09519-NUPE,96,1
N26-094-09519-NUPE,99,1
N26-071-09520-CHAR,69,1
N26-071-09520-CHAR,71,1
N26-091-09521-ARMO,89,1
N26-091-09521-ARMO,91,1
N26-011-09522-CART,1,1
N26-011-09522-CART,4,1
N26-011-09522-CART,11,1
N26-009-09523-HMXX,1,1
N26-009-09523-HMXX,4,1
N26-009-09523-HMXX,9,1
N26-043-09524-VORA,36,1
N26-043-09524-VORA,37,1
N26-043-09524-VORA,43,1
N26-043-09524-VORA,96,1
N26-043-09524-VORA,97,1
N26-048-09525-LGXX,36,1
N26-048-09525-LGXX,40,1
N26-048-09525-LGXX,48,1
N26-047-09526-BOSE,36,1
N26-047-09526-BOSE,39,1
N26-047-09526-BOSE,47,1
N26-047-09526-BOSE,96,1
N26-047-09526-BOSE,99,1
N26-031-09527-HUAW,28,1
N26-031-09527-HUAW,31,1
N26-075-09528-NIKE,69,1
N26-075-09528-NIKE,70,1
N26-075-09528-NIKE,75,1
N26-059-09529-SPRI,49,1
N26-059-09529-SPRI,54,1
N26-059-09529-SPRI,59,1
N26-059-09529-SPRI,96,1
N26-059-09529-SPRI,97,1
N26-047-09530-SONO,36,1
N26-047-09530-SONO,39,1
N26-047-09530-SONO,47,1
N26-047-09530-SONO,96,1
N26-047-09530-SONO,100,1
N26-043-09531-VORA,36,1
N26-043-09531-VORA,37,1
N26-043-09531-VORA,43,1
N26-008-09532-CUID,1,1
N26-008-09532-CUID,3,1
N26-008-09532-CUID,8,1
N26-059-09533-HOME,49,1
N26-059-09533-HOME,54,1
N26-059-09533-HOME,59,1
N26-059-09533-HOME,96,1
N26-059-09533-HOME,99,1
N26-032-09534-VOGU,28,1
N26-032-09534-VOGU,32,1
N26-095-09535-ROYA,93,1
N26-095-09535-ROYA,95,1
N26-033-09536-PUMA,28,1
N26-033-09536-PUMA,33,1
N26-067-09537-GRIS,60,1
N26-067-09537-GRIS,62,1
N26-067-09537-GRIS,67,1
N26-067-09537-GRIS,96,1
N26-067-09537-GRIS,97,1
N26-059-09538-IKEA,49,1
N26-059-09538-IKEA,54,1
N26-059-09538-IKEA,59,1
N26-091-09539-MIKE,89,1
N26-091-09539-MIKE,91,1
N26-056-09540-KOBL,49,1
N26-056-09540-KOBL,51,1
N26-056-09540-KOBL,56,1
N26-068-09541-EUCE,60,1
N26-068-09541-EUCE,62,1
N26-068-09541-EUCE,68,1
N26-068-09541-EUCE,96,1
N26-068-09541-EUCE,97,1
N26-005-09542-DOCK,1,1
N26-005-09542-DOCK,2,1
N26-005-09542-DOCK,5,1
N26-029-09543-KIPL,28,1
N26-029-09543-KIPL,29,1
N26-095-09544-NUPE,93,1
N26-095-09544-NUPE,95,1
N26-044-09545-LANI,36,1
N26-044-09545-LANI,38,1
N26-044-09545-LANI,44,1
N26-044-09545-LANI,96,1
N26-044-09545-LANI,100,1
N26-057-09546-IKEA,49,1
N26-057-09546-IKEA,52,1
N26-057-09546-IKEA,57,1
N26-029-09547-ADID,28,1
N26-029-09547-ADID,29,1
N26-009-09548-CART,1,1
N26-009-09548-CART,4,1
N26-009-09548-CART,9,1
N26-034-09549-DOCK,28,1
N26-034-09549-DOCK,34,1
N26-059-09550-IKEA,49,1
N26-059-09550-IKEA,54,1
N26-059-09550-IKEA,59,1
N26-029-09551-SAMS,28,1
N26-029-09551-SAMS,29,1
N26-034-09552-DOCK,28,1
N26-034-09552-DOCK,34,1
N26-045-09553-UAGX,36,1
N26-045-09553-UAGX,38,1
N26-045-09553-UAGX,45,1
N26-088-09554-BICX,84,1
N26-088-09554-BICX,86,1
N26-088-09554-BICX,88,1
N26-008-09555-CUID,1,1
N26-008-09555-CUID,3,1
N26-008-09555-CUID,8,1
N26-045-09556-UAGX,36,1
N26-045-09556-UAGX,38,1
N26-045-09556-UAGX,45,1
N26-076-09557-OZAR,69,1
N26-076-09557-OZAR,76,1
N26-010-09558-CAXX,1,1
N26-010-09558-CAXX,4,1
N26-010-09558-CAXX,10,1
N26-025-09559-FLEX,19,1
N26-025-09559-FLEX,21,1
N26-025-09559-FLEX,25,1
N26-058-09560-STER,49,1
N26-058-09560-STER,53,1
N26-058-09560-STER,58,1
N26-042-09561-CRUC,36,1
N26-042-09561-CRUC,37,1
N26-042-09561-CRUC,42,1
N26-046-09562-SAMS,36,1
N26-046-09562-SAMS,39,1
N26-046-09562-SAMS,46,1
N26-032-09563-OAKL,28,1
N26-032-09563-OAKL,32,1
N26-041-09564-LENO,36,1
N26-041-09564-LENO,37,1
N26-041-09564-LENO,41,1
N26-082-09565-HYPE,77,1
N26-082-09565-HYPE,80,1
N26-082-09565-HYPE,82,1
N26-081-09566-VALV,77,1
N26-081-09566-VALV,80,1
N26-081-09566-VALV,81,1
N26-081-09566-VALV,96,1
N26-081-09566-VALV,97,1
N26-035-09567-TOMM,28,1
N26-035-09567-TOMM,35,1
N26-029-09568-PINE,28,1
N26-029-09568-PINE,29,1
N26-029-09568-PINE,96,1
N26-029-09568-PINE,100,1
N26-082-09569-LOGI,77,1
N26-082-09569-LOGI,80,1
N26-082-09569-LOGI,82,1
N26-082-09569-LOGI,96,1
N26-082-09569-LOGI,97,1
N26-064-09570-PAIP,60,1
N26-064-09570-PAIP,64,1
N26-066-09571-BISS,60,1
N26-066-09571-BISS,61,1
N26-066-09571-BISS,66,1
N26-065-09572-PAIP,60,1
N26-065-09572-PAIP,61,1
N26-065-09572-PAIP,65,1
N26-018-09573-CHAR,1,1
N26-018-09573-CHAR,4,1
N26-018-09573-CHAR,18,1
N26-073-09574-SHIM,69,1
N26-073-09574-SHIM,73,1
N26-008-09575-ZARA,1,1
N26-008-09575-ZARA,3,1
N26-008-09575-ZARA,8,1
N26-027-09576-HAVA,19,1
N26-027-09576-HAVA,22,1
N26-027-09576-HAVA,27,1
N26-027-09576-HAVA,96,1
N26-027-09576-HAVA,98,1
N26-048-09577-TCLX,36,1
N26-048-09577-TCLX,40,1
N26-048-09577-TCLX,48,1
N26-018-09578-ADID,1,1
N26-018-09578-ADID,4,1
N26-018-09578-ADID,18,1
N26-018-09578-ADID,96,1
N26-018-09578-ADID,98,1
N26-076-09579-THEN,69,1
N26-076-09579-THEN,76,1
N26-076-09579-THEN,96,1
N26-076-09579-THEN,98,1
N26-032-09580-VOGU,28,1
N26-032-09580-VOGU,32,1
N26-065-09581-MACX,60,1
N26-065-09581-MACX,61,1
N26-065-09581-MACX,65,1
N26-090-09582-MICH,89,1
N26-090-09582-MICH,90,1
N26-065-09583-MACX,60,1
N26-065-09583-MACX,61,1
N26-065-09583-MACX,65,1
N26-006-09584-CUID,1,1
N26-006-09584-CUID,2,1
N26-006-09584-CUID,6,1
N26-087-09585-PACK,84,1
N26-087-09585-PACK,85,1
N26-087-09585-PACK,87,1
N26-056-09586-NESP,49,1
N26-056-09586-NESP,51,1
N26-056-09586-NESP,56,1
N26-059-09587-SPRI,49,1
N26-059-09587-SPRI,54,1
N26-059-09587-SPRI,59,1
N26-023-09588-PIRM,19,1
N26-023-09588-PIRM,20,1
N26-023-09588-PIRM,23,1
N26-023-09588-PIRM,96,1
N26-023-09588-PIRM,99,1
N26-056-09589-HAMI,49,1
N26-056-09589-HAMI,51,1
N26-056-09589-HAMI,56,1
N26-063-09590-PANT,60,1
N26-063-09590-PANT,63,1
N26-057-09591-DICO,49,1
N26-057-09591-DICO,52,1
N26-057-09591-DICO,57,1
N26-088-09592-SCRI,84,1
N26-088-09592-SCRI,86,1
N26-088-09592-SCRI,88,1
N26-018-09593-CHAR,1,1
N26-018-09593-CHAR,4,1
N26-018-09593-CHAR,18,1
N26-018-09593-CHAR,96,1
N26-018-09593-CHAR,97,1
N26-095-09594-ROYA,93,1
N26-095-09594-ROYA,95,1
N26-095-09594-ROYA,96,1
N26-095-09594-ROYA,98,1
N26-092-09595-MONR,89,1
N26-092-09595-MONR,92,1
N26-045-09596-STER,36,1
N26-045-09596-STER,38,1
N26-045-09596-STER,45,1
N26-076-09597-NATU,69,1
N26-076-09597-NATU,76,1
N26-076-09597-NATU,96,1
N26-076-09597-NATU,97,1
N26-075-09598-MAND,69,1
N26-075-09598-MAND,70,1
N26-075-09598-MAND,75,1
N26-009-09599-CAXX,1,1
N26-009-09599-CAXX,4,1
N26-009-09599-CAXX,9,1
N26-023-09600-SKEC,19,1
N26-023-09600-SKEC,20,1
N26-023-09600-SKEC,23,1
N26-068-09601-GRIS,60,1
N26-068-09601-GRIS,62,1
N26-068-09601-GRIS,68,1
N26-072-09602-NEWB,69,1
N26-072-09602-NEWB,72,1
N26-032-09603-OAKL,28,1
N26-032-09603-OAKL,32,1
N26-068-09604-LARO,60,1
N26-068-09604-LARO,62,1
N26-068-09604-LARO,68,1
N26-007-09605-HMXX,1,1
N26-007-09605-HMXX,3,1
N26-007-09605-HMXX,7,1
N26-044-09606-GOOG,36,1
N26-044-09606-GOOG,38,1
N26-044-09606-GOOG,44,1
N26-011-09607-HMXX,1,1
N26-011-09607-HMXX,4,1
N26-011-09607-HMXX,11,1
N26-011-09608-CART,1,1
N26-011-09608-CART,4,1
N26-011-09608-CART,11,1
N26-074-09609-BOWF,69,1
N26-074-09609-BOWF,70,1
N26-074-09609-BOWF,74,1
N26-011-09610-CHAR,1,1
N26-011-09610-CHAR,4,1
N26-011-09610-CHAR,11,1
N26-011-09610-CHAR,96,1
N26-011-09610-CHAR,100,1
N26-094-09611-HILL,93,1
N26-094-09611-HILL,94,1
N26-094-09611-HILL,96,1
N26-094-09611-HILL,100,1
N26-066-09612-BISS,60,1
N26-066-09612-BISS,61,1
N26-066-09612-BISS,66,1
N26-067-09613-GRIS,60,1
N26-067-09613-GRIS,62,1
N26-067-09613-GRIS,67,1
N26-067-09613-GRIS,96,1
N26-067-09613-GRIS,97,1
N26-058-09614-IKEA,49,1
N26-058-09614-IKEA,53,1
N26-058-09614-IKEA,58,1
N26-074-09615-VOIT,69,1
N26-074-09615-VOIT,70,1
N26-074-09615-VOIT,74,1
N26-046-09616-STER,36,1
N26-046-09616-STER,39,1
N26-046-09616-STER,46,1
N26-032-09617-POLA,28,1
N26-032-09617-POLA,32,1
N26-081-09618-NINT,77,1
N26-081-09618-NINT,80,1
N26-081-09618-NINT,81,1
N26-074-09619-BOWF,69,1
N26-074-09619-BOWF,70,1
N26-074-09619-BOWF,74,1
N26-079-09620-FUNK,77,1
N26-079-09620-FUNK,79,1
N26-079-09620-FUNK,96,1
N26-079-09620-FUNK,97,1
N26-032-09621-HAWK,28,1
N26-032-09621-HAWK,32,1
N26-071-09622-NIKE,69,1
N26-071-09622-NIKE,71,1
N26-023-09623-PIRM,19,1
N26-023-09623-PIRM,20,1
N26-023-09623-PIRM,23,1
N26-023-09623-PIRM,96,1
N26-023-09623-PIRM,98,1
N26-065-09624-MAYB,60,1
N26-065-09624-MAYB,61,1
N26-065-09624-MAYB,65,1
N26-068-09625-GRIS,60,1
N26-068-09625-GRIS,62,1
N26-068-09625-GRIS,68,1
N26-068-09625-GRIS,96,1
N26-068-09625-GRIS,97,1
N26-048-09626-PHIL,36,1
N26-048-09626-PHIL,40,1
N26-048-09626-PHIL,48,1
N26-048-09626-PHIL,96,1
N26-048-09626-PHIL,99,1
N26-075-09627-MAND,69,1
N26-075-09627-MAND,70,1
N26-075-09627-MAND,75,1
N26-075-09627-MAND,96,1
N26-075-09627-MAND,99,1
N26-088-09628-SCRI,84,1
N26-088-09628-SCRI,86,1
N26-088-09628-SCRI,88,1
N26-088-09628-SCRI,96,1
N26-088-09628-SCRI,98,1
N26-087-09629-TRIL,84,1
N26-087-09629-TRIL,85,1
N26-087-09629-TRIL,87,1
N26-017-09630-PUMA,1,1
N26-017-09630-PUMA,4,1
N26-017-09630-PUMA,17,1
N26-032-09631-OAKL,28,1
N26-032-09631-OAKL,32,1
N26-081-09632-VALV,77,1
N26-081-09632-VALV,80,1
N26-081-09632-VALV,81,1
N26-034-09633-HUGO,28,1
N26-034-09633-HUGO,34,1
N26-067-09634-CERA,60,1
N26-067-09634-CERA,62,1
N26-067-09634-CERA,67,1
N26-063-09635-GRIS,60,1
N26-063-09635-GRIS,63,1
N26-067-09636-GRIS,60,1
N26-067-09636-GRIS,62,1
N26-067-09636-GRIS,67,1
N26-055-09637-KOBL,49,1
N26-055-09637-KOBL,51,1
N26-055-09637-KOBL,55,1
N26-011-09638-ZARA,1,1
N26-011-09638-ZARA,4,1
N26-011-09638-ZARA,11,1
N26-011-09638-ZARA,96,1
N26-011-09638-ZARA,97,1
N26-034-09639-DOCK,28,1
N26-034-09639-DOCK,34,1
N26-042-09640-CORS,36,1
N26-042-09640-CORS,37,1
N26-042-09640-CORS,42,1
N26-041-09641-ACER,36,1
N26-041-09641-ACER,37,1
N26-041-09641-ACER,41,1
N26-034-09642-DOCK,28,1
N26-034-09642-DOCK,34,1
N26-034-09642-DOCK,96,1
N26-034-09642-DOCK,99,1
N26-059-09643-LUUN,49,1
N26-059-09643-LUUN,54,1
N26-059-09643-LUUN,59,1
N26-059-09644-SPRI,49,1
N26-059-09644-SPRI,54,1
N26-059-09644-SPRI,59,1
N26-063-09645-GRIS,60,1
N26-063-09645-GRIS,63,1
N26-029-09646-PINE,28,1
N26-029-09646-PINE,29,1
N26-045-09647-STER,36,1
N26-045-09647-STER,38,1
N26-045-09647-STER,45,1
N26-045-09647-STER,96,1
N26-045-09647-STER,97,1
N26-026-09648-DRMA,19,1
N26-026-09648-DRMA,21,1
N26-026-09648-DRMA,26,1
N26-035-09649-SAMS,28,1
N26-035-09649-SAMS,35,1
N26-035-09649-SAMS,96,1
N26-035-09649-SAMS,97,1
N26-065-09650-NYXX,60,1
N26-065-09650-NYXX,61,1
N26-065-09650-NYXX,65,1
N26-065-09650-NYXX,96,1
N26-065-09650-NYXX,98,1
N26-067-09651-CERA,60,1
N26-067-09651-CERA,62,1
N26-067-09651-CERA,67,1
N26-013-09652-LEVI,1,1
N26-013-09652-LEVI,2,1
N26-013-09652-LEVI,13,1
N26-026-09653-DRMA,19,1
N26-026-09653-DRMA,21,1
N26-026-09653-DRMA,26,1
N26-007-09654-CUID,1,1
N26-007-09654-CUID,3,1
N26-007-09654-CUID,7,1
N26-066-09655-BISS,60,1
N26-066-09655-BISS,61,1
N26-066-09655-BISS,66,1
N26-094-09656-ROYA,93,1
N26-094-09656-ROYA,94,1
N26-007-09657-CUID,1,1
N26-007-09657-CUID,3,1
N26-007-09657-CUID,7,1
N26-007-09657-CUID,96,1
N26-007-09657-CUID,99,1
N26-013-09658-ADID,1,1
N26-013-09658-ADID,2,1
N26-013-09658-ADID,13,1
N26-057-09659-GAIA,49,1
N26-057-09659-GAIA,52,1
N26-057-09659-GAIA,57,1
N26-091-09660-MIKE,89,1
N26-091-09660-MIKE,91,1
N26-075-09661-GAIA,69,1
N26-075-09661-GAIA,70,1
N26-075-09661-GAIA,75,1
N26-016-09662-ZARA,1,1
N26-016-09662-ZARA,3,1
N26-016-09662-ZARA,16,1
N26-016-09662-ZARA,96,1
N26-016-09662-ZARA,97,1
N26-067-09663-GRIS,60,1
N26-067-09663-GRIS,62,1
N26-067-09663-GRIS,67,1
N26-067-09663-GRIS,96,1
N26-067-09663-GRIS,98,1
N26-017-09664-HMXX,1,1
N26-017-09664-HMXX,4,1
N26-017-09664-HMXX,17,1
N26-035-09665-PINE,28,1
N26-035-09665-PINE,35,1
N26-012-09666-BERS,1,1
N26-012-09666-BERS,4,1
N26-012-09666-BERS,12,1
N26-005-09667-MASS,1,1
N26-005-09667-MASS,2,1
N26-005-09667-MASS,5,1
N26-068-09668-GRIS,60,1
N26-068-09668-GRIS,62,1
N26-068-09668-GRIS,68,1
N26-068-09668-GRIS,96,1
N26-068-09668-GRIS,98,1
N26-025-09669-ZARA,19,1
N26-025-09669-ZARA,21,1
N26-025-09669-ZARA,25,1
N26-079-09670-DIST,77,1
N26-079-09670-DIST,79,1
N26-032-09671-HAWK,28,1
N26-032-09671-HAWK,32,1
N26-010-09672-CHAR,1,1
N26-010-09672-CHAR,4,1
N26-010-09672-CHAR,10,1
N26-059-09673-VIAN,49,1
N26-059-09673-VIAN,54,1
N26-059-09673-VIAN,59,1
N26-082-09674-LOGI,77,1
N26-082-09674-LOGI,80,1
N26-082-09674-LOGI,82,1
N26-079-09675-DIST,77,1
N26-079-09675-DIST,79,1
N26-058-09676-TAPO,49,1
N26-058-09676-TAPO,53,1
N26-058-09676-TAPO,58,1
N26-058-09676-TAPO,96,1
N26-058-09676-TAPO,100,1
N26-041-09677-LANI,36,1
N26-041-09677-LANI,37,1
N26-041-09677-LANI,41,1
N26-016-09678-MANG,1,1
N26-016-09678-MANG,3,1
N26-016-09678-MANG,16,1
N26-016-09678-MANG,96,1
N26-016-09678-MANG,98,1
N26-031-09679-CITI,28,1
N26-031-09679-CITI,31,1
N26-008-09680-PULL,1,1
N26-008-09680-PULL,3,1
N26-008-09680-PULL,8,1
N26-008-09681-HMXX,1,1
N26-008-09681-HMXX,3,1
N26-008-09681-HMXX,8,1
N26-071-09682-VOIT,69,1
N26-071-09682-VOIT,71,1
N26-011-09683-CHAR,1,1
N26-011-09683-CHAR,4,1
N26-011-09683-CHAR,11,1
N26-008-09684-CUID,1,1
N26-008-09684-CUID,3,1
N26-008-09684-CUID,8,1
N26-082-09685-XBOX,77,1
N26-082-09685-XBOX,80,1
N26-082-09685-XBOX,82,1
N26-057-09686-DICO,49,1
N26-057-09686-DICO,52,1
N26-057-09686-DICO,57,1
N26-057-09686-DICO,96,1
N26-057-09686-DICO,97,1
N26-088-09687-SCRI,84,1
N26-088-09687-SCRI,86,1
N26-088-09687-SCRI,88,1
N26-041-09688-LANI,36,1
N26-041-09688-LANI,37,1
N26-041-09688-LANI,41,1
N26-046-09689-SAMS,36,1
N26-046-09689-SAMS,39,1
N26-046-09689-SAMS,46,1
N26-031-09690-CITI,28,1
N26-031-09690-CITI,31,1
N26-031-09690-CITI,96,1
N26-031-09690-CITI,97,1
N26-014-09691-ZARA,1,1
N26-014-09691-ZARA,2,1
N26-014-09691-ZARA,14,1
N26-067-09692-NEUT,60,1
N26-067-09692-NEUT,62,1
N26-067-09692-NEUT,67,1
N26-075-09693-ADID,69,1
N26-075-09693-ADID,70,1
N26-075-09693-ADID,75,1
N26-065-09694-MACX,60,1
N26-065-09694-MACX,61,1
N26-065-09694-MACX,65,1
N26-065-09694-MACX,96,1
N26-065-09694-MACX,99,1
N26-031-09695-HUAW,28,1
N26-031-09695-HUAW,31,1
N26-064-09696-NATU,60,1
N26-064-09696-NATU,64,1
N26-064-09696-NATU,96,1
N26-064-09696-NATU,98,1
N26-091-09697-3MXX,89,1
N26-091-09697-3MXX,91,1
N26-046-09698-APPL,36,1
N26-046-09698-APPL,39,1
N26-046-09698-APPL,46,1
N26-043-09699-MICR,36,1
N26-043-09699-MICR,37,1
N26-043-09699-MICR,43,1
N26-043-09699-MICR,96,1
N26-043-09699-MICR,100,1
N26-071-09700-VOIT,69,1
N26-071-09700-VOIT,71,1
N26-058-09701-TAPO,49,1
N26-058-09701-TAPO,53,1
N26-058-09701-TAPO,58,1
N26-083-09702-RAVE,77,1
N26-083-09702-RAVE,83,1
N26-083-09702-RAVE,96,1
N26-083-09702-RAVE,100,1
N26-078-09703-MIAL,77,1
N26-078-09703-MIAL,78,1
N26-025-09704-ZARA,19,1
N26-025-09704-ZARA,21,1
N26-025-09704-ZARA,25,1
N26-094-09705-HILL,93,1
N26-094-09705-HILL,94,1
N26-029-09706-PINE,28,1
N26-029-09706-PINE,29,1
N26-075-09707-GAIA,69,1
N26-075-09707-GAIA,70,1
N26-075-09707-GAIA,75,1
N26-075-09707-GAIA,96,1
N26-075-09707-GAIA,97,1
N26-081-09708-XBOX,77,1
N26-081-09708-XBOX,80,1
N26-081-09708-XBOX,81,1
N26-091-09709-ARMO,89,1
N26-091-09709-ARMO,91,1
N26-091-09709-ARMO,96,1
N26-091-09709-ARMO,100,1
N26-072-09710-CHAR,69,1
N26-072-09710-CHAR,72,1
N26-050-09711-EKCO,49,1
N26-050-09711-EKCO,50,1
N26-024-09712-ALDO,19,1
N26-024-09712-ALDO,20,1
N26-024-09712-ALDO,24,1
N26-079-09713-MATT,77,1
N26-079-09713-MATT,79,1
N26-059-09714-IKEA,49,1
N26-059-09714-IKEA,54,1
N26-059-09714-IKEA,59,1
N26-059-09714-IKEA,96,1
N26-059-09714-IKEA,100,1
N26-042-09715-WEST,36,1
N26-042-09715-WEST,37,1
N26-042-09715-WEST,42,1
N26-009-09716-CART,1,1
N26-009-09716-CART,4,1
N26-009-09716-CART,9,1
N26-008-09717-CUID,1,1
N26-008-09717-CUID,3,1
N26-008-09717-CUID,8,1
N26-047-09718-SONO,36,1
N26-047-09718-SONO,39,1
N26-047-09718-SONO,47,1
N26-047-09718-SONO,96,1
N26-047-09718-SONO,97,1
N26-059-09719-LUUN,49,1
N26-059-09719-LUUN,54,1
N26-059-09719-LUUN,59,1
N26-059-09719-LUUN,96,1
N26-059-09719-LUUN,100,1
N26-092-09720-GONH,89,1
N26-092-09720-GONH,92,1
N26-092-09720-GONH,96,1
N26-092-09720-GONH,100,1
N26-029-09721-KIPL,28,1
N26-029-09721-KIPL,29,1
N26-029-09721-KIPL,96,1
N26-029-09721-KIPL,97,1
N26-092-09722-GONH,89,1
N26-092-09722-GONH,92,1
N26-046-09723-STER,36,1
N26-046-09723-STER,39,1
N26-046-09723-STER,46,1
N26-066-09724-MAYB,60,1
N26-066-09724-MAYB,61,1
N26-066-09724-MAYB,66,1
N26-009-09725-CART,1,1
N26-009-09725-CART,4,1
N26-009-09725-CART,9,1
N26-009-09725-CART,96,1
N26-009-09725-CART,97,1
N26-056-09726-KOBL,49,1
N26-056-09726-KOBL,51,1
N26-056-09726-KOBL,56,1
N26-056-09726-KOBL,96,1
N26-056-09726-KOBL,97,1
N26-009-09727-BABY,1,1
N26-009-09727-BABY,4,1
N26-009-09727-BABY,9,1
N26-066-09728-LORA,60,1
N26-066-09728-LORA,61,1
N26-066-09728-LORA,66,1
N26-081-09729-NINT,77,1
N26-081-09729-NINT,80,1
N26-081-09729-NINT,81,1
N26-067-09730-NEUT,60,1
N26-067-09730-NEUT,62,1
N26-067-09730-NEUT,67,1
N26-059-09731-VIAN,49,1
N26-059-09731-VIAN,54,1
N26-059-09731-VIAN,59,1
N26-059-09731-VIAN,96,1
N26-059-09731-VIAN,100,1
N26-074-09732-CAPB,69,1
N26-074-09732-CAPB,70,1
N26-074-09732-CAPB,74,1
N26-064-09733-VERS,60,1
N26-064-09733-VERS,64,1
N26-035-09734-TOMM,28,1
N26-035-09734-TOMM,35,1
N26-013-09735-LEVI,1,1
N26-013-09735-LEVI,2,1
N26-013-09735-LEVI,13,1
N26-013-09735-LEVI,96,1
N26-013-09735-LEVI,97,1
N26-073-09736-SPEC,69,1
N26-073-09736-SPEC,73,1
N26-063-09737-HEAD,60,1
N26-063-09737-HEAD,63,1
N26-064-09738-PAIP,60,1
N26-064-09738-PAIP,64,1
N26-042-09739-WEST,36,1
N26-042-09739-WEST,37,1
N26-042-09739-WEST,42,1
N26-042-09739-WEST,96,1
N26-042-09739-WEST,97,1
N26-005-09740-CUID,1,1
N26-005-09740-CUID,2,1
N26-005-09740-CUID,5,1
N26-014-09741-WRAN,1,1
N26-014-09741-WRAN,2,1
N26-014-09741-WRAN,14,1
N26-014-09741-WRAN,96,1
N26-014-09741-WRAN,100,1
N26-063-09742-LORA,60,1
N26-063-09742-LORA,63,1
N26-063-09742-LORA,96,1
N26-063-09742-LORA,98,1
N26-027-09743-CART,19,1
N26-027-09743-CART,22,1
N26-027-09743-CART,27,1
N26-027-09743-CART,96,1
N26-027-09743-CART,99,1
N26-012-09744-BERS,1,1
N26-012-09744-BERS,4,1
N26-012-09744-BERS,12,1
N26-013-09745-NIKE,1,1
N26-013-09745-NIKE,2,1
N26-013-09745-NIKE,13,1
N26-081-09746-XBOX,77,1
N26-081-09746-XBOX,80,1
N26-081-09746-XBOX,81,1
N26-056-09747-KOBL,49,1
N26-056-09747-KOBL,51,1
N26-056-09747-KOBL,56,1
N26-075-09748-VOIT,69,1
N26-075-09748-VOIT,70,1
N26-075-09748-VOIT,75,1
N26-027-09749-CROC,19,1
N26-027-09749-CROC,22,1
N26-027-09749-CROC,27,1
N26-007-09750-CUID,1,1
N26-007-09750-CUID,3,1
N26-007-09750-CUID,7,1
N26-007-09750-CUID,96,1
N26-007-09750-CUID,97,1
N26-094-09751-PURI,93,1
N26-094-09751-PURI,94,1
N26-046-09752-BOSE,36,1
N26-046-09752-BOSE,39,1
N26-046-09752-BOSE,46,1
N26-058-09753-PHIL,49,1
N26-058-09753-PHIL,53,1
N26-058-09753-PHIL,58,1
N26-083-09754-MATT,77,1
N26-083-09754-MATT,83,1
N26-033-09755-ADID,28,1
N26-033-09755-ADID,33,1
N26-033-09755-ADID,96,1
N26-033-09755-ADID,98,1
N26-044-09756-APPL,36,1
N26-044-09756-APPL,38,1
N26-044-09756-APPL,44,1
N26-042-09757-VORA,36,1
N26-042-09757-VORA,37,1
N26-042-09757-VORA,42,1
N26-011-09758-CART,1,1
N26-011-09758-CART,4,1
N26-011-09758-CART,11,1
N26-010-09759-CHAR,1,1
N26-010-09759-CHAR,4,1
N26-010-09759-CHAR,10,1
N26-029-09760-ADID,28,1
N26-029-09760-ADID,29,1
N26-035-09761-TOMM,28,1
N26-035-09761-TOMM,35,1
N26-035-09761-TOMM,96,1
N26-035-09761-TOMM,98,1
N26-087-09762-PACK,84,1
N26-087-09762-PACK,85,1
N26-087-09762-PACK,87,1
N26-047-09763-STER,36,1
N26-047-09763-STER,39,1
N26-047-09763-STER,47,1
N26-081-09764-XBOX,77,1
N26-081-09764-XBOX,80,1
N26-081-09764-XBOX,81,1
N26-081-09764-XBOX,96,1
N26-081-09764-XBOX,98,1
N26-007-09765-CUID,1,1
N26-007-09765-CUID,3,1
N26-007-09765-CUID,7,1
N26-064-09766-NATU,60,1
N26-064-09766-NATU,64,1
N26-012-09767-CUID,1,1
N26-012-09767-CUID,4,1
N26-012-09767-CUID,12,1
N26-094-09768-NUPE,93,1
N26-094-09768-NUPE,94,1
N26-092-09769-GONH,89,1
N26-092-09769-GONH,92,1
N26-026-09770-FLEX,19,1
N26-026-09770-FLEX,21,1
N26-026-09770-FLEX,26,1
N26-057-09771-ASHL,49,1
N26-057-09771-ASHL,52,1
N26-057-09771-ASHL,57,1
N26-014-09772-CUID,1,1
N26-014-09772-CUID,2,1
N26-014-09772-CUID,14,1
N26-026-09773-SKEC,19,1
N26-026-09773-SKEC,21,1
N26-026-09773-SKEC,26,1
N26-059-09774-SPRI,49,1
N26-059-09774-SPRI,54,1
N26-059-09774-SPRI,59,1
N26-059-09774-SPRI,96,1
N26-059-09774-SPRI,98,1
N26-007-09775-CUID,1,1
N26-007-09775-CUID,3,1
N26-007-09775-CUID,7,1
N26-007-09775-CUID,96,1
N26-007-09775-CUID,99,1
N26-046-09776-SONY,36,1
N26-046-09776-SONY,39,1
N26-046-09776-SONY,46,1
N26-026-09777-TIMB,19,1
N26-026-09777-TIMB,21,1
N26-026-09777-TIMB,26,1
N26-057-09778-GAIA,49,1
N26-057-09778-GAIA,52,1
N26-057-09778-GAIA,57,1
N26-057-09778-GAIA,96,1
N26-057-09778-GAIA,100,1
N26-058-09779-TAPO,49,1
N26-058-09779-TAPO,53,1
N26-058-09779-TAPO,58,1
N26-030-09780-THOM,28,1
N26-030-09780-THOM,30,1
N26-046-09781-STER,36,1
N26-046-09781-STER,39,1
N26-046-09781-STER,46,1
N26-032-09782-VOGU,28,1
N26-032-09782-VOGU,32,1
N26-032-09782-VOGU,96,1
N26-032-09782-VOGU,99,1
N26-034-09783-LEVI,28,1
N26-034-09783-LEVI,34,1
N26-091-09784-MIKE,89,1
N26-091-09784-MIKE,91,1
N26-068-09785-GRIS,60,1
N26-068-09785-GRIS,62,1
N26-068-09785-GRIS,68,1
N26-047-09786-JBLX,36,1
N26-047-09786-JBLX,39,1
N26-047-09786-JBLX,47,1
N26-073-09787-GIAN,69,1
N26-073-09787-GIAN,73,1
N26-044-09788-GOOG,36,1
N26-044-09788-GOOG,38,1
N26-044-09788-GOOG,44,1
N26-017-09789-CUID,1,1
N26-017-09789-CUID,4,1
N26-017-09789-CUID,17,1
N26-065-09790-PAIP,60,1
N26-065-09790-PAIP,61,1
N26-065-09790-PAIP,65,1
N26-035-09791-FOSS,28,1
N26-035-09791-FOSS,35,1
N26-090-09792-BOSC,89,1
N26-090-09792-BOSC,90,1
N26-083-09793-RAVE,77,1
N26-083-09793-RAVE,83,1
N26-045-09794-STER,36,1
N26-045-09794-STER,38,1
N26-045-09794-STER,45,1
N26-044-09795-APPL,36,1
N26-044-09795-APPL,38,1
N26-044-09795-APPL,44,1
N26-056-09796-OSTE,49,1
N26-056-09796-OSTE,51,1
N26-056-09796-OSTE,56,1
N26-023-09797-CHAR,19,1
N26-023-09797-CHAR,20,1
N26-023-09797-CHAR,23,1
N26-088-09798-FELL,84,1
N26-088-09798-FELL,86,1
N26-088-09798-FELL,88,1
N26-091-09799-MIKE,89,1
N26-091-09799-MIKE,91,1
N26-064-09800-CARO,60,1
N26-064-09800-CARO,64,1
N26-034-09801-TOMM,28,1
N26-034-09801-TOMM,34,1
N26-034-09801-TOMM,96,1
N26-034-09801-TOMM,98,1
N26-026-09802-FLEX,19,1
N26-026-09802-FLEX,21,1
N26-026-09802-FLEX,26,1
N26-058-09803-TAPO,49,1
N26-058-09803-TAPO,53,1
N26-058-09803-TAPO,58,1
N26-033-09804-PUMA,28,1
N26-033-09804-PUMA,33,1
N26-035-09805-COAC,28,1
N26-035-09805-COAC,35,1
N26-008-09806-PULL,1,1
N26-008-09806-PULL,3,1
N26-008-09806-PULL,8,1
N26-076-09807-QUEC,69,1
N26-076-09807-QUEC,76,1
N26-075-09808-GAIA,69,1
N26-075-09808-GAIA,70,1
N26-075-09808-GAIA,75,1
N26-074-09809-BOWF,69,1
N26-074-09809-BOWF,70,1
N26-074-09809-BOWF,74,1
N26-046-09810-STER,36,1
N26-046-09810-STER,39,1
N26-046-09810-STER,46,1
N26-031-09811-CITI,28,1
N26-031-09811-CITI,31,1
N26-056-09812-OSTE,49,1
N26-056-09812-OSTE,51,1
N26-056-09812-OSTE,56,1
N26-056-09812-OSTE,96,1
N26-056-09812-OSTE,97,1
N26-007-09813-HMXX,1,1
N26-007-09813-HMXX,3,1
N26-007-09813-HMXX,7,1
N26-007-09813-HMXX,96,1
N26-007-09813-HMXX,97,1
N26-030-09814-TOUS,28,1
N26-030-09814-TOUS,30,1
N26-030-09814-TOUS,96,1
N26-030-09814-TOUS,97,1
N26-014-09815-DOCK,1,1
N26-014-09815-DOCK,2,1
N26-014-09815-DOCK,14,1
N26-014-09815-DOCK,96,1
N26-014-09815-DOCK,98,1
N26-068-09816-ISDI,60,1
N26-068-09816-ISDI,62,1
N26-068-09816-ISDI,68,1
N26-063-09817-GRIS,60,1
N26-063-09817-GRIS,63,1
N26-074-09818-CAPB,69,1
N26-074-09818-CAPB,70,1
N26-074-09818-CAPB,74,1
N26-017-09819-ADID,1,1
N26-017-09819-ADID,4,1
N26-017-09819-ADID,17,1
N26-018-09820-PIRM,1,1
N26-018-09820-PIRM,4,1
N26-018-09820-PIRM,18,1
N26-024-09821-ROCK,19,1
N26-024-09821-ROCK,20,1
N26-024-09821-ROCK,24,1
N26-055-09822-OSTE,49,1
N26-055-09822-OSTE,51,1
N26-055-09822-OSTE,55,1
N26-029-09823-HERS,28,1
N26-029-09823-HERS,29,1
N26-047-09824-STER,36,1
N26-047-09824-STER,39,1
N26-047-09824-STER,47,1
N26-032-09825-RAYB,28,1
N26-032-09825-RAYB,32,1
N26-014-09826-ZARA,1,1
N26-014-09826-ZARA,2,1
N26-014-09826-ZARA,14,1
N26-014-09826-ZARA,96,1
N26-014-09826-ZARA,99,1
N26-056-09827-NESP,49,1
N26-056-09827-NESP,51,1
N26-056-09827-NESP,56,1
N26-056-09827-NESP,96,1
N26-056-09827-NESP,97,1
N26-074-09828-EVER,69,1
N26-074-09828-EVER,70,1
N26-074-09828-EVER,74,1
N26-032-09829-HAWK,28,1
N26-032-09829-HAWK,32,1
N26-058-09830-STER,49,1
N26-058-09830-STER,53,1
N26-058-09830-STER,58,1
N26-015-09831-MANG,1,1
N26-015-09831-MANG,3,1
N26-015-09831-MANG,15,1
N26-035-09832-COAC,28,1
N26-035-09832-COAC,35,1
N26-016-09833-ZARA,1,1
N26-016-09833-ZARA,3,1
N26-016-09833-ZARA,16,1
N26-016-09833-ZARA,96,1
N26-016-09833-ZARA,97,1
N26-035-09834-TOMM,28,1
N26-035-09834-TOMM,35,1
N26-018-09835-PIRM,1,1
N26-018-09835-PIRM,4,1
N26-018-09835-PIRM,18,1
N26-018-09835-PIRM,96,1
N26-018-09835-PIRM,97,1
N26-041-09836-ACER,36,1
N26-041-09836-ACER,37,1
N26-041-09836-ACER,41,1
N26-076-09837-NATU,69,1
N26-076-09837-NATU,76,1
N26-017-09838-NIKE,1,1
N26-017-09838-NIKE,4,1
N26-017-09838-NIKE,17,1
N26-009-09839-GERB,1,1
N26-009-09839-GERB,4,1
N26-009-09839-GERB,9,1
N26-009-09839-GERB,96,1
N26-009-09839-GERB,99,1
N26-032-09840-POLA,28,1
N26-032-09840-POLA,32,1
N26-079-09841-DIST,77,1
N26-079-09841-DIST,79,1
N26-044-09842-GOOG,36,1
N26-044-09842-GOOG,38,1
N26-044-09842-GOOG,44,1
N26-044-09842-GOOG,96,1
N26-044-09842-GOOG,98,1
N26-010-09843-HMXX,1,1
N26-010-09843-HMXX,4,1
N26-010-09843-HMXX,10,1
N26-072-09844-CHAR,69,1
N26-072-09844-CHAR,72,1
N26-056-09845-KOBL,49,1
N26-056-09845-KOBL,51,1
N26-056-09845-KOBL,56,1
N26-056-09845-KOBL,96,1
N26-056-09845-KOBL,100,1
N26-030-09846-SWAR,28,1
N26-030-09846-SWAR,30,1
N26-030-09846-SWAR,96,1
N26-030-09846-SWAR,99,1
N26-018-09847-ADID,1,1
N26-018-09847-ADID,4,1
N26-018-09847-ADID,18,1
N26-018-09847-ADID,96,1
N26-018-09847-ADID,97,1
N26-016-09848-HMXX,1,1
N26-016-09848-HMXX,3,1
N26-016-09848-HMXX,16,1
N26-048-09849-SAMS,36,1
N26-048-09849-SAMS,40,1
N26-048-09849-SAMS,48,1
N26-063-09850-PANT,60,1
N26-063-09850-PANT,63,1
N26-068-09851-GRIS,60,1
N26-068-09851-GRIS,62,1
N26-068-09851-GRIS,68,1
N26-013-09852-LEVI,1,1
N26-013-09852-LEVI,2,1
N26-013-09852-LEVI,13,1
N26-046-09853-STER,36,1
N26-046-09853-STER,39,1
N26-046-09853-STER,46,1
N26-046-09854-STER,36,1
N26-046-09854-STER,39,1
N26-046-09854-STER,46,1
N26-008-09855-CUID,1,1
N26-008-09855-CUID,3,1
N26-008-09855-CUID,8,1
N26-008-09855-CUID,96,1
N26-008-09855-CUID,97,1
N26-006-09856-ZARA,1,1
N26-006-09856-ZARA,2,1
N26-006-09856-ZARA,6,1
N26-066-09857-BISS,60,1
N26-066-09857-BISS,61,1
N26-066-09857-BISS,66,1
N26-065-09858-PAIP,60,1
N26-065-09858-PAIP,61,1
N26-065-09858-PAIP,65,1
N26-065-09858-PAIP,96,1
N26-065-09858-PAIP,97,1
N26-095-09859-NUPE,93,1
N26-095-09859-NUPE,95,1
N26-026-09860-FLEX,19,1
N26-026-09860-FLEX,21,1
N26-026-09860-FLEX,26,1
N26-006-09861-HMXX,1,1
N26-006-09861-HMXX,2,1
N26-006-09861-HMXX,6,1
N26-043-09862-RAZE,36,1
N26-043-09862-RAZE,37,1
N26-043-09862-RAZE,43,1
N26-015-09863-MANG,1,1
N26-015-09863-MANG,3,1
N26-015-09863-MANG,15,1
N26-081-09864-NINT,77,1
N26-081-09864-NINT,80,1
N26-081-09864-NINT,81,1
N26-009-09865-GERB,1,1
N26-009-09865-GERB,4,1
N26-009-09865-GERB,9,1
N26-071-09866-VOIT,69,1
N26-071-09866-VOIT,71,1
N26-046-09867-SONY,36,1
N26-046-09867-SONY,39,1
N26-046-09867-SONY,46,1
N26-047-09868-SONY,36,1
N26-047-09868-SONY,39,1
N26-047-09868-SONY,47,1
N26-047-09868-SONY,96,1
N26-047-09868-SONY,97,1
N26-075-09869-VOIT,69,1
N26-075-09869-VOIT,70,1
N26-075-09869-VOIT,75,1
N26-045-09870-OTTE,36,1
N26-045-09870-OTTE,38,1
N26-045-09870-OTTE,45,1
N26-050-09871-EKCO,49,1
N26-050-09871-EKCO,50,1
N26-005-09872-MASS,1,1
N26-005-09872-MASS,2,1
N26-005-09872-MASS,5,1
N26-032-09873-RAYB,28,1
N26-032-09873-RAYB,32,1
N26-025-09874-ALDO,19,1
N26-025-09874-ALDO,21,1
N26-025-09874-ALDO,25,1
N26-031-09875-CITI,28,1
N26-031-09875-CITI,31,1
N26-094-09876-NUPE,93,1
N26-094-09876-NUPE,94,1
N26-073-09877-SHIM,69,1
N26-073-09877-SHIM,73,1
N26-010-09878-CART,1,1
N26-010-09878-CART,4,1
N26-010-09878-CART,10,1
N26-032-09879-HAWK,28,1
N26-032-09879-HAWK,32,1
N26-068-09880-LARO,60,1
N26-068-09880-LARO,62,1
N26-068-09880-LARO,68,1
N26-067-09881-NEUT,60,1
N26-067-09881-NEUT,62,1
N26-067-09881-NEUT,67,1
N26-065-09882-BISS,60,1
N26-065-09882-BISS,61,1
N26-065-09882-BISS,65,1
N26-041-09883-LANI,36,1
N26-041-09883-LANI,37,1
N26-041-09883-LANI,41,1
N26-041-09883-LANI,96,1
N26-041-09883-LANI,99,1
N26-011-09884-CHAR,1,1
N26-011-09884-CHAR,4,1
N26-011-09884-CHAR,11,1
N26-083-09885-DEVI,77,1
N26-083-09885-DEVI,83,1
N26-081-09886-XBOX,77,1
N26-081-09886-XBOX,80,1
N26-081-09886-XBOX,81,1
N26-008-09887-PULL,1,1
N26-008-09887-PULL,3,1
N26-008-09887-PULL,8,1
N26-041-09888-HPXX,36,1
N26-041-09888-HPXX,37,1
N26-041-09888-HPXX,41,1
N26-023-09889-PIRM,19,1
N26-023-09889-PIRM,20,1
N26-023-09889-PIRM,23,1
N26-094-09890-NUPE,93,1
N26-094-09890-NUPE,94,1
N26-041-09891-DELL,36,1
N26-041-09891-DELL,37,1
N26-041-09891-DELL,41,1
N26-041-09891-DELL,96,1
N26-041-09891-DELL,99,1
N26-090-09892-MIKE,89,1
N26-090-09892-MIKE,90,1
N26-059-09893-IKEA,49,1
N26-059-09893-IKEA,54,1
N26-059-09893-IKEA,59,1
N26-071-09894-PIRM,69,1
N26-071-09894-PIRM,71,1
N26-068-09895-GRIS,60,1
N26-068-09895-GRIS,62,1
N26-068-09895-GRIS,68,1
N26-068-09895-GRIS,96,1
N26-068-09895-GRIS,99,1
N26-066-09896-LORA,60,1
N26-066-09896-LORA,61,1
N26-066-09896-LORA,66,1
N26-066-09897-BISS,60,1
N26-066-09897-BISS,61,1
N26-066-09897-BISS,66,1
N26-048-09898-SAMS,36,1
N26-048-09898-SAMS,40,1
N26-048-09898-SAMS,48,1
N26-046-09899-SONY,36,1
N26-046-09899-SONY,39,1
N26-046-09899-SONY,46,1
N26-009-09900-HMXX,1,1
N26-009-09900-HMXX,4,1
N26-009-09900-HMXX,9,1
N26-087-09901-TRIL,84,1
N26-087-09901-TRIL,85,1
N26-087-09901-TRIL,87,1
N26-055-09902-HAMI,49,1
N26-055-09902-HAMI,51,1
N26-055-09902-HAMI,55,1
N26-006-09903-BERS,1,1
N26-006-09903-BERS,2,1
N26-006-09903-BERS,6,1
N26-006-09903-BERS,96,1
N26-006-09903-BERS,98,1
N26-050-09904-KITC,49,1
N26-050-09904-KITC,50,1
N26-095-09905-NUPE,93,1
N26-095-09905-NUPE,95,1
N26-078-09906-LEGO,77,1
N26-078-09906-LEGO,78,1
N26-082-09907-PLAY,77,1
N26-082-09907-PLAY,80,1
N26-082-09907-PLAY,82,1
N26-059-09908-SPRI,49,1
N26-059-09908-SPRI,54,1
N26-059-09908-SPRI,59,1
N26-059-09908-SPRI,96,1
N26-059-09908-SPRI,99,1
N26-023-09909-CHAR,19,1
N26-023-09909-CHAR,20,1
N26-023-09909-CHAR,23,1
N26-005-09910-CUID,1,1
N26-005-09910-CUID,2,1
N26-005-09910-CUID,5,1
N26-056-09911-DELO,49,1
N26-056-09911-DELO,51,1
N26-056-09911-DELO,56,1
N26-025-09912-FLEX,19,1
N26-025-09912-FLEX,21,1
N26-025-09912-FLEX,25,1
N26-064-09913-PAIP,60,1
N26-064-09913-PAIP,64,1
N26-008-09914-ZARA,1,1
N26-008-09914-ZARA,3,1
N26-008-09914-ZARA,8,1
N26-066-09915-MACX,60,1
N26-066-09915-MACX,61,1
N26-066-09915-MACX,66,1
N26-075-09916-ADID,69,1
N26-075-09916-ADID,70,1
N26-075-09916-ADID,75,1
N26-075-09916-ADID,96,1
N26-075-09916-ADID,98,1
N26-027-09917-NIKE,19,1
N26-027-09917-NIKE,22,1
N26-027-09917-NIKE,27,1
N26-024-09918-HUSH,19,1
N26-024-09918-HUSH,20,1
N26-024-09918-HUSH,24,1
N26-066-09919-LORA,60,1
N26-066-09919-LORA,61,1
N26-066-09919-LORA,66,1
N26-063-09920-LORA,60,1
N26-063-09920-LORA,63,1
N26-045-09921-ESRX,36,1
N26-045-09921-ESRX,38,1
N26-045-09921-ESRX,45,1
N26-068-09922-GRIS,60,1
N26-068-09922-GRIS,62,1
N26-068-09922-GRIS,68,1
N26-023-09923-CHAR,19,1
N26-023-09923-CHAR,20,1
N26-023-09923-CHAR,23,1
N26-057-09924-GAIA,49,1
N26-057-09924-GAIA,52,1
N26-057-09924-GAIA,57,1
N26-057-09924-GAIA,96,1
N26-057-09924-GAIA,97,1
N26-008-09925-CUID,1,1
N26-008-09925-CUID,3,1
N26-008-09925-CUID,8,1
N26-059-09926-LUUN,49,1
N26-059-09926-LUUN,54,1
N26-059-09926-LUUN,59,1
N26-024-09927-ALDO,19,1
N26-024-09927-ALDO,20,1
N26-024-09927-ALDO,24,1
N26-024-09927-ALDO,96,1
N26-024-09927-ALDO,98,1
N26-075-09928-VOIT,69,1
N26-075-09928-VOIT,70,1
N26-075-09928-VOIT,75,1
N26-025-09929-STEV,19,1
N26-025-09929-STEV,21,1
N26-025-09929-STEV,25,1
N26-088-09930-FELL,84,1
N26-088-09930-FELL,86,1
N26-088-09930-FELL,88,1
N26-048-09931-SAMS,36,1
N26-048-09931-SAMS,40,1
N26-048-09931-SAMS,48,1
N26-048-09931-SAMS,96,1
N26-048-09931-SAMS,99,1
N26-044-09932-LANI,36,1
N26-044-09932-LANI,38,1
N26-044-09932-LANI,44,1
N26-044-09932-LANI,96,1
N26-044-09932-LANI,99,1
N26-030-09933-SWAR,28,1
N26-030-09933-SWAR,30,1
N26-095-09934-NUPE,93,1
N26-095-09934-NUPE,95,1
N26-016-09935-CAXX,1,1
N26-016-09935-CAXX,3,1
N26-016-09935-CAXX,16,1
N26-046-09936-SONY,36,1
N26-046-09936-SONY,39,1
N26-046-09936-SONY,46,1
N26-026-09937-FLEX,19,1
N26-026-09937-FLEX,21,1
N26-026-09937-FLEX,26,1
N26-033-09938-UNDE,28,1
N26-033-09938-UNDE,33,1
N26-018-09939-PIRM,1,1
N26-018-09939-PIRM,4,1
N26-018-09939-PIRM,18,1
N26-055-09940-MABE,49,1
N26-055-09940-MABE,51,1
N26-055-09940-MABE,55,1
N26-055-09940-MABE,96,1
N26-055-09940-MABE,99,1
N26-015-09941-HMXX,1,1
N26-015-09941-HMXX,3,1
N26-015-09941-HMXX,15,1
N26-067-09942-CERA,60,1
N26-067-09942-CERA,62,1
N26-067-09942-CERA,67,1
N26-078-09943-NATI,77,1
N26-078-09943-NATI,78,1
N26-009-09944-HMXX,1,1
N26-009-09944-HMXX,4,1
N26-009-09944-HMXX,9,1
N26-064-09945-VERS,60,1
N26-064-09945-VERS,64,1
N26-064-09945-VERS,96,1
N26-064-09945-VERS,99,1
N26-091-09946-3MXX,89,1
N26-091-09946-3MXX,91,1
N26-091-09946-3MXX,96,1
N26-091-09946-3MXX,99,1
N26-065-09947-PAIP,60,1
N26-065-09947-PAIP,61,1
N26-065-09947-PAIP,65,1
N26-031-09948-HUAW,28,1
N26-031-09948-HUAW,31,1
N26-083-09949-RAVE,77,1
N26-083-09949-RAVE,83,1
N26-083-09949-RAVE,96,1
N26-083-09949-RAVE,99,1
N26-090-09950-MIKE,89,1
N26-090-09950-MIKE,90,1
N26-056-09951-KOBL,49,1
N26-056-09951-KOBL,51,1
N26-056-09951-KOBL,56,1
N26-056-09951-KOBL,96,1
N26-056-09951-KOBL,97,1
N26-042-09952-ASUS,36,1
N26-042-09952-ASUS,37,1
N26-042-09952-ASUS,42,1
N26-024-09953-ROCK,19,1
N26-024-09953-ROCK,20,1
N26-024-09953-ROCK,24,1
N26-045-09954-STER,36,1
N26-045-09954-STER,38,1
N26-045-09954-STER,45,1
N26-092-09955-GONH,89,1
N26-092-09955-GONH,92,1
N26-095-09956-NUPE,93,1
N26-095-09956-NUPE,95,1
N26-076-09957-QUEC,69,1
N26-076-09957-QUEC,76,1
N26-058-09958-TECN,49,1
N26-058-09958-TECN,53,1
N26-058-09958-TECN,58,1
N26-088-09959-ZEBR,84,1
N26-088-09959-ZEBR,86,1
N26-088-09959-ZEBR,88,1
N26-026-09960-CATE,19,1
N26-026-09960-CATE,21,1
N26-026-09960-CATE,26,1
N26-095-09961-NUPE,93,1
N26-095-09961-NUPE,95,1
N26-044-09962-LANI,36,1
N26-044-09962-LANI,38,1
N26-044-09962-LANI,44,1
N26-044-09962-LANI,96,1
N26-044-09962-LANI,98,1
N26-030-09963-PAND,28,1
N26-030-09963-PAND,30,1
N26-045-09964-STER,36,1
N26-045-09964-STER,38,1
N26-045-09964-STER,45,1
N26-045-09964-STER,96,1
N26-045-09964-STER,98,1
N26-033-09965-PUMA,28,1
N26-033-09965-PUMA,33,1
N26-033-09965-PUMA,96,1
N26-033-09965-PUMA,99,1
N26-010-09966-PIRM,1,1
N26-010-09966-PIRM,4,1
N26-010-09966-PIRM,10,1
N26-010-09966-PIRM,96,1
N26-010-09966-PIRM,98,1
N26-072-09967-CHAR,69,1
N26-072-09967-CHAR,72,1
N26-072-09967-CHAR,96,1
N26-072-09967-CHAR,97,1
N26-032-09968-OAKL,28,1
N26-032-09968-OAKL,32,1
N26-078-09969-MIAL,77,1
N26-078-09969-MIAL,78,1
N26-034-09970-LEVI,28,1
N26-034-09970-LEVI,34,1
N26-058-09971-TAPO,49,1
N26-058-09971-TAPO,53,1
N26-058-09971-TAPO,58,1
N26-041-09972-LENO,36,1
N26-041-09972-LENO,37,1
N26-041-09972-LENO,41,1
N26-007-09973-MANG,1,1
N26-007-09973-MANG,3,1
N26-007-09973-MANG,7,1
N26-041-09974-LANI,36,1
N26-041-09974-LANI,37,1
N26-041-09974-LANI,41,1
N26-087-09975-MCGR,84,1
N26-087-09975-MCGR,85,1
N26-087-09975-MCGR,87,1
N26-091-09976-3MXX,89,1
N26-091-09976-3MXX,91,1
N26-074-09977-VOIT,69,1
N26-074-09977-VOIT,70,1
N26-074-09977-VOIT,74,1
N26-074-09977-VOIT,96,1
N26-074-09977-VOIT,98,1
N26-005-09978-CUID,1,1
N26-005-09978-CUID,2,1
N26-005-09978-CUID,5,1
N26-090-09979-BOSC,89,1
N26-090-09979-BOSC,90,1
N26-090-09979-BOSC,96,1
N26-090-09979-BOSC,97,1
N26-012-09980-ZARA,1,1
N26-012-09980-ZARA,4,1
N26-012-09980-ZARA,12,1
